2025-04-28 17:04:42,900 - INFO - HTTP Request: POST https://api.telegram.org/bot7679333451:AAGmlWKFP5uSjmUmuqGR0RIHcmuVoyt8A1g/getMe "HTTP/1.1 200 OK"
2025-04-28 17:04:43,103 - INFO - HTTP Request: POST https://api.telegram.org/bot7679333451:AAGmlWKFP5uSjmUmuqGR0RIHcmuVoyt8A1g/deleteWebhook "HTTP/1.1 200 OK"
2025-04-28 17:04:43,105 - INFO - Scheduler started
2025-04-28 17:04:43,105 - INFO - Application started
2025-04-28 17:04:47,960 - INFO - HTTP Request: POST https://api.telegram.org/bot7679333451:AAGmlWKFP5uSjmUmuqGR0RIHcmuVoyt8A1g/getUpdates "HTTP/1.1 200 OK"
2025-04-28 17:04:47,961 - INFO - \U0001f4e9 Pesan diterima dari User 6643021370: tes
2025-04-28 17:04:48,581 - INFO - HTTP Request: POST https://api.telegram.org/bot7679333451:AAGmlWKFP5uSjmUmuqGR0RIHcmuVoyt8A1g/sendMessage "HTTP/1.1 200 OK"
2025-04-28 17:04:58,337 - INFO - HTTP Request: POST https://api.telegram.org/bot7679333451:AAGmlWKFP5uSjmUmuqGR0RIHcmuVoyt8A1g/getUpdates "HTTP/1.1 200 OK"
2025-04-28 17:05:08,530 - INFO - HTTP Request: POST https://api.telegram.org/bot7679333451:AAGmlWKFP5uSjmUmuqGR0RIHcmuVoyt8A1g/getUpdates "HTTP/1.1 200 OK"
2025-04-28 17:05:18,726 - INFO - HTTP Request: POST https://api.telegram.org/bot7679333451:AAGmlWKFP5uSjmUmuqGR0RIHcmuVoyt8A1g/getUpdates "HTTP/1.1 200 OK"
2025-04-28 17:05:29,099 - INFO - HTTP Request: POST https://api.telegram.org/bot7679333451:AAGmlWKFP5uSjmUmuqGR0RIHcmuVoyt8A1g/getUpdates "HTTP/1.1 200 OK"
2025-04-28 17:05:39,292 - INFO - HTTP Request: POST https://api.telegram.org/bot7679333451:AAGmlWKFP5uSjmUmuqGR0RIHcmuVoyt8A1g/getUpdates "HTTP/1.1 200 OK"
2025-04-28 17:05:49,486 - INFO - HTTP Request: POST https://api.telegram.org/bot7679333451:AAGmlWKFP5uSjmUmuqGR0RIHcmuVoyt8A1g/getUpdates "HTTP/1.1 200 OK"
2025-04-28 17:05:59,678 - INFO - HTTP Request: POST https://api.telegram.org/bot7679333451:AAGmlWKFP5uSjmUmuqGR0RIHcmuVoyt8A1g/getUpdates "HTTP/1.1 200 OK"
2025-04-28 17:06:09,873 - INFO - HTTP Request: POST https://api.telegram.org/bot7679333451:AAGmlWKFP5uSjmUmuqGR0RIHcmuVoyt8A1g/getUpdates "HTTP/1.1 200 OK"
2025-04-28 17:06:27,718 - INFO - HTTP Request: POST https://api.telegram.org/bot7679333451:AAGmlWKFP5uSjmUmuqGR0RIHcmuVoyt8A1g/getMe "HTTP/1.1 200 OK"
2025-04-28 17:06:27,934 - INFO - HTTP Request: POST https://api.telegram.org/bot7679333451:AAGmlWKFP5uSjmUmuqGR0RIHcmuVoyt8A1g/deleteWebhook "HTTP/1.1 200 OK"
2025-04-28 17:06:27,935 - INFO - Scheduler started
2025-04-28 17:06:27,936 - INFO - Application started
2025-04-28 17:06:28,781 - INFO - HTTP Request: POST https://api.telegram.org/bot7679333451:AAGmlWKFP5uSjmUmuqGR0RIHcmuVoyt8A1g/getUpdates "HTTP/1.1 200 OK"
2025-04-28 17:06:28,782 - INFO - \U0001f4e9 Pesan diterima dari User 6643021370: tes
2025-04-28 17:06:29,194 - INFO - HTTP Request: POST https://api.telegram.org/bot7679333451:AAGmlWKFP5uSjmUmuqGR0RIHcmuVoyt8A1g/sendMessage "HTTP/1.1 200 OK"
2025-04-28 17:06:56,732 - INFO - HTTP Request: POST https://api.telegram.org/bot7679333451:AAGmlWKFP5uSjmUmuqGR0RIHcmuVoyt8A1g/getMe "HTTP/1.1 200 OK"
2025-04-28 17:06:56,976 - INFO - HTTP Request: POST https://api.telegram.org/bot7679333451:AAGmlWKFP5uSjmUmuqGR0RIHcmuVoyt8A1g/deleteWebhook "HTTP/1.1 200 OK"
2025-04-28 17:06:56,977 - INFO - Scheduler started
2025-04-28 17:06:56,977 - INFO - Application started
2025-04-28 17:06:57,813 - INFO - HTTP Request: POST https://api.telegram.org/bot7679333451:AAGmlWKFP5uSjmUmuqGR0RIHcmuVoyt8A1g/getUpdates "HTTP/1.1 200 OK"
2025-04-28 17:06:57,814 - INFO - \U0001f4e9 Pesan diterima dari User 6643021370: tes
2025-04-28 17:06:58,244 - INFO - HTTP Request: POST https://api.telegram.org/bot7679333451:AAGmlWKFP5uSjmUmuqGR0RIHcmuVoyt8A1g/sendMessage "HTTP/1.1 200 OK"
2025-04-28 17:07:08,263 - INFO - HTTP Request: POST https://api.telegram.org/bot7679333451:AAGmlWKFP5uSjmUmuqGR0RIHcmuVoyt8A1g/getUpdates "HTTP/1.1 200 OK"
2025-04-28 17:07:18,482 - INFO - HTTP Request: POST https://api.telegram.org/bot7679333451:AAGmlWKFP5uSjmUmuqGR0RIHcmuVoyt8A1g/getUpdates "HTTP/1.1 200 OK"
2025-04-28 17:07:28,693 - INFO - HTTP Request: POST https://api.telegram.org/bot7679333451:AAGmlWKFP5uSjmUmuqGR0RIHcmuVoyt8A1g/getUpdates "HTTP/1.1 200 OK"
2025-04-28 17:07:38,907 - INFO - HTTP Request: POST https://api.telegram.org/bot7679333451:AAGmlWKFP5uSjmUmuqGR0RIHcmuVoyt8A1g/getUpdates "HTTP/1.1 200 OK"
2025-04-28 17:07:49,116 - INFO - HTTP Request: POST https://api.telegram.org/bot7679333451:AAGmlWKFP5uSjmUmuqGR0RIHcmuVoyt8A1g/getUpdates "HTTP/1.1 200 OK"
2025-04-28 17:07:59,331 - INFO - HTTP Request: POST https://api.telegram.org/bot7679333451:AAGmlWKFP5uSjmUmuqGR0RIHcmuVoyt8A1g/getUpdates "HTTP/1.1 200 OK"
2025-04-28 17:08:09,541 - INFO - HTTP Request: POST https://api.telegram.org/bot7679333451:AAGmlWKFP5uSjmUmuqGR0RIHcmuVoyt8A1g/getUpdates "HTTP/1.1 200 OK"
2025-04-28 17:08:19,751 - INFO - HTTP Request: POST https://api.telegram.org/bot7679333451:AAGmlWKFP5uSjmUmuqGR0RIHcmuVoyt8A1g/getUpdates "HTTP/1.1 200 OK"
2025-04-28 17:08:29,962 - INFO - HTTP Request: POST https://api.telegram.org/bot7679333451:AAGmlWKFP5uSjmUmuqGR0RIHcmuVoyt8A1g/getUpdates "HTTP/1.1 200 OK"
2025-04-28 17:08:40,172 - INFO - HTTP Request: POST https://api.telegram.org/bot7679333451:AAGmlWKFP5uSjmUmuqGR0RIHcmuVoyt8A1g/getUpdates "HTTP/1.1 200 OK"
2025-04-28 17:08:50,578 - INFO - HTTP Request: POST https://api.telegram.org/bot7679333451:AAGmlWKFP5uSjmUmuqGR0RIHcmuVoyt8A1g/getUpdates "HTTP/1.1 200 OK"
2025-04-28 17:09:00,982 - INFO - HTTP Request: POST https://api.telegram.org/bot7679333451:AAGmlWKFP5uSjmUmuqGR0RIHcmuVoyt8A1g/getUpdates "HTTP/1.1 200 OK"
2025-04-28 17:09:11,193 - INFO - HTTP Request: POST https://api.telegram.org/bot7679333451:AAGmlWKFP5uSjmUmuqGR0RIHcmuVoyt8A1g/getUpdates "HTTP/1.1 200 OK"
2025-04-28 17:09:21,404 - INFO - HTTP Request: POST https://api.telegram.org/bot7679333451:AAGmlWKFP5uSjmUmuqGR0RIHcmuVoyt8A1g/getUpdates "HTTP/1.1 200 OK"
2025-04-28 17:09:31,807 - INFO - HTTP Request: POST https://api.telegram.org/bot7679333451:AAGmlWKFP5uSjmUmuqGR0RIHcmuVoyt8A1g/getUpdates "HTTP/1.1 200 OK"
2025-04-28 17:09:42,210 - INFO - HTTP Request: POST https://api.telegram.org/bot7679333451:AAGmlWKFP5uSjmUmuqGR0RIHcmuVoyt8A1g/getUpdates "HTTP/1.1 200 OK"
2025-04-28 17:09:53,983 - INFO - HTTP Request: POST https://api.telegram.org/bot7679333451:AAGmlWKFP5uSjmUmuqGR0RIHcmuVoyt8A1g/getMe "HTTP/1.1 200 OK"
2025-04-28 17:09:54,179 - INFO - HTTP Request: POST https://api.telegram.org/bot7679333451:AAGmlWKFP5uSjmUmuqGR0RIHcmuVoyt8A1g/deleteWebhook "HTTP/1.1 200 OK"
2025-04-28 17:09:54,180 - INFO - Scheduler started
2025-04-28 17:09:54,181 - INFO - Application started
2025-04-28 17:09:54,957 - INFO - HTTP Request: POST https://api.telegram.org/bot7679333451:AAGmlWKFP5uSjmUmuqGR0RIHcmuVoyt8A1g/getUpdates "HTTP/1.1 200 OK"
2025-04-28 17:09:54,957 - INFO - \U0001f4e9 Pesan diterima dari User 6643021370: halo
2025-04-28 17:09:55,615 - INFO - HTTP Request: POST https://api.telegram.org/bot7679333451:AAGmlWKFP5uSjmUmuqGR0RIHcmuVoyt8A1g/sendMessage "HTTP/1.1 200 OK"
2025-04-28 17:10:05,373 - INFO - HTTP Request: POST https://api.telegram.org/bot7679333451:AAGmlWKFP5uSjmUmuqGR0RIHcmuVoyt8A1g/getUpdates "HTTP/1.1 200 OK"
2025-04-28 17:10:15,752 - INFO - HTTP Request: POST https://api.telegram.org/bot7679333451:AAGmlWKFP5uSjmUmuqGR0RIHcmuVoyt8A1g/getUpdates "HTTP/1.1 200 OK"
2025-04-28 17:10:25,950 - INFO - HTTP Request: POST https://api.telegram.org/bot7679333451:AAGmlWKFP5uSjmUmuqGR0RIHcmuVoyt8A1g/getUpdates "HTTP/1.1 200 OK"
2025-04-28 17:10:36,146 - INFO - HTTP Request: POST https://api.telegram.org/bot7679333451:AAGmlWKFP5uSjmUmuqGR0RIHcmuVoyt8A1g/getUpdates "HTTP/1.1 200 OK"
2025-04-28 17:10:46,341 - INFO - HTTP Request: POST https://api.telegram.org/bot7679333451:AAGmlWKFP5uSjmUmuqGR0RIHcmuVoyt8A1g/getUpdates "HTTP/1.1 200 OK"
2025-04-28 17:10:56,543 - INFO - HTTP Request: POST https://api.telegram.org/bot7679333451:AAGmlWKFP5uSjmUmuqGR0RIHcmuVoyt8A1g/getUpdates "HTTP/1.1 200 OK"
2025-04-28 17:11:06,921 - INFO - HTTP Request: POST https://api.telegram.org/bot7679333451:AAGmlWKFP5uSjmUmuqGR0RIHcmuVoyt8A1g/getUpdates "HTTP/1.1 200 OK"
2025-04-28 17:11:17,119 - INFO - HTTP Request: POST https://api.telegram.org/bot7679333451:AAGmlWKFP5uSjmUmuqGR0RIHcmuVoyt8A1g/getUpdates "HTTP/1.1 200 OK"
2025-04-28 17:11:27,491 - INFO - HTTP Request: POST https://api.telegram.org/bot7679333451:AAGmlWKFP5uSjmUmuqGR0RIHcmuVoyt8A1g/getUpdates "HTTP/1.1 200 OK"
2025-04-28 17:11:37,690 - INFO - HTTP Request: POST https://api.telegram.org/bot7679333451:AAGmlWKFP5uSjmUmuqGR0RIHcmuVoyt8A1g/getUpdates "HTTP/1.1 200 OK"
2025-04-28 17:11:47,886 - INFO - HTTP Request: POST https://api.telegram.org/bot7679333451:AAGmlWKFP5uSjmUmuqGR0RIHcmuVoyt8A1g/getUpdates "HTTP/1.1 200 OK"
2025-04-28 17:11:58,083 - INFO - HTTP Request: POST https://api.telegram.org/bot7679333451:AAGmlWKFP5uSjmUmuqGR0RIHcmuVoyt8A1g/getUpdates "HTTP/1.1 200 OK"
2025-04-28 17:12:08,455 - INFO - HTTP Request: POST https://api.telegram.org/bot7679333451:AAGmlWKFP5uSjmUmuqGR0RIHcmuVoyt8A1g/getUpdates "HTTP/1.1 200 OK"
2025-04-28 17:12:18,651 - INFO - HTTP Request: POST https://api.telegram.org/bot7679333451:AAGmlWKFP5uSjmUmuqGR0RIHcmuVoyt8A1g/getUpdates "HTTP/1.1 200 OK"
2025-04-28 17:12:29,030 - INFO - HTTP Request: POST https://api.telegram.org/bot7679333451:AAGmlWKFP5uSjmUmuqGR0RIHcmuVoyt8A1g/getUpdates "HTTP/1.1 200 OK"
2025-04-28 17:12:39,405 - INFO - HTTP Request: POST https://api.telegram.org/bot7679333451:AAGmlWKFP5uSjmUmuqGR0RIHcmuVoyt8A1g/getUpdates "HTTP/1.1 200 OK"
2025-04-28 17:12:49,601 - INFO - HTTP Request: POST https://api.telegram.org/bot7679333451:AAGmlWKFP5uSjmUmuqGR0RIHcmuVoyt8A1g/getUpdates "HTTP/1.1 200 OK"
2025-04-28 17:13:15,939 - INFO - HTTP Request: POST https://api.telegram.org/bot7679333451:AAGmlWKFP5uSjmUmuqGR0RIHcmuVoyt8A1g/getMe "HTTP/1.1 200 OK"
2025-04-28 17:13:16,133 - INFO - HTTP Request: POST https://api.telegram.org/bot7679333451:AAGmlWKFP5uSjmUmuqGR0RIHcmuVoyt8A1g/deleteWebhook "HTTP/1.1 200 OK"
2025-04-28 17:13:16,134 - INFO - Scheduler started
2025-04-28 17:13:16,134 - INFO - Application started
2025-04-28 17:13:16,970 - INFO - HTTP Request: POST https://api.telegram.org/bot7679333451:AAGmlWKFP5uSjmUmuqGR0RIHcmuVoyt8A1g/getUpdates "HTTP/1.1 200 OK"
2025-04-28 17:13:16,971 - INFO - \U0001f4e9 Pesan diterima dari User 6643021370: tes
2025-04-28 17:13:17,573 - INFO - HTTP Request: POST https://api.telegram.org/bot7679333451:AAGmlWKFP5uSjmUmuqGR0RIHcmuVoyt8A1g/sendMessage "HTTP/1.1 200 OK"
2025-04-28 17:13:20,209 - INFO - HTTP Request: POST https://api.telegram.org/bot7679333451:AAGmlWKFP5uSjmUmuqGR0RIHcmuVoyt8A1g/getUpdates "HTTP/1.1 200 OK"
2025-04-28 17:13:20,209 - INFO - \U0001f4e9 Pesan diterima dari User 6643021370: halo
2025-04-28 17:13:20,771 - INFO - HTTP Request: POST https://api.telegram.org/bot7679333451:AAGmlWKFP5uSjmUmuqGR0RIHcmuVoyt8A1g/sendMessage "HTTP/1.1 200 OK"
2025-04-28 17:13:30,615 - INFO - HTTP Request: POST https://api.telegram.org/bot7679333451:AAGmlWKFP5uSjmUmuqGR0RIHcmuVoyt8A1g/getUpdates "HTTP/1.1 200 OK"
2025-04-28 17:13:38,717 - INFO - HTTP Request: POST https://api.telegram.org/bot7679333451:AAGmlWKFP5uSjmUmuqGR0RIHcmuVoyt8A1g/getUpdates "HTTP/1.1 200 OK"
2025-04-28 17:13:38,717 - INFO - \U0001f4e9 Pesan diterima dari User 6643021370: coba carikan saya lomba untuk mahasiswa it dalam 3 bulan kedepan
2025-04-28 17:13:38,719 - ERROR - \u274c Error saat menjawab User 6643021370: generate_response() missing 1 required positional argument: 'user_id'
2025-04-28 17:13:39,556 - INFO - HTTP Request: POST https://api.telegram.org/bot7679333451:AAGmlWKFP5uSjmUmuqGR0RIHcmuVoyt8A1g/sendMessage "HTTP/1.1 200 OK"
2025-04-28 17:13:48,964 - INFO - HTTP Request: POST https://api.telegram.org/bot7679333451:AAGmlWKFP5uSjmUmuqGR0RIHcmuVoyt8A1g/getUpdates "HTTP/1.1 200 OK"
2025-04-28 17:13:59,175 - INFO - HTTP Request: POST https://api.telegram.org/bot7679333451:AAGmlWKFP5uSjmUmuqGR0RIHcmuVoyt8A1g/getUpdates "HTTP/1.1 200 OK"
2025-04-28 17:14:09,386 - INFO - HTTP Request: POST https://api.telegram.org/bot7679333451:AAGmlWKFP5uSjmUmuqGR0RIHcmuVoyt8A1g/getUpdates "HTTP/1.1 200 OK"
2025-04-28 17:14:19,597 - INFO - HTTP Request: POST https://api.telegram.org/bot7679333451:AAGmlWKFP5uSjmUmuqGR0RIHcmuVoyt8A1g/getUpdates "HTTP/1.1 200 OK"
2025-04-28 17:14:29,811 - INFO - HTTP Request: POST https://api.telegram.org/bot7679333451:AAGmlWKFP5uSjmUmuqGR0RIHcmuVoyt8A1g/getUpdates "HTTP/1.1 200 OK"
2025-04-28 17:14:40,213 - INFO - HTTP Request: POST https://api.telegram.org/bot7679333451:AAGmlWKFP5uSjmUmuqGR0RIHcmuVoyt8A1g/getUpdates "HTTP/1.1 200 OK"
2025-04-28 17:14:50,614 - INFO - HTTP Request: POST https://api.telegram.org/bot7679333451:AAGmlWKFP5uSjmUmuqGR0RIHcmuVoyt8A1g/getUpdates "HTTP/1.1 200 OK"
2025-04-28 17:15:00,827 - INFO - HTTP Request: POST https://api.telegram.org/bot7679333451:AAGmlWKFP5uSjmUmuqGR0RIHcmuVoyt8A1g/getUpdates "HTTP/1.1 200 OK"
2025-04-28 17:15:11,038 - INFO - HTTP Request: POST https://api.telegram.org/bot7679333451:AAGmlWKFP5uSjmUmuqGR0RIHcmuVoyt8A1g/getUpdates "HTTP/1.1 200 OK"
2025-04-28 17:15:21,445 - INFO - HTTP Request: POST https://api.telegram.org/bot7679333451:AAGmlWKFP5uSjmUmuqGR0RIHcmuVoyt8A1g/getUpdates "HTTP/1.1 200 OK"
2025-04-28 17:15:31,847 - INFO - HTTP Request: POST https://api.telegram.org/bot7679333451:AAGmlWKFP5uSjmUmuqGR0RIHcmuVoyt8A1g/getUpdates "HTTP/1.1 200 OK"
2025-04-28 17:16:49,458 - INFO - HTTP Request: POST https://api.telegram.org/bot7679333451:AAGmlWKFP5uSjmUmuqGR0RIHcmuVoyt8A1g/getMe "HTTP/1.1 200 OK"
2025-04-28 17:16:49,653 - INFO - HTTP Request: POST https://api.telegram.org/bot7679333451:AAGmlWKFP5uSjmUmuqGR0RIHcmuVoyt8A1g/deleteWebhook "HTTP/1.1 200 OK"
2025-04-28 17:16:49,655 - INFO - Scheduler started
2025-04-28 17:16:49,655 - INFO - Application started
2025-04-28 17:16:50,839 - INFO - HTTP Request: POST https://api.telegram.org/bot7679333451:AAGmlWKFP5uSjmUmuqGR0RIHcmuVoyt8A1g/getUpdates "HTTP/1.1 200 OK"
2025-04-28 17:16:50,840 - INFO - \U0001f4e9 Pesan diterima dari User 6643021370: tes
2025-04-28 17:16:51,446 - INFO - HTTP Request: POST https://api.telegram.org/bot7679333451:AAGmlWKFP5uSjmUmuqGR0RIHcmuVoyt8A1g/sendMessage "HTTP/1.1 200 OK"
2025-04-28 17:17:01,223 - INFO - HTTP Request: POST https://api.telegram.org/bot7679333451:AAGmlWKFP5uSjmUmuqGR0RIHcmuVoyt8A1g/getUpdates "HTTP/1.1 200 OK"
2025-04-28 17:17:01,597 - INFO - HTTP Request: POST https://api.telegram.org/bot7679333451:AAGmlWKFP5uSjmUmuqGR0RIHcmuVoyt8A1g/getUpdates "HTTP/1.1 200 OK"
2025-04-28 17:17:01,598 - INFO - \U0001f4e9 Pesan diterima dari User 6643021370: coba carikan saya lomba untuk mahasiswa it dalam 3 bulan kedepan
2025-04-28 17:17:01,600 - INFO - \U0001f535 Sending to DeepSeek API for user 6643021370 with payload size 1
2025-04-28 17:17:41,544 - INFO - \U0001f4ca Memulai proses format_response (Markdown Mode)
2025-04-28 17:17:41,544 - INFO - \u2705 Menambahkan event: **1. Lomba Nasional (Indonesia)**
2025-04-28 17:17:41,544 - INFO - \u2705 Menambahkan event: **2. Lomba Internasional**
2025-04-28 17:17:41,544 - INFO - \u2705 Menambahkan event: **3. Lomba Khusus AI/Data Science**
2025-04-28 17:17:41,544 - INFO - \u2705 Menambahkan event: **Tips Mencari Lomba Lain**:
2025-04-28 17:17:41,545 - INFO - \u2705 Menambahkan event: 1. Cari di platform seperti:
2025-04-28 17:17:41,545 - INFO - \U0001f3af Format respons selesai (Markdown Mode)
2025-04-28 17:17:41,558 - INFO - \u2705 Response berhasil untuk user 6643021370
2025-04-28 17:17:42,371 - INFO - HTTP Request: POST https://api.telegram.org/bot7679333451:AAGmlWKFP5uSjmUmuqGR0RIHcmuVoyt8A1g/sendMessage "HTTP/1.1 400 Bad Request"
2025-04-28 17:17:42,374 - ERROR - \u274c Error saat menjawab User 6643021370: Can't parse entities: can't find end of the entity starting at byte offset 932
2025-04-28 17:17:42,757 - INFO - HTTP Request: POST https://api.telegram.org/bot7679333451:AAGmlWKFP5uSjmUmuqGR0RIHcmuVoyt8A1g/sendMessage "HTTP/1.1 200 OK"
2025-04-28 17:17:52,368 - INFO - HTTP Request: POST https://api.telegram.org/bot7679333451:AAGmlWKFP5uSjmUmuqGR0RIHcmuVoyt8A1g/getUpdates "HTTP/1.1 200 OK"
2025-04-28 17:18:02,749 - INFO - HTTP Request: POST https://api.telegram.org/bot7679333451:AAGmlWKFP5uSjmUmuqGR0RIHcmuVoyt8A1g/getUpdates "HTTP/1.1 200 OK"
2025-04-28 17:18:13,129 - INFO - HTTP Request: POST https://api.telegram.org/bot7679333451:AAGmlWKFP5uSjmUmuqGR0RIHcmuVoyt8A1g/getUpdates "HTTP/1.1 200 OK"
2025-04-28 17:18:23,326 - INFO - HTTP Request: POST https://api.telegram.org/bot7679333451:AAGmlWKFP5uSjmUmuqGR0RIHcmuVoyt8A1g/getUpdates "HTTP/1.1 200 OK"
2025-04-28 17:18:33,706 - INFO - HTTP Request: POST https://api.telegram.org/bot7679333451:AAGmlWKFP5uSjmUmuqGR0RIHcmuVoyt8A1g/getUpdates "HTTP/1.1 200 OK"
2025-04-28 17:18:44,086 - INFO - HTTP Request: POST https://api.telegram.org/bot7679333451:AAGmlWKFP5uSjmUmuqGR0RIHcmuVoyt8A1g/getUpdates "HTTP/1.1 200 OK"
2025-04-28 17:19:00,424 - INFO - HTTP Request: POST https://api.telegram.org/bot7679333451:AAGmlWKFP5uSjmUmuqGR0RIHcmuVoyt8A1g/getMe "HTTP/1.1 200 OK"
2025-04-28 17:19:00,611 - INFO - HTTP Request: POST https://api.telegram.org/bot7679333451:AAGmlWKFP5uSjmUmuqGR0RIHcmuVoyt8A1g/deleteWebhook "HTTP/1.1 200 OK"
2025-04-28 17:19:00,612 - INFO - Scheduler started
2025-04-28 17:19:00,613 - INFO - Application started
2025-04-28 17:19:11,391 - INFO - HTTP Request: POST https://api.telegram.org/bot7679333451:AAGmlWKFP5uSjmUmuqGR0RIHcmuVoyt8A1g/getUpdates "HTTP/1.1 200 OK"
2025-04-28 17:19:11,586 - INFO - HTTP Request: POST https://api.telegram.org/bot7679333451:AAGmlWKFP5uSjmUmuqGR0RIHcmuVoyt8A1g/getUpdates "HTTP/1.1 200 OK"
2025-04-28 17:19:11,587 - INFO - \U0001f4e9 Pesan diterima dari User 6643021370: tes
2025-04-28 17:19:12,623 - INFO - HTTP Request: POST https://api.telegram.org/bot7679333451:AAGmlWKFP5uSjmUmuqGR0RIHcmuVoyt8A1g/sendMessage "HTTP/1.1 200 OK"
2025-04-28 17:19:17,922 - INFO - HTTP Request: POST https://api.telegram.org/bot7679333451:AAGmlWKFP5uSjmUmuqGR0RIHcmuVoyt8A1g/getUpdates "HTTP/1.1 200 OK"
2025-04-28 17:19:17,922 - INFO - \U0001f4e9 Pesan diterima dari User 6643021370: coba carikan saya lomba untuk mahasiswa it dalam 3 bulan kedepan
2025-04-28 17:19:17,925 - INFO - \U0001f535 Sending to DeepSeek API for user 6643021370 with payload size 3
2025-04-28 17:20:05,305 - INFO - \U0001f4ca Memulai proses format_response (Markdown Mode)
2025-04-28 17:20:05,306 - INFO - \u2705 Menambahkan event: **\U0001f3c6 Lomba Nasional (Indonesia)**
2025-04-28 17:20:05,307 - INFO - \u2705 Menambahkan event: # **1. Gemastik 17 (Kemendikbudristek)**
2025-04-28 17:20:05,307 - INFO - \u2705 Menambahkan event: # **2. COMPFEST 16 (Universitas Indonesia)**
2025-04-28 17:20:05,307 - INFO - \u2705 Menambahkan event: # **3. Hackathon DevFest Indonesia 2024**
2025-04-28 17:20:05,307 - INFO - \u2705 Menambahkan event: # **4. DILo Hackathon 2024**
2025-04-28 17:20:05,307 - INFO - \U0001f3af Format respons selesai (Markdown Mode)
2025-04-28 17:20:05,314 - INFO - \u2705 Response berhasil untuk user 6643021370
2025-04-28 17:20:06,622 - INFO - HTTP Request: POST https://api.telegram.org/bot7679333451:AAGmlWKFP5uSjmUmuqGR0RIHcmuVoyt8A1g/sendMessage "HTTP/1.1 200 OK"
2025-04-28 17:20:06,623 - INFO - \U0001f4e4 Bot menjawab User 6643021370 dengan hasil dari DeepSeek
2025-04-28 17:20:16,155 - INFO - HTTP Request: POST https://api.telegram.org/bot7679333451:AAGmlWKFP5uSjmUmuqGR0RIHcmuVoyt8A1g/getUpdates "HTTP/1.1 200 OK"
2025-04-28 17:20:26,369 - INFO - HTTP Request: POST https://api.telegram.org/bot7679333451:AAGmlWKFP5uSjmUmuqGR0RIHcmuVoyt8A1g/getUpdates "HTTP/1.1 200 OK"
2025-04-28 17:20:36,769 - INFO - HTTP Request: POST https://api.telegram.org/bot7679333451:AAGmlWKFP5uSjmUmuqGR0RIHcmuVoyt8A1g/getUpdates "HTTP/1.1 200 OK"
2025-04-28 17:20:46,976 - INFO - HTTP Request: POST https://api.telegram.org/bot7679333451:AAGmlWKFP5uSjmUmuqGR0RIHcmuVoyt8A1g/getUpdates "HTTP/1.1 200 OK"
2025-04-28 17:20:57,184 - INFO - HTTP Request: POST https://api.telegram.org/bot7679333451:AAGmlWKFP5uSjmUmuqGR0RIHcmuVoyt8A1g/getUpdates "HTTP/1.1 200 OK"
2025-04-28 17:21:07,392 - INFO - HTTP Request: POST https://api.telegram.org/bot7679333451:AAGmlWKFP5uSjmUmuqGR0RIHcmuVoyt8A1g/getUpdates "HTTP/1.1 200 OK"
2025-04-28 17:21:17,599 - INFO - HTTP Request: POST https://api.telegram.org/bot7679333451:AAGmlWKFP5uSjmUmuqGR0RIHcmuVoyt8A1g/getUpdates "HTTP/1.1 200 OK"
2025-04-28 17:21:27,805 - INFO - HTTP Request: POST https://api.telegram.org/bot7679333451:AAGmlWKFP5uSjmUmuqGR0RIHcmuVoyt8A1g/getUpdates "HTTP/1.1 200 OK"
2025-04-28 17:21:38,013 - INFO - HTTP Request: POST https://api.telegram.org/bot7679333451:AAGmlWKFP5uSjmUmuqGR0RIHcmuVoyt8A1g/getUpdates "HTTP/1.1 200 OK"
2025-04-28 17:21:48,221 - INFO - HTTP Request: POST https://api.telegram.org/bot7679333451:AAGmlWKFP5uSjmUmuqGR0RIHcmuVoyt8A1g/getUpdates "HTTP/1.1 200 OK"
2025-04-28 17:21:58,432 - INFO - HTTP Request: POST https://api.telegram.org/bot7679333451:AAGmlWKFP5uSjmUmuqGR0RIHcmuVoyt8A1g/getUpdates "HTTP/1.1 200 OK"
2025-04-28 17:22:08,638 - INFO - HTTP Request: POST https://api.telegram.org/bot7679333451:AAGmlWKFP5uSjmUmuqGR0RIHcmuVoyt8A1g/getUpdates "HTTP/1.1 200 OK"
2025-04-28 17:22:18,843 - INFO - HTTP Request: POST https://api.telegram.org/bot7679333451:AAGmlWKFP5uSjmUmuqGR0RIHcmuVoyt8A1g/getUpdates "HTTP/1.1 200 OK"
2025-04-28 17:22:29,052 - INFO - HTTP Request: POST https://api.telegram.org/bot7679333451:AAGmlWKFP5uSjmUmuqGR0RIHcmuVoyt8A1g/getUpdates "HTTP/1.1 200 OK"
2025-04-28 17:22:39,460 - INFO - HTTP Request: POST https://api.telegram.org/bot7679333451:AAGmlWKFP5uSjmUmuqGR0RIHcmuVoyt8A1g/getUpdates "HTTP/1.1 200 OK"
2025-04-28 17:22:49,864 - INFO - HTTP Request: POST https://api.telegram.org/bot7679333451:AAGmlWKFP5uSjmUmuqGR0RIHcmuVoyt8A1g/getUpdates "HTTP/1.1 200 OK"
2025-04-28 17:23:00,075 - INFO - HTTP Request: POST https://api.telegram.org/bot7679333451:AAGmlWKFP5uSjmUmuqGR0RIHcmuVoyt8A1g/getUpdates "HTTP/1.1 200 OK"
2025-04-28 17:23:10,281 - INFO - HTTP Request: POST https://api.telegram.org/bot7679333451:AAGmlWKFP5uSjmUmuqGR0RIHcmuVoyt8A1g/getUpdates "HTTP/1.1 200 OK"
2025-04-28 17:23:20,487 - INFO - HTTP Request: POST https://api.telegram.org/bot7679333451:AAGmlWKFP5uSjmUmuqGR0RIHcmuVoyt8A1g/getUpdates "HTTP/1.1 200 OK"
2025-04-28 17:23:30,881 - INFO - HTTP Request: POST https://api.telegram.org/bot7679333451:AAGmlWKFP5uSjmUmuqGR0RIHcmuVoyt8A1g/getUpdates "HTTP/1.1 200 OK"
2025-04-28 17:23:39,976 - INFO - HTTP Request: POST https://api.telegram.org/bot7679333451:AAGmlWKFP5uSjmUmuqGR0RIHcmuVoyt8A1g/getMe "HTTP/1.1 200 OK"
2025-04-28 17:23:40,218 - INFO - HTTP Request: POST https://api.telegram.org/bot7679333451:AAGmlWKFP5uSjmUmuqGR0RIHcmuVoyt8A1g/deleteWebhook "HTTP/1.1 200 OK"
2025-04-28 17:23:40,219 - INFO - Scheduler started
2025-04-28 17:23:40,220 - INFO - Application started
2025-04-28 17:23:45,956 - INFO - HTTP Request: POST https://api.telegram.org/bot7679333451:AAGmlWKFP5uSjmUmuqGR0RIHcmuVoyt8A1g/getUpdates "HTTP/1.1 200 OK"
2025-04-28 17:23:45,957 - INFO - \U0001f4e9 Pesan diterima dari User 6643021370: tes
2025-04-28 17:23:46,929 - INFO - HTTP Request: POST https://api.telegram.org/bot7679333451:AAGmlWKFP5uSjmUmuqGR0RIHcmuVoyt8A1g/sendMessage "HTTP/1.1 200 OK"
2025-04-28 17:23:56,367 - INFO - HTTP Request: POST https://api.telegram.org/bot7679333451:AAGmlWKFP5uSjmUmuqGR0RIHcmuVoyt8A1g/getUpdates "HTTP/1.1 200 OK"
2025-04-28 17:24:00,889 - INFO - HTTP Request: POST https://api.telegram.org/bot7679333451:AAGmlWKFP5uSjmUmuqGR0RIHcmuVoyt8A1g/getUpdates "HTTP/1.1 200 OK"
2025-04-28 17:24:00,890 - INFO - \U0001f4e9 Pesan diterima dari User 6643021370: berikan saya informasi lomba IT untuk bulan depan
2025-04-28 17:24:00,894 - INFO - \U0001f535 Sending to DeepSeek API for user 6643021370 with payload size 5
2025-04-28 17:24:39,303 - INFO - \U0001f4ca Memulai proses format_response (NO ESCAPE Mode)
2025-04-28 17:24:39,303 - INFO - \U0001f3af Format respons selesai (NO ESCAPE Mode)
2025-04-28 17:24:39,311 - INFO - \u2705 Response berhasil untuk user 6643021370
2025-04-28 17:24:40,324 - INFO - HTTP Request: POST https://api.telegram.org/bot7679333451:AAGmlWKFP5uSjmUmuqGR0RIHcmuVoyt8A1g/sendMessage "HTTP/1.1 200 OK"
2025-04-28 17:24:40,325 - INFO - \U0001f4e4 Bot menjawab User 6643021370 dengan hasil dari DeepSeek
2025-04-28 17:24:50,137 - INFO - HTTP Request: POST https://api.telegram.org/bot7679333451:AAGmlWKFP5uSjmUmuqGR0RIHcmuVoyt8A1g/getUpdates "HTTP/1.1 200 OK"
2025-04-28 17:24:59,407 - INFO - HTTP Request: POST https://api.telegram.org/bot7679333451:AAGmlWKFP5uSjmUmuqGR0RIHcmuVoyt8A1g/getUpdates "HTTP/1.1 200 OK"
2025-04-28 17:24:59,408 - INFO - \U0001f4e9 Pesan diterima dari User 6643021370: lihat lebih banyak lagi
2025-04-28 17:24:59,410 - INFO - \U0001f535 Sending to DeepSeek API for user 6643021370 with payload size 7
2025-04-28 17:25:49,220 - INFO - \U0001f4ca Memulai proses format_response (NO ESCAPE Mode)
2025-04-28 17:25:49,220 - INFO - \U0001f3af Format respons selesai (NO ESCAPE Mode)
2025-04-28 17:25:49,230 - INFO - \u2705 Response berhasil untuk user 6643021370
2025-04-28 17:25:50,281 - INFO - HTTP Request: POST https://api.telegram.org/bot7679333451:AAGmlWKFP5uSjmUmuqGR0RIHcmuVoyt8A1g/sendMessage "HTTP/1.1 200 OK"
2025-04-28 17:25:50,282 - INFO - \U0001f4e4 Bot menjawab User 6643021370 dengan hasil dari DeepSeek
2025-04-28 17:26:00,295 - INFO - HTTP Request: POST https://api.telegram.org/bot7679333451:AAGmlWKFP5uSjmUmuqGR0RIHcmuVoyt8A1g/getUpdates "HTTP/1.1 200 OK"
2025-04-28 17:26:10,801 - INFO - HTTP Request: POST https://api.telegram.org/bot7679333451:AAGmlWKFP5uSjmUmuqGR0RIHcmuVoyt8A1g/getUpdates "HTTP/1.1 200 OK"
2025-04-28 17:26:21,065 - INFO - HTTP Request: POST https://api.telegram.org/bot7679333451:AAGmlWKFP5uSjmUmuqGR0RIHcmuVoyt8A1g/getUpdates "HTTP/1.1 200 OK"
2025-04-28 17:26:31,323 - INFO - HTTP Request: POST https://api.telegram.org/bot7679333451:AAGmlWKFP5uSjmUmuqGR0RIHcmuVoyt8A1g/getUpdates "HTTP/1.1 200 OK"
2025-04-28 17:26:41,585 - INFO - HTTP Request: POST https://api.telegram.org/bot7679333451:AAGmlWKFP5uSjmUmuqGR0RIHcmuVoyt8A1g/getUpdates "HTTP/1.1 200 OK"
2025-04-28 17:26:51,846 - INFO - HTTP Request: POST https://api.telegram.org/bot7679333451:AAGmlWKFP5uSjmUmuqGR0RIHcmuVoyt8A1g/getUpdates "HTTP/1.1 200 OK"
2025-04-28 17:27:02,109 - INFO - HTTP Request: POST https://api.telegram.org/bot7679333451:AAGmlWKFP5uSjmUmuqGR0RIHcmuVoyt8A1g/getUpdates "HTTP/1.1 200 OK"
2025-04-28 17:27:12,611 - INFO - HTTP Request: POST https://api.telegram.org/bot7679333451:AAGmlWKFP5uSjmUmuqGR0RIHcmuVoyt8A1g/getUpdates "HTTP/1.1 200 OK"
2025-04-28 17:27:22,873 - INFO - HTTP Request: POST https://api.telegram.org/bot7679333451:AAGmlWKFP5uSjmUmuqGR0RIHcmuVoyt8A1g/getUpdates "HTTP/1.1 200 OK"
2025-04-28 17:27:33,376 - INFO - HTTP Request: POST https://api.telegram.org/bot7679333451:AAGmlWKFP5uSjmUmuqGR0RIHcmuVoyt8A1g/getUpdates "HTTP/1.1 200 OK"
2025-04-28 17:27:43,635 - INFO - HTTP Request: POST https://api.telegram.org/bot7679333451:AAGmlWKFP5uSjmUmuqGR0RIHcmuVoyt8A1g/getUpdates "HTTP/1.1 200 OK"
2025-04-28 17:27:54,140 - INFO - HTTP Request: POST https://api.telegram.org/bot7679333451:AAGmlWKFP5uSjmUmuqGR0RIHcmuVoyt8A1g/getUpdates "HTTP/1.1 200 OK"
2025-04-28 17:28:04,399 - INFO - HTTP Request: POST https://api.telegram.org/bot7679333451:AAGmlWKFP5uSjmUmuqGR0RIHcmuVoyt8A1g/getUpdates "HTTP/1.1 200 OK"
2025-04-28 17:28:14,671 - INFO - HTTP Request: POST https://api.telegram.org/bot7679333451:AAGmlWKFP5uSjmUmuqGR0RIHcmuVoyt8A1g/getUpdates "HTTP/1.1 200 OK"
2025-04-28 17:28:24,929 - INFO - HTTP Request: POST https://api.telegram.org/bot7679333451:AAGmlWKFP5uSjmUmuqGR0RIHcmuVoyt8A1g/getUpdates "HTTP/1.1 200 OK"
2025-04-28 17:28:35,197 - INFO - HTTP Request: POST https://api.telegram.org/bot7679333451:AAGmlWKFP5uSjmUmuqGR0RIHcmuVoyt8A1g/getUpdates "HTTP/1.1 200 OK"
2025-04-28 17:28:45,463 - INFO - HTTP Request: POST https://api.telegram.org/bot7679333451:AAGmlWKFP5uSjmUmuqGR0RIHcmuVoyt8A1g/getUpdates "HTTP/1.1 200 OK"
2025-04-28 17:28:55,964 - INFO - HTTP Request: POST https://api.telegram.org/bot7679333451:AAGmlWKFP5uSjmUmuqGR0RIHcmuVoyt8A1g/getUpdates "HTTP/1.1 200 OK"
2025-04-28 17:29:06,223 - INFO - HTTP Request: POST https://api.telegram.org/bot7679333451:AAGmlWKFP5uSjmUmuqGR0RIHcmuVoyt8A1g/getUpdates "HTTP/1.1 200 OK"
2025-04-28 17:29:16,727 - INFO - HTTP Request: POST https://api.telegram.org/bot7679333451:AAGmlWKFP5uSjmUmuqGR0RIHcmuVoyt8A1g/getUpdates "HTTP/1.1 200 OK"
2025-04-28 17:29:27,229 - INFO - HTTP Request: POST https://api.telegram.org/bot7679333451:AAGmlWKFP5uSjmUmuqGR0RIHcmuVoyt8A1g/getUpdates "HTTP/1.1 200 OK"
2025-04-28 17:29:37,732 - INFO - HTTP Request: POST https://api.telegram.org/bot7679333451:AAGmlWKFP5uSjmUmuqGR0RIHcmuVoyt8A1g/getUpdates "HTTP/1.1 200 OK"
2025-04-28 17:29:48,219 - INFO - HTTP Request: POST https://api.telegram.org/bot7679333451:AAGmlWKFP5uSjmUmuqGR0RIHcmuVoyt8A1g/getUpdates "HTTP/1.1 200 OK"
2025-04-28 17:29:58,720 - INFO - HTTP Request: POST https://api.telegram.org/bot7679333451:AAGmlWKFP5uSjmUmuqGR0RIHcmuVoyt8A1g/getUpdates "HTTP/1.1 200 OK"
2025-04-28 17:30:08,980 - INFO - HTTP Request: POST https://api.telegram.org/bot7679333451:AAGmlWKFP5uSjmUmuqGR0RIHcmuVoyt8A1g/getUpdates "HTTP/1.1 200 OK"
2025-04-28 17:30:19,484 - INFO - HTTP Request: POST https://api.telegram.org/bot7679333451:AAGmlWKFP5uSjmUmuqGR0RIHcmuVoyt8A1g/getUpdates "HTTP/1.1 200 OK"
2025-04-28 17:30:29,744 - INFO - HTTP Request: POST https://api.telegram.org/bot7679333451:AAGmlWKFP5uSjmUmuqGR0RIHcmuVoyt8A1g/getUpdates "HTTP/1.1 200 OK"
2025-04-28 17:30:40,007 - INFO - HTTP Request: POST https://api.telegram.org/bot7679333451:AAGmlWKFP5uSjmUmuqGR0RIHcmuVoyt8A1g/getUpdates "HTTP/1.1 200 OK"
2025-04-28 17:30:50,508 - INFO - HTTP Request: POST https://api.telegram.org/bot7679333451:AAGmlWKFP5uSjmUmuqGR0RIHcmuVoyt8A1g/getUpdates "HTTP/1.1 200 OK"
2025-04-28 17:31:00,767 - INFO - HTTP Request: POST https://api.telegram.org/bot7679333451:AAGmlWKFP5uSjmUmuqGR0RIHcmuVoyt8A1g/getUpdates "HTTP/1.1 200 OK"
2025-04-28 17:31:11,272 - INFO - HTTP Request: POST https://api.telegram.org/bot7679333451:AAGmlWKFP5uSjmUmuqGR0RIHcmuVoyt8A1g/getUpdates "HTTP/1.1 200 OK"
2025-04-28 17:31:21,775 - INFO - HTTP Request: POST https://api.telegram.org/bot7679333451:AAGmlWKFP5uSjmUmuqGR0RIHcmuVoyt8A1g/getUpdates "HTTP/1.1 200 OK"
2025-04-28 17:31:32,037 - INFO - HTTP Request: POST https://api.telegram.org/bot7679333451:AAGmlWKFP5uSjmUmuqGR0RIHcmuVoyt8A1g/getUpdates "HTTP/1.1 200 OK"
2025-04-28 17:31:42,542 - INFO - HTTP Request: POST https://api.telegram.org/bot7679333451:AAGmlWKFP5uSjmUmuqGR0RIHcmuVoyt8A1g/getUpdates "HTTP/1.1 200 OK"
2025-04-28 17:31:53,049 - INFO - HTTP Request: POST https://api.telegram.org/bot7679333451:AAGmlWKFP5uSjmUmuqGR0RIHcmuVoyt8A1g/getUpdates "HTTP/1.1 200 OK"
2025-04-28 17:32:03,309 - INFO - HTTP Request: POST https://api.telegram.org/bot7679333451:AAGmlWKFP5uSjmUmuqGR0RIHcmuVoyt8A1g/getUpdates "HTTP/1.1 200 OK"
2025-04-28 17:32:13,813 - INFO - HTTP Request: POST https://api.telegram.org/bot7679333451:AAGmlWKFP5uSjmUmuqGR0RIHcmuVoyt8A1g/getUpdates "HTTP/1.1 200 OK"
2025-04-28 17:32:24,074 - INFO - HTTP Request: POST https://api.telegram.org/bot7679333451:AAGmlWKFP5uSjmUmuqGR0RIHcmuVoyt8A1g/getUpdates "HTTP/1.1 200 OK"
2025-04-28 17:32:34,575 - INFO - HTTP Request: POST https://api.telegram.org/bot7679333451:AAGmlWKFP5uSjmUmuqGR0RIHcmuVoyt8A1g/getUpdates "HTTP/1.1 200 OK"
2025-04-28 17:32:45,077 - INFO - HTTP Request: POST https://api.telegram.org/bot7679333451:AAGmlWKFP5uSjmUmuqGR0RIHcmuVoyt8A1g/getUpdates "HTTP/1.1 200 OK"
2025-04-28 17:32:55,342 - INFO - HTTP Request: POST https://api.telegram.org/bot7679333451:AAGmlWKFP5uSjmUmuqGR0RIHcmuVoyt8A1g/getUpdates "HTTP/1.1 200 OK"
2025-04-28 17:33:05,605 - INFO - HTTP Request: POST https://api.telegram.org/bot7679333451:AAGmlWKFP5uSjmUmuqGR0RIHcmuVoyt8A1g/getUpdates "HTTP/1.1 200 OK"
2025-04-28 17:33:14,786 - INFO - HTTP Request: POST https://api.telegram.org/bot7679333451:AAGmlWKFP5uSjmUmuqGR0RIHcmuVoyt8A1g/getUpdates "HTTP/1.1 200 OK"
2025-04-28 17:33:14,786 - INFO - \U0001f4e2 User 1959059356 memulai bot dengan /start
2025-04-28 17:33:15,780 - INFO - HTTP Request: POST https://api.telegram.org/bot7679333451:AAGmlWKFP5uSjmUmuqGR0RIHcmuVoyt8A1g/sendMessage "HTTP/1.1 200 OK"
2025-04-28 17:33:25,288 - INFO - HTTP Request: POST https://api.telegram.org/bot7679333451:AAGmlWKFP5uSjmUmuqGR0RIHcmuVoyt8A1g/getUpdates "HTTP/1.1 200 OK"
2025-04-28 17:33:35,546 - INFO - HTTP Request: POST https://api.telegram.org/bot7679333451:AAGmlWKFP5uSjmUmuqGR0RIHcmuVoyt8A1g/getUpdates "HTTP/1.1 200 OK"
2025-04-28 17:33:37,333 - INFO - HTTP Request: POST https://api.telegram.org/bot7679333451:AAGmlWKFP5uSjmUmuqGR0RIHcmuVoyt8A1g/getUpdates "HTTP/1.1 200 OK"
2025-04-28 17:33:37,333 - INFO - \U0001f4e9 Pesan diterima dari User 1959059356: Apakah anda bisa mencarikan informasi terkait lomba untuk mahasiswa rekayasa sistem komputer pada bulan ini?
2025-04-28 17:33:37,336 - INFO - \U0001f535 Sending to DeepSeek API for user 1959059356 with payload size 1
2025-04-28 17:34:10,513 - INFO - \U0001f4ca Memulai proses format_response (NO ESCAPE Mode)
2025-04-28 17:34:10,513 - INFO - \U0001f3af Format respons selesai (NO ESCAPE Mode)
2025-04-28 17:34:10,522 - INFO - \u2705 Response berhasil untuk user 1959059356
2025-04-28 17:34:11,533 - INFO - HTTP Request: POST https://api.telegram.org/bot7679333451:AAGmlWKFP5uSjmUmuqGR0RIHcmuVoyt8A1g/sendMessage "HTTP/1.1 200 OK"
2025-04-28 17:34:11,534 - INFO - \U0001f4e4 Bot menjawab User 1959059356 dengan hasil dari DeepSeek
2025-04-28 17:34:21,354 - INFO - HTTP Request: POST https://api.telegram.org/bot7679333451:AAGmlWKFP5uSjmUmuqGR0RIHcmuVoyt8A1g/getUpdates "HTTP/1.1 200 OK"
2025-04-28 17:34:31,732 - INFO - HTTP Request: POST https://api.telegram.org/bot7679333451:AAGmlWKFP5uSjmUmuqGR0RIHcmuVoyt8A1g/getUpdates "HTTP/1.1 200 OK"
2025-04-28 17:34:42,111 - INFO - HTTP Request: POST https://api.telegram.org/bot7679333451:AAGmlWKFP5uSjmUmuqGR0RIHcmuVoyt8A1g/getUpdates "HTTP/1.1 200 OK"
2025-04-28 17:34:52,497 - INFO - HTTP Request: POST https://api.telegram.org/bot7679333451:AAGmlWKFP5uSjmUmuqGR0RIHcmuVoyt8A1g/getUpdates "HTTP/1.1 200 OK"
2025-04-28 17:35:02,698 - INFO - HTTP Request: POST https://api.telegram.org/bot7679333451:AAGmlWKFP5uSjmUmuqGR0RIHcmuVoyt8A1g/getUpdates "HTTP/1.1 200 OK"
2025-04-28 17:35:02,699 - INFO - \U0001f4e9 Pesan diterima dari User 1959059356: Carikan langsung
2025-04-28 17:35:02,701 - INFO - \U0001f535 Sending to DeepSeek API for user 1959059356 with payload size 3
2025-04-28 17:35:36,771 - INFO - \U0001f4ca Memulai proses format_response (NO ESCAPE Mode)
2025-04-28 17:35:36,772 - INFO - \U0001f3af Format respons selesai (NO ESCAPE Mode)
2025-04-28 17:35:36,780 - INFO - \u2705 Response berhasil untuk user 1959059356
2025-04-28 17:35:37,649 - INFO - HTTP Request: POST https://api.telegram.org/bot7679333451:AAGmlWKFP5uSjmUmuqGR0RIHcmuVoyt8A1g/getUpdates "HTTP/1.1 200 OK"
2025-04-28 17:35:37,834 - INFO - HTTP Request: POST https://api.telegram.org/bot7679333451:AAGmlWKFP5uSjmUmuqGR0RIHcmuVoyt8A1g/sendMessage "HTTP/1.1 200 OK"
2025-04-28 17:35:37,834 - INFO - \U0001f4e4 Bot menjawab User 1959059356 dengan hasil dari DeepSeek
2025-04-28 17:35:38,415 - INFO - HTTP Request: POST https://api.telegram.org/bot7679333451:AAGmlWKFP5uSjmUmuqGR0RIHcmuVoyt8A1g/sendMessage "HTTP/1.1 200 OK"
2025-04-28 17:35:38,416 - INFO - \U0001f4e2 User 1959059356 memulai bot dengan /start
2025-04-28 17:35:38,998 - INFO - HTTP Request: POST https://api.telegram.org/bot7679333451:AAGmlWKFP5uSjmUmuqGR0RIHcmuVoyt8A1g/sendMessage "HTTP/1.1 200 OK"
2025-04-28 17:35:47,862 - INFO - HTTP Request: POST https://api.telegram.org/bot7679333451:AAGmlWKFP5uSjmUmuqGR0RIHcmuVoyt8A1g/getUpdates "HTTP/1.1 200 OK"
2025-04-28 17:35:52,505 - INFO - HTTP Request: POST https://api.telegram.org/bot7679333451:AAGmlWKFP5uSjmUmuqGR0RIHcmuVoyt8A1g/getUpdates "HTTP/1.1 200 OK"
2025-04-28 17:35:52,506 - INFO - \U0001f4e9 Pesan diterima dari User 1959059356: Carikan saya lomba IT bulan ini
2025-04-28 17:35:52,508 - INFO - \U0001f535 Sending to DeepSeek API for user 1959059356 with payload size 5
2025-04-28 17:36:34,179 - INFO - \U0001f4ca Memulai proses format_response (NO ESCAPE Mode)
2025-04-28 17:36:34,180 - INFO - \U0001f3af Format respons selesai (NO ESCAPE Mode)
2025-04-28 17:36:34,190 - INFO - \u2705 Response berhasil untuk user 1959059356
2025-04-28 17:36:35,221 - INFO - HTTP Request: POST https://api.telegram.org/bot7679333451:AAGmlWKFP5uSjmUmuqGR0RIHcmuVoyt8A1g/sendMessage "HTTP/1.1 200 OK"
2025-04-28 17:36:35,222 - INFO - \U0001f4e4 Bot menjawab User 1959059356 dengan hasil dari DeepSeek
2025-04-28 17:36:45,053 - INFO - HTTP Request: POST https://api.telegram.org/bot7679333451:AAGmlWKFP5uSjmUmuqGR0RIHcmuVoyt8A1g/getUpdates "HTTP/1.1 200 OK"
2025-04-28 17:36:55,267 - INFO - HTTP Request: POST https://api.telegram.org/bot7679333451:AAGmlWKFP5uSjmUmuqGR0RIHcmuVoyt8A1g/getUpdates "HTTP/1.1 200 OK"
2025-04-28 17:37:03,346 - INFO - HTTP Request: POST https://api.telegram.org/bot7679333451:AAGmlWKFP5uSjmUmuqGR0RIHcmuVoyt8A1g/getMe "HTTP/1.1 200 OK"
2025-04-28 17:37:03,578 - INFO - HTTP Request: POST https://api.telegram.org/bot7679333451:AAGmlWKFP5uSjmUmuqGR0RIHcmuVoyt8A1g/deleteWebhook "HTTP/1.1 200 OK"
2025-04-28 17:37:03,579 - INFO - Scheduler started
2025-04-28 17:37:03,579 - INFO - Application started
2025-04-28 17:37:14,369 - INFO - HTTP Request: POST https://api.telegram.org/bot7679333451:AAGmlWKFP5uSjmUmuqGR0RIHcmuVoyt8A1g/getUpdates "HTTP/1.1 200 OK"
2025-04-28 17:37:24,740 - INFO - HTTP Request: POST https://api.telegram.org/bot7679333451:AAGmlWKFP5uSjmUmuqGR0RIHcmuVoyt8A1g/getUpdates "HTTP/1.1 200 OK"
2025-04-28 17:37:27,510 - INFO - HTTP Request: POST https://api.telegram.org/bot7679333451:AAGmlWKFP5uSjmUmuqGR0RIHcmuVoyt8A1g/getUpdates "HTTP/1.1 200 OK"
2025-04-28 17:37:27,510 - INFO - \U0001f4e9 Pesan diterima dari User 1959059356: Coba buatkan simulasi seolah anda tidak bisa menjawab pertanyaan, saya ingin menguji fitur unanswered question
2025-04-28 17:37:27,512 - INFO - \U0001f535 Sending to DeepSeek API for user 1959059356 with payload size 7
2025-04-28 17:37:48,076 - INFO - \U0001f4ca Memulai proses format_response (NO ESCAPE Mode)
2025-04-28 17:37:48,076 - INFO - \U0001f3af Format respons selesai (NO ESCAPE Mode)
2025-04-28 17:37:48,086 - INFO - \u2705 Response berhasil untuk user 1959059356
2025-04-28 17:37:49,397 - INFO - HTTP Request: POST https://api.telegram.org/bot7679333451:AAGmlWKFP5uSjmUmuqGR0RIHcmuVoyt8A1g/sendMessage "HTTP/1.1 200 OK"
2025-04-28 17:37:49,398 - INFO - \U0001f4e4 Bot menjawab User 1959059356 dengan hasil dari DeepSeek
2025-04-28 17:37:59,048 - INFO - HTTP Request: POST https://api.telegram.org/bot7679333451:AAGmlWKFP5uSjmUmuqGR0RIHcmuVoyt8A1g/getUpdates "HTTP/1.1 200 OK"
2025-04-28 17:38:09,458 - INFO - HTTP Request: POST https://api.telegram.org/bot7679333451:AAGmlWKFP5uSjmUmuqGR0RIHcmuVoyt8A1g/getUpdates "HTTP/1.1 200 OK"
2025-04-28 17:38:19,877 - INFO - HTTP Request: POST https://api.telegram.org/bot7679333451:AAGmlWKFP5uSjmUmuqGR0RIHcmuVoyt8A1g/getUpdates "HTTP/1.1 200 OK"
2025-04-28 17:38:30,088 - INFO - HTTP Request: POST https://api.telegram.org/bot7679333451:AAGmlWKFP5uSjmUmuqGR0RIHcmuVoyt8A1g/getUpdates "HTTP/1.1 200 OK"
2025-04-28 17:38:40,514 - INFO - HTTP Request: POST https://api.telegram.org/bot7679333451:AAGmlWKFP5uSjmUmuqGR0RIHcmuVoyt8A1g/getUpdates "HTTP/1.1 200 OK"
2025-04-28 17:38:50,932 - INFO - HTTP Request: POST https://api.telegram.org/bot7679333451:AAGmlWKFP5uSjmUmuqGR0RIHcmuVoyt8A1g/getUpdates "HTTP/1.1 200 OK"
2025-04-28 17:39:01,143 - INFO - HTTP Request: POST https://api.telegram.org/bot7679333451:AAGmlWKFP5uSjmUmuqGR0RIHcmuVoyt8A1g/getUpdates "HTTP/1.1 200 OK"
2025-04-28 17:39:09,884 - INFO - HTTP Request: POST https://api.telegram.org/bot7679333451:AAGmlWKFP5uSjmUmuqGR0RIHcmuVoyt8A1g/getUpdates "HTTP/1.1 200 OK"
2025-04-28 17:39:09,885 - INFO - \U0001f4e9 Pesan diterima dari User 1959059356: reset data untuk user saya ini
2025-04-28 17:39:09,889 - INFO - \U0001f535 Sending to DeepSeek API for user 1959059356 with payload size 9
2025-04-28 17:39:30,025 - INFO - \U0001f4ca Memulai proses format_response (NO ESCAPE Mode)
2025-04-28 17:39:30,025 - INFO - \U0001f3af Format respons selesai (NO ESCAPE Mode)
2025-04-28 17:39:30,034 - INFO - \u2705 Response berhasil untuk user 1959059356
2025-04-28 17:39:31,047 - INFO - HTTP Request: POST https://api.telegram.org/bot7679333451:AAGmlWKFP5uSjmUmuqGR0RIHcmuVoyt8A1g/sendMessage "HTTP/1.1 200 OK"
2025-04-28 17:39:31,048 - INFO - \U0001f4e4 Bot menjawab User 1959059356 dengan hasil dari DeepSeek
2025-04-28 17:39:40,911 - INFO - HTTP Request: POST https://api.telegram.org/bot7679333451:AAGmlWKFP5uSjmUmuqGR0RIHcmuVoyt8A1g/getUpdates "HTTP/1.1 200 OK"
2025-04-28 17:39:51,316 - INFO - HTTP Request: POST https://api.telegram.org/bot7679333451:AAGmlWKFP5uSjmUmuqGR0RIHcmuVoyt8A1g/getUpdates "HTTP/1.1 200 OK"
2025-04-28 17:39:58,931 - INFO - HTTP Request: POST https://api.telegram.org/bot7679333451:AAGmlWKFP5uSjmUmuqGR0RIHcmuVoyt8A1g/getUpdates "HTTP/1.1 200 OK"
2025-04-28 17:40:00,083 - INFO - HTTP Request: POST https://api.telegram.org/bot7679333451:AAGmlWKFP5uSjmUmuqGR0RIHcmuVoyt8A1g/sendMessage "HTTP/1.1 200 OK"
2025-04-28 17:40:07,413 - INFO - HTTP Request: POST https://api.telegram.org/bot7679333451:AAGmlWKFP5uSjmUmuqGR0RIHcmuVoyt8A1g/getUpdates "HTTP/1.1 200 OK"
2025-04-28 17:40:08,423 - INFO - HTTP Request: POST https://api.telegram.org/bot7679333451:AAGmlWKFP5uSjmUmuqGR0RIHcmuVoyt8A1g/sendMessage "HTTP/1.1 200 OK"
2025-04-28 17:40:18,037 - INFO - HTTP Request: POST https://api.telegram.org/bot7679333451:AAGmlWKFP5uSjmUmuqGR0RIHcmuVoyt8A1g/getUpdates "HTTP/1.1 200 OK"
2025-04-28 17:40:28,253 - INFO - HTTP Request: POST https://api.telegram.org/bot7679333451:AAGmlWKFP5uSjmUmuqGR0RIHcmuVoyt8A1g/getUpdates "HTTP/1.1 200 OK"
2025-04-28 17:40:38,468 - INFO - HTTP Request: POST https://api.telegram.org/bot7679333451:AAGmlWKFP5uSjmUmuqGR0RIHcmuVoyt8A1g/getUpdates "HTTP/1.1 200 OK"
2025-04-28 17:40:48,687 - INFO - HTTP Request: POST https://api.telegram.org/bot7679333451:AAGmlWKFP5uSjmUmuqGR0RIHcmuVoyt8A1g/getUpdates "HTTP/1.1 200 OK"
2025-04-28 17:40:58,901 - INFO - HTTP Request: POST https://api.telegram.org/bot7679333451:AAGmlWKFP5uSjmUmuqGR0RIHcmuVoyt8A1g/getUpdates "HTTP/1.1 200 OK"
2025-04-28 17:41:09,311 - INFO - HTTP Request: POST https://api.telegram.org/bot7679333451:AAGmlWKFP5uSjmUmuqGR0RIHcmuVoyt8A1g/getUpdates "HTTP/1.1 200 OK"
2025-04-28 17:41:19,723 - INFO - HTTP Request: POST https://api.telegram.org/bot7679333451:AAGmlWKFP5uSjmUmuqGR0RIHcmuVoyt8A1g/getUpdates "HTTP/1.1 200 OK"
2025-04-28 17:41:29,942 - INFO - HTTP Request: POST https://api.telegram.org/bot7679333451:AAGmlWKFP5uSjmUmuqGR0RIHcmuVoyt8A1g/getUpdates "HTTP/1.1 200 OK"
2025-04-28 17:41:40,351 - INFO - HTTP Request: POST https://api.telegram.org/bot7679333451:AAGmlWKFP5uSjmUmuqGR0RIHcmuVoyt8A1g/getUpdates "HTTP/1.1 200 OK"
2025-04-28 17:41:50,989 - INFO - HTTP Request: POST https://api.telegram.org/bot7679333451:AAGmlWKFP5uSjmUmuqGR0RIHcmuVoyt8A1g/getUpdates "HTTP/1.1 200 OK"
2025-04-28 17:42:01,204 - INFO - HTTP Request: POST https://api.telegram.org/bot7679333451:AAGmlWKFP5uSjmUmuqGR0RIHcmuVoyt8A1g/getUpdates "HTTP/1.1 200 OK"
2025-04-28 17:42:11,613 - INFO - HTTP Request: POST https://api.telegram.org/bot7679333451:AAGmlWKFP5uSjmUmuqGR0RIHcmuVoyt8A1g/getUpdates "HTTP/1.1 200 OK"
2025-04-28 17:42:21,829 - INFO - HTTP Request: POST https://api.telegram.org/bot7679333451:AAGmlWKFP5uSjmUmuqGR0RIHcmuVoyt8A1g/getUpdates "HTTP/1.1 200 OK"
2025-04-28 17:42:32,057 - INFO - HTTP Request: POST https://api.telegram.org/bot7679333451:AAGmlWKFP5uSjmUmuqGR0RIHcmuVoyt8A1g/getUpdates "HTTP/1.1 200 OK"
2025-04-28 17:42:42,270 - INFO - HTTP Request: POST https://api.telegram.org/bot7679333451:AAGmlWKFP5uSjmUmuqGR0RIHcmuVoyt8A1g/getUpdates "HTTP/1.1 200 OK"
2025-04-28 17:42:52,486 - INFO - HTTP Request: POST https://api.telegram.org/bot7679333451:AAGmlWKFP5uSjmUmuqGR0RIHcmuVoyt8A1g/getUpdates "HTTP/1.1 200 OK"
2025-04-28 17:43:02,702 - INFO - HTTP Request: POST https://api.telegram.org/bot7679333451:AAGmlWKFP5uSjmUmuqGR0RIHcmuVoyt8A1g/getUpdates "HTTP/1.1 200 OK"
2025-04-28 17:43:13,112 - INFO - HTTP Request: POST https://api.telegram.org/bot7679333451:AAGmlWKFP5uSjmUmuqGR0RIHcmuVoyt8A1g/getUpdates "HTTP/1.1 200 OK"
2025-04-28 17:43:23,539 - INFO - HTTP Request: POST https://api.telegram.org/bot7679333451:AAGmlWKFP5uSjmUmuqGR0RIHcmuVoyt8A1g/getUpdates "HTTP/1.1 200 OK"
2025-04-28 17:43:33,752 - INFO - HTTP Request: POST https://api.telegram.org/bot7679333451:AAGmlWKFP5uSjmUmuqGR0RIHcmuVoyt8A1g/getUpdates "HTTP/1.1 200 OK"
2025-04-28 17:43:43,968 - INFO - HTTP Request: POST https://api.telegram.org/bot7679333451:AAGmlWKFP5uSjmUmuqGR0RIHcmuVoyt8A1g/getUpdates "HTTP/1.1 200 OK"
2025-04-28 17:43:54,379 - INFO - HTTP Request: POST https://api.telegram.org/bot7679333451:AAGmlWKFP5uSjmUmuqGR0RIHcmuVoyt8A1g/getUpdates "HTTP/1.1 200 OK"
2025-04-28 17:44:04,597 - INFO - HTTP Request: POST https://api.telegram.org/bot7679333451:AAGmlWKFP5uSjmUmuqGR0RIHcmuVoyt8A1g/getUpdates "HTTP/1.1 200 OK"
2025-04-28 17:44:14,814 - INFO - HTTP Request: POST https://api.telegram.org/bot7679333451:AAGmlWKFP5uSjmUmuqGR0RIHcmuVoyt8A1g/getUpdates "HTTP/1.1 200 OK"
2025-04-28 17:44:25,028 - INFO - HTTP Request: POST https://api.telegram.org/bot7679333451:AAGmlWKFP5uSjmUmuqGR0RIHcmuVoyt8A1g/getUpdates "HTTP/1.1 200 OK"
2025-04-28 17:44:35,435 - INFO - HTTP Request: POST https://api.telegram.org/bot7679333451:AAGmlWKFP5uSjmUmuqGR0RIHcmuVoyt8A1g/getUpdates "HTTP/1.1 200 OK"
2025-04-28 17:44:45,655 - INFO - HTTP Request: POST https://api.telegram.org/bot7679333451:AAGmlWKFP5uSjmUmuqGR0RIHcmuVoyt8A1g/getUpdates "HTTP/1.1 200 OK"
2025-04-28 17:44:55,869 - INFO - HTTP Request: POST https://api.telegram.org/bot7679333451:AAGmlWKFP5uSjmUmuqGR0RIHcmuVoyt8A1g/getUpdates "HTTP/1.1 200 OK"
2025-04-28 17:45:06,111 - INFO - HTTP Request: POST https://api.telegram.org/bot7679333451:AAGmlWKFP5uSjmUmuqGR0RIHcmuVoyt8A1g/getUpdates "HTTP/1.1 200 OK"
2025-04-28 17:45:16,327 - INFO - HTTP Request: POST https://api.telegram.org/bot7679333451:AAGmlWKFP5uSjmUmuqGR0RIHcmuVoyt8A1g/getUpdates "HTTP/1.1 200 OK"
2025-04-28 17:45:26,736 - INFO - HTTP Request: POST https://api.telegram.org/bot7679333451:AAGmlWKFP5uSjmUmuqGR0RIHcmuVoyt8A1g/getUpdates "HTTP/1.1 200 OK"
2025-04-28 17:45:36,950 - INFO - HTTP Request: POST https://api.telegram.org/bot7679333451:AAGmlWKFP5uSjmUmuqGR0RIHcmuVoyt8A1g/getUpdates "HTTP/1.1 200 OK"
2025-04-28 17:45:47,358 - INFO - HTTP Request: POST https://api.telegram.org/bot7679333451:AAGmlWKFP5uSjmUmuqGR0RIHcmuVoyt8A1g/getUpdates "HTTP/1.1 200 OK"
2025-04-28 17:45:57,770 - INFO - HTTP Request: POST https://api.telegram.org/bot7679333451:AAGmlWKFP5uSjmUmuqGR0RIHcmuVoyt8A1g/getUpdates "HTTP/1.1 200 OK"
2025-04-28 17:46:08,181 - INFO - HTTP Request: POST https://api.telegram.org/bot7679333451:AAGmlWKFP5uSjmUmuqGR0RIHcmuVoyt8A1g/getUpdates "HTTP/1.1 200 OK"
2025-04-28 17:46:18,588 - INFO - HTTP Request: POST https://api.telegram.org/bot7679333451:AAGmlWKFP5uSjmUmuqGR0RIHcmuVoyt8A1g/getUpdates "HTTP/1.1 200 OK"
2025-04-28 17:46:28,999 - INFO - HTTP Request: POST https://api.telegram.org/bot7679333451:AAGmlWKFP5uSjmUmuqGR0RIHcmuVoyt8A1g/getUpdates "HTTP/1.1 200 OK"
2025-04-28 17:46:39,213 - INFO - HTTP Request: POST https://api.telegram.org/bot7679333451:AAGmlWKFP5uSjmUmuqGR0RIHcmuVoyt8A1g/getUpdates "HTTP/1.1 200 OK"
2025-04-28 17:46:49,435 - INFO - HTTP Request: POST https://api.telegram.org/bot7679333451:AAGmlWKFP5uSjmUmuqGR0RIHcmuVoyt8A1g/getUpdates "HTTP/1.1 200 OK"
2025-04-28 17:46:59,849 - INFO - HTTP Request: POST https://api.telegram.org/bot7679333451:AAGmlWKFP5uSjmUmuqGR0RIHcmuVoyt8A1g/getUpdates "HTTP/1.1 200 OK"
2025-04-28 17:47:10,272 - INFO - HTTP Request: POST https://api.telegram.org/bot7679333451:AAGmlWKFP5uSjmUmuqGR0RIHcmuVoyt8A1g/getUpdates "HTTP/1.1 200 OK"
2025-04-28 17:47:20,525 - INFO - HTTP Request: POST https://api.telegram.org/bot7679333451:AAGmlWKFP5uSjmUmuqGR0RIHcmuVoyt8A1g/getUpdates "HTTP/1.1 200 OK"
2025-04-28 17:47:30,932 - INFO - HTTP Request: POST https://api.telegram.org/bot7679333451:AAGmlWKFP5uSjmUmuqGR0RIHcmuVoyt8A1g/getUpdates "HTTP/1.1 200 OK"
2025-04-28 17:47:41,344 - INFO - HTTP Request: POST https://api.telegram.org/bot7679333451:AAGmlWKFP5uSjmUmuqGR0RIHcmuVoyt8A1g/getUpdates "HTTP/1.1 200 OK"
2025-04-28 17:47:51,763 - INFO - HTTP Request: POST https://api.telegram.org/bot7679333451:AAGmlWKFP5uSjmUmuqGR0RIHcmuVoyt8A1g/getUpdates "HTTP/1.1 200 OK"
2025-04-28 17:48:01,978 - INFO - HTTP Request: POST https://api.telegram.org/bot7679333451:AAGmlWKFP5uSjmUmuqGR0RIHcmuVoyt8A1g/getUpdates "HTTP/1.1 200 OK"
2025-04-28 17:48:12,406 - INFO - HTTP Request: POST https://api.telegram.org/bot7679333451:AAGmlWKFP5uSjmUmuqGR0RIHcmuVoyt8A1g/getUpdates "HTTP/1.1 200 OK"
2025-04-28 17:48:22,630 - INFO - HTTP Request: POST https://api.telegram.org/bot7679333451:AAGmlWKFP5uSjmUmuqGR0RIHcmuVoyt8A1g/getUpdates "HTTP/1.1 200 OK"
2025-04-28 17:48:32,847 - INFO - HTTP Request: POST https://api.telegram.org/bot7679333451:AAGmlWKFP5uSjmUmuqGR0RIHcmuVoyt8A1g/getUpdates "HTTP/1.1 200 OK"
2025-04-28 17:48:43,062 - INFO - HTTP Request: POST https://api.telegram.org/bot7679333451:AAGmlWKFP5uSjmUmuqGR0RIHcmuVoyt8A1g/getUpdates "HTTP/1.1 200 OK"
2025-04-28 17:48:53,277 - INFO - HTTP Request: POST https://api.telegram.org/bot7679333451:AAGmlWKFP5uSjmUmuqGR0RIHcmuVoyt8A1g/getUpdates "HTTP/1.1 200 OK"
2025-04-28 17:49:03,718 - INFO - HTTP Request: POST https://api.telegram.org/bot7679333451:AAGmlWKFP5uSjmUmuqGR0RIHcmuVoyt8A1g/getUpdates "HTTP/1.1 200 OK"
2025-04-28 17:49:14,126 - INFO - HTTP Request: POST https://api.telegram.org/bot7679333451:AAGmlWKFP5uSjmUmuqGR0RIHcmuVoyt8A1g/getUpdates "HTTP/1.1 200 OK"
2025-04-28 17:49:24,342 - INFO - HTTP Request: POST https://api.telegram.org/bot7679333451:AAGmlWKFP5uSjmUmuqGR0RIHcmuVoyt8A1g/getUpdates "HTTP/1.1 200 OK"
2025-04-28 17:49:34,556 - INFO - HTTP Request: POST https://api.telegram.org/bot7679333451:AAGmlWKFP5uSjmUmuqGR0RIHcmuVoyt8A1g/getUpdates "HTTP/1.1 200 OK"
2025-04-28 17:49:44,965 - INFO - HTTP Request: POST https://api.telegram.org/bot7679333451:AAGmlWKFP5uSjmUmuqGR0RIHcmuVoyt8A1g/getUpdates "HTTP/1.1 200 OK"
2025-04-28 17:49:55,181 - INFO - HTTP Request: POST https://api.telegram.org/bot7679333451:AAGmlWKFP5uSjmUmuqGR0RIHcmuVoyt8A1g/getUpdates "HTTP/1.1 200 OK"
2025-04-28 17:50:05,596 - INFO - HTTP Request: POST https://api.telegram.org/bot7679333451:AAGmlWKFP5uSjmUmuqGR0RIHcmuVoyt8A1g/getUpdates "HTTP/1.1 200 OK"
2025-04-28 17:50:15,810 - INFO - HTTP Request: POST https://api.telegram.org/bot7679333451:AAGmlWKFP5uSjmUmuqGR0RIHcmuVoyt8A1g/getUpdates "HTTP/1.1 200 OK"
2025-04-28 17:50:26,026 - INFO - HTTP Request: POST https://api.telegram.org/bot7679333451:AAGmlWKFP5uSjmUmuqGR0RIHcmuVoyt8A1g/getUpdates "HTTP/1.1 200 OK"
2025-04-28 17:50:36,242 - INFO - HTTP Request: POST https://api.telegram.org/bot7679333451:AAGmlWKFP5uSjmUmuqGR0RIHcmuVoyt8A1g/getUpdates "HTTP/1.1 200 OK"
2025-04-28 17:50:46,458 - INFO - HTTP Request: POST https://api.telegram.org/bot7679333451:AAGmlWKFP5uSjmUmuqGR0RIHcmuVoyt8A1g/getUpdates "HTTP/1.1 200 OK"
2025-04-28 17:50:56,869 - INFO - HTTP Request: POST https://api.telegram.org/bot7679333451:AAGmlWKFP5uSjmUmuqGR0RIHcmuVoyt8A1g/getUpdates "HTTP/1.1 200 OK"
2025-04-28 17:51:07,087 - INFO - HTTP Request: POST https://api.telegram.org/bot7679333451:AAGmlWKFP5uSjmUmuqGR0RIHcmuVoyt8A1g/getUpdates "HTTP/1.1 200 OK"
2025-04-28 17:51:17,302 - INFO - HTTP Request: POST https://api.telegram.org/bot7679333451:AAGmlWKFP5uSjmUmuqGR0RIHcmuVoyt8A1g/getUpdates "HTTP/1.1 200 OK"
2025-04-28 17:51:27,524 - INFO - HTTP Request: POST https://api.telegram.org/bot7679333451:AAGmlWKFP5uSjmUmuqGR0RIHcmuVoyt8A1g/getUpdates "HTTP/1.1 200 OK"
2025-04-28 17:51:37,741 - INFO - HTTP Request: POST https://api.telegram.org/bot7679333451:AAGmlWKFP5uSjmUmuqGR0RIHcmuVoyt8A1g/getUpdates "HTTP/1.1 200 OK"
2025-04-28 17:51:48,150 - INFO - HTTP Request: POST https://api.telegram.org/bot7679333451:AAGmlWKFP5uSjmUmuqGR0RIHcmuVoyt8A1g/getUpdates "HTTP/1.1 200 OK"
2025-05-08 15:38:04,883 - INFO - HTTP Request: POST https://api.telegram.org/bot7679333451:AAGmlWKFP5uSjmUmuqGR0RIHcmuVoyt8A1g/getMe "HTTP/1.1 200 OK"
2025-05-08 15:38:05,077 - INFO - HTTP Request: POST https://api.telegram.org/bot7679333451:AAGmlWKFP5uSjmUmuqGR0RIHcmuVoyt8A1g/deleteWebhook "HTTP/1.1 200 OK"
2025-05-08 15:38:05,079 - INFO - Scheduler started
2025-05-08 15:38:05,079 - INFO - Application started
2025-05-08 15:38:15,659 - INFO - HTTP Request: POST https://api.telegram.org/bot7679333451:AAGmlWKFP5uSjmUmuqGR0RIHcmuVoyt8A1g/getUpdates "HTTP/1.1 200 OK"
2025-05-08 15:38:25,852 - INFO - HTTP Request: POST https://api.telegram.org/bot7679333451:AAGmlWKFP5uSjmUmuqGR0RIHcmuVoyt8A1g/getUpdates "HTTP/1.1 200 OK"
2025-05-08 15:38:36,045 - INFO - HTTP Request: POST https://api.telegram.org/bot7679333451:AAGmlWKFP5uSjmUmuqGR0RIHcmuVoyt8A1g/getUpdates "HTTP/1.1 200 OK"
2025-05-08 15:38:46,238 - INFO - HTTP Request: POST https://api.telegram.org/bot7679333451:AAGmlWKFP5uSjmUmuqGR0RIHcmuVoyt8A1g/getUpdates "HTTP/1.1 200 OK"
2025-05-08 15:38:56,429 - INFO - HTTP Request: POST https://api.telegram.org/bot7679333451:AAGmlWKFP5uSjmUmuqGR0RIHcmuVoyt8A1g/getUpdates "HTTP/1.1 200 OK"
2025-05-08 15:39:06,628 - INFO - HTTP Request: POST https://api.telegram.org/bot7679333451:AAGmlWKFP5uSjmUmuqGR0RIHcmuVoyt8A1g/getUpdates "HTTP/1.1 200 OK"
2025-05-08 15:39:16,820 - INFO - HTTP Request: POST https://api.telegram.org/bot7679333451:AAGmlWKFP5uSjmUmuqGR0RIHcmuVoyt8A1g/getUpdates "HTTP/1.1 200 OK"
2025-05-08 15:39:27,014 - INFO - HTTP Request: POST https://api.telegram.org/bot7679333451:AAGmlWKFP5uSjmUmuqGR0RIHcmuVoyt8A1g/getUpdates "HTTP/1.1 200 OK"
2025-05-08 15:39:37,207 - INFO - HTTP Request: POST https://api.telegram.org/bot7679333451:AAGmlWKFP5uSjmUmuqGR0RIHcmuVoyt8A1g/getUpdates "HTTP/1.1 200 OK"
2025-05-08 15:39:47,810 - INFO - HTTP Request: POST https://api.telegram.org/bot7679333451:AAGmlWKFP5uSjmUmuqGR0RIHcmuVoyt8A1g/getUpdates "HTTP/1.1 200 OK"
2025-05-08 15:39:58,016 - INFO - HTTP Request: POST https://api.telegram.org/bot7679333451:AAGmlWKFP5uSjmUmuqGR0RIHcmuVoyt8A1g/getUpdates "HTTP/1.1 200 OK"
2025-05-08 15:40:08,212 - INFO - HTTP Request: POST https://api.telegram.org/bot7679333451:AAGmlWKFP5uSjmUmuqGR0RIHcmuVoyt8A1g/getUpdates "HTTP/1.1 200 OK"
2025-05-08 15:40:18,403 - INFO - HTTP Request: POST https://api.telegram.org/bot7679333451:AAGmlWKFP5uSjmUmuqGR0RIHcmuVoyt8A1g/getUpdates "HTTP/1.1 200 OK"
2025-05-08 15:40:28,596 - INFO - HTTP Request: POST https://api.telegram.org/bot7679333451:AAGmlWKFP5uSjmUmuqGR0RIHcmuVoyt8A1g/getUpdates "HTTP/1.1 200 OK"
2025-05-08 15:40:38,793 - INFO - HTTP Request: POST https://api.telegram.org/bot7679333451:AAGmlWKFP5uSjmUmuqGR0RIHcmuVoyt8A1g/getUpdates "HTTP/1.1 200 OK"
2025-05-08 15:40:49,417 - INFO - HTTP Request: POST https://api.telegram.org/bot7679333451:AAGmlWKFP5uSjmUmuqGR0RIHcmuVoyt8A1g/getUpdates "HTTP/1.1 200 OK"
2025-05-08 15:40:59,608 - INFO - HTTP Request: POST https://api.telegram.org/bot7679333451:AAGmlWKFP5uSjmUmuqGR0RIHcmuVoyt8A1g/getUpdates "HTTP/1.1 200 OK"
2025-05-08 16:43:21,132 - INFO - HTTP Request: POST https://api.telegram.org/bot7679333451:AAGmlWKFP5uSjmUmuqGR0RIHcmuVoyt8A1g/getMe "HTTP/1.1 200 OK"
2025-05-08 16:43:21,317 - INFO - HTTP Request: POST https://api.telegram.org/bot7679333451:AAGmlWKFP5uSjmUmuqGR0RIHcmuVoyt8A1g/deleteWebhook "HTTP/1.1 200 OK"
2025-05-08 16:43:21,318 - INFO - Scheduler started
2025-05-08 16:43:21,318 - INFO - Application started
2025-05-08 16:43:31,855 - INFO - HTTP Request: POST https://api.telegram.org/bot7679333451:AAGmlWKFP5uSjmUmuqGR0RIHcmuVoyt8A1g/getUpdates "HTTP/1.1 200 OK"
2025-05-08 16:43:42,037 - INFO - HTTP Request: POST https://api.telegram.org/bot7679333451:AAGmlWKFP5uSjmUmuqGR0RIHcmuVoyt8A1g/getUpdates "HTTP/1.1 200 OK"
2025-05-08 16:43:52,234 - INFO - HTTP Request: POST https://api.telegram.org/bot7679333451:AAGmlWKFP5uSjmUmuqGR0RIHcmuVoyt8A1g/getUpdates "HTTP/1.1 200 OK"
2025-05-08 16:44:02,417 - INFO - HTTP Request: POST https://api.telegram.org/bot7679333451:AAGmlWKFP5uSjmUmuqGR0RIHcmuVoyt8A1g/getUpdates "HTTP/1.1 200 OK"
2025-05-08 16:44:12,602 - INFO - HTTP Request: POST https://api.telegram.org/bot7679333451:AAGmlWKFP5uSjmUmuqGR0RIHcmuVoyt8A1g/getUpdates "HTTP/1.1 200 OK"
2025-05-08 16:44:22,788 - INFO - HTTP Request: POST https://api.telegram.org/bot7679333451:AAGmlWKFP5uSjmUmuqGR0RIHcmuVoyt8A1g/getUpdates "HTTP/1.1 200 OK"
2025-05-08 16:44:32,972 - INFO - HTTP Request: POST https://api.telegram.org/bot7679333451:AAGmlWKFP5uSjmUmuqGR0RIHcmuVoyt8A1g/getUpdates "HTTP/1.1 200 OK"
2025-05-08 16:44:43,154 - INFO - HTTP Request: POST https://api.telegram.org/bot7679333451:AAGmlWKFP5uSjmUmuqGR0RIHcmuVoyt8A1g/getUpdates "HTTP/1.1 200 OK"
2025-05-08 16:44:53,336 - INFO - HTTP Request: POST https://api.telegram.org/bot7679333451:AAGmlWKFP5uSjmUmuqGR0RIHcmuVoyt8A1g/getUpdates "HTTP/1.1 200 OK"
2025-05-08 16:45:03,524 - INFO - HTTP Request: POST https://api.telegram.org/bot7679333451:AAGmlWKFP5uSjmUmuqGR0RIHcmuVoyt8A1g/getUpdates "HTTP/1.1 200 OK"
2025-05-08 16:45:13,710 - INFO - HTTP Request: POST https://api.telegram.org/bot7679333451:AAGmlWKFP5uSjmUmuqGR0RIHcmuVoyt8A1g/getUpdates "HTTP/1.1 200 OK"
2025-05-08 16:45:23,893 - INFO - HTTP Request: POST https://api.telegram.org/bot7679333451:AAGmlWKFP5uSjmUmuqGR0RIHcmuVoyt8A1g/getUpdates "HTTP/1.1 200 OK"
2025-05-08 16:45:34,078 - INFO - HTTP Request: POST https://api.telegram.org/bot7679333451:AAGmlWKFP5uSjmUmuqGR0RIHcmuVoyt8A1g/getUpdates "HTTP/1.1 200 OK"
2025-05-08 16:45:44,260 - INFO - HTTP Request: POST https://api.telegram.org/bot7679333451:AAGmlWKFP5uSjmUmuqGR0RIHcmuVoyt8A1g/getUpdates "HTTP/1.1 200 OK"
2025-05-08 16:45:54,441 - INFO - HTTP Request: POST https://api.telegram.org/bot7679333451:AAGmlWKFP5uSjmUmuqGR0RIHcmuVoyt8A1g/getUpdates "HTTP/1.1 200 OK"
2025-05-08 16:46:04,621 - INFO - HTTP Request: POST https://api.telegram.org/bot7679333451:AAGmlWKFP5uSjmUmuqGR0RIHcmuVoyt8A1g/getUpdates "HTTP/1.1 200 OK"
2025-05-08 16:46:15,210 - INFO - HTTP Request: POST https://api.telegram.org/bot7679333451:AAGmlWKFP5uSjmUmuqGR0RIHcmuVoyt8A1g/getUpdates "HTTP/1.1 200 OK"
2025-05-08 16:46:25,394 - INFO - HTTP Request: POST https://api.telegram.org/bot7679333451:AAGmlWKFP5uSjmUmuqGR0RIHcmuVoyt8A1g/getUpdates "HTTP/1.1 200 OK"
2025-05-08 16:46:35,575 - INFO - HTTP Request: POST https://api.telegram.org/bot7679333451:AAGmlWKFP5uSjmUmuqGR0RIHcmuVoyt8A1g/getUpdates "HTTP/1.1 200 OK"
2025-05-08 16:46:45,757 - INFO - HTTP Request: POST https://api.telegram.org/bot7679333451:AAGmlWKFP5uSjmUmuqGR0RIHcmuVoyt8A1g/getUpdates "HTTP/1.1 200 OK"
2025-05-08 16:46:55,954 - INFO - HTTP Request: POST https://api.telegram.org/bot7679333451:AAGmlWKFP5uSjmUmuqGR0RIHcmuVoyt8A1g/getUpdates "HTTP/1.1 200 OK"
2025-05-08 16:47:06,191 - INFO - HTTP Request: POST https://api.telegram.org/bot7679333451:AAGmlWKFP5uSjmUmuqGR0RIHcmuVoyt8A1g/getUpdates "HTTP/1.1 200 OK"
2025-05-08 16:47:16,373 - INFO - HTTP Request: POST https://api.telegram.org/bot7679333451:AAGmlWKFP5uSjmUmuqGR0RIHcmuVoyt8A1g/getUpdates "HTTP/1.1 200 OK"
2025-05-08 16:47:26,560 - INFO - HTTP Request: POST https://api.telegram.org/bot7679333451:AAGmlWKFP5uSjmUmuqGR0RIHcmuVoyt8A1g/getUpdates "HTTP/1.1 200 OK"
2025-05-08 16:47:36,742 - INFO - HTTP Request: POST https://api.telegram.org/bot7679333451:AAGmlWKFP5uSjmUmuqGR0RIHcmuVoyt8A1g/getUpdates "HTTP/1.1 200 OK"
2025-05-08 16:47:46,924 - INFO - HTTP Request: POST https://api.telegram.org/bot7679333451:AAGmlWKFP5uSjmUmuqGR0RIHcmuVoyt8A1g/getUpdates "HTTP/1.1 200 OK"
2025-05-08 16:47:57,104 - INFO - HTTP Request: POST https://api.telegram.org/bot7679333451:AAGmlWKFP5uSjmUmuqGR0RIHcmuVoyt8A1g/getUpdates "HTTP/1.1 200 OK"
2025-05-08 16:48:07,288 - INFO - HTTP Request: POST https://api.telegram.org/bot7679333451:AAGmlWKFP5uSjmUmuqGR0RIHcmuVoyt8A1g/getUpdates "HTTP/1.1 200 OK"
2025-05-08 16:48:17,473 - INFO - HTTP Request: POST https://api.telegram.org/bot7679333451:AAGmlWKFP5uSjmUmuqGR0RIHcmuVoyt8A1g/getUpdates "HTTP/1.1 200 OK"
2025-05-08 16:48:27,658 - INFO - HTTP Request: POST https://api.telegram.org/bot7679333451:AAGmlWKFP5uSjmUmuqGR0RIHcmuVoyt8A1g/getUpdates "HTTP/1.1 200 OK"
2025-05-08 16:48:37,893 - INFO - HTTP Request: POST https://api.telegram.org/bot7679333451:AAGmlWKFP5uSjmUmuqGR0RIHcmuVoyt8A1g/getUpdates "HTTP/1.1 200 OK"
2025-05-08 16:48:48,076 - INFO - HTTP Request: POST https://api.telegram.org/bot7679333451:AAGmlWKFP5uSjmUmuqGR0RIHcmuVoyt8A1g/getUpdates "HTTP/1.1 200 OK"
2025-05-08 16:48:58,257 - INFO - HTTP Request: POST https://api.telegram.org/bot7679333451:AAGmlWKFP5uSjmUmuqGR0RIHcmuVoyt8A1g/getUpdates "HTTP/1.1 200 OK"
2025-05-08 16:49:08,440 - INFO - HTTP Request: POST https://api.telegram.org/bot7679333451:AAGmlWKFP5uSjmUmuqGR0RIHcmuVoyt8A1g/getUpdates "HTTP/1.1 200 OK"
2025-05-08 16:49:18,623 - INFO - HTTP Request: POST https://api.telegram.org/bot7679333451:AAGmlWKFP5uSjmUmuqGR0RIHcmuVoyt8A1g/getUpdates "HTTP/1.1 200 OK"
2025-05-08 16:49:28,806 - INFO - HTTP Request: POST https://api.telegram.org/bot7679333451:AAGmlWKFP5uSjmUmuqGR0RIHcmuVoyt8A1g/getUpdates "HTTP/1.1 200 OK"
2025-05-08 16:49:38,988 - INFO - HTTP Request: POST https://api.telegram.org/bot7679333451:AAGmlWKFP5uSjmUmuqGR0RIHcmuVoyt8A1g/getUpdates "HTTP/1.1 200 OK"
2025-05-08 16:49:49,169 - INFO - HTTP Request: POST https://api.telegram.org/bot7679333451:AAGmlWKFP5uSjmUmuqGR0RIHcmuVoyt8A1g/getUpdates "HTTP/1.1 200 OK"
2025-05-08 16:49:59,354 - INFO - HTTP Request: POST https://api.telegram.org/bot7679333451:AAGmlWKFP5uSjmUmuqGR0RIHcmuVoyt8A1g/getUpdates "HTTP/1.1 200 OK"
2025-05-08 16:50:09,535 - INFO - HTTP Request: POST https://api.telegram.org/bot7679333451:AAGmlWKFP5uSjmUmuqGR0RIHcmuVoyt8A1g/getUpdates "HTTP/1.1 200 OK"
2025-05-08 16:50:19,723 - INFO - HTTP Request: POST https://api.telegram.org/bot7679333451:AAGmlWKFP5uSjmUmuqGR0RIHcmuVoyt8A1g/getUpdates "HTTP/1.1 200 OK"
2025-05-08 16:50:29,907 - INFO - HTTP Request: POST https://api.telegram.org/bot7679333451:AAGmlWKFP5uSjmUmuqGR0RIHcmuVoyt8A1g/getUpdates "HTTP/1.1 200 OK"
2025-05-08 16:50:40,093 - INFO - HTTP Request: POST https://api.telegram.org/bot7679333451:AAGmlWKFP5uSjmUmuqGR0RIHcmuVoyt8A1g/getUpdates "HTTP/1.1 200 OK"
2025-05-08 16:50:50,274 - INFO - HTTP Request: POST https://api.telegram.org/bot7679333451:AAGmlWKFP5uSjmUmuqGR0RIHcmuVoyt8A1g/getUpdates "HTTP/1.1 200 OK"
2025-05-08 16:51:00,460 - INFO - HTTP Request: POST https://api.telegram.org/bot7679333451:AAGmlWKFP5uSjmUmuqGR0RIHcmuVoyt8A1g/getUpdates "HTTP/1.1 200 OK"
2025-05-08 16:51:10,644 - INFO - HTTP Request: POST https://api.telegram.org/bot7679333451:AAGmlWKFP5uSjmUmuqGR0RIHcmuVoyt8A1g/getUpdates "HTTP/1.1 200 OK"
2025-05-08 16:51:20,825 - INFO - HTTP Request: POST https://api.telegram.org/bot7679333451:AAGmlWKFP5uSjmUmuqGR0RIHcmuVoyt8A1g/getUpdates "HTTP/1.1 200 OK"
2025-05-08 16:51:31,017 - INFO - HTTP Request: POST https://api.telegram.org/bot7679333451:AAGmlWKFP5uSjmUmuqGR0RIHcmuVoyt8A1g/getUpdates "HTTP/1.1 200 OK"
2025-05-08 16:51:41,201 - INFO - HTTP Request: POST https://api.telegram.org/bot7679333451:AAGmlWKFP5uSjmUmuqGR0RIHcmuVoyt8A1g/getUpdates "HTTP/1.1 200 OK"
2025-05-08 16:51:51,385 - INFO - HTTP Request: POST https://api.telegram.org/bot7679333451:AAGmlWKFP5uSjmUmuqGR0RIHcmuVoyt8A1g/getUpdates "HTTP/1.1 200 OK"
2025-05-08 16:52:01,582 - INFO - HTTP Request: POST https://api.telegram.org/bot7679333451:AAGmlWKFP5uSjmUmuqGR0RIHcmuVoyt8A1g/getUpdates "HTTP/1.1 200 OK"
2025-05-08 16:52:11,766 - INFO - HTTP Request: POST https://api.telegram.org/bot7679333451:AAGmlWKFP5uSjmUmuqGR0RIHcmuVoyt8A1g/getUpdates "HTTP/1.1 200 OK"
2025-05-08 16:52:21,952 - INFO - HTTP Request: POST https://api.telegram.org/bot7679333451:AAGmlWKFP5uSjmUmuqGR0RIHcmuVoyt8A1g/getUpdates "HTTP/1.1 200 OK"
2025-05-08 16:52:32,143 - INFO - HTTP Request: POST https://api.telegram.org/bot7679333451:AAGmlWKFP5uSjmUmuqGR0RIHcmuVoyt8A1g/getUpdates "HTTP/1.1 200 OK"
2025-05-08 16:52:42,329 - INFO - HTTP Request: POST https://api.telegram.org/bot7679333451:AAGmlWKFP5uSjmUmuqGR0RIHcmuVoyt8A1g/getUpdates "HTTP/1.1 200 OK"
2025-05-08 16:52:52,571 - INFO - HTTP Request: POST https://api.telegram.org/bot7679333451:AAGmlWKFP5uSjmUmuqGR0RIHcmuVoyt8A1g/getUpdates "HTTP/1.1 200 OK"
2025-05-08 16:53:02,788 - INFO - HTTP Request: POST https://api.telegram.org/bot7679333451:AAGmlWKFP5uSjmUmuqGR0RIHcmuVoyt8A1g/getUpdates "HTTP/1.1 200 OK"
2025-05-08 16:53:12,977 - INFO - HTTP Request: POST https://api.telegram.org/bot7679333451:AAGmlWKFP5uSjmUmuqGR0RIHcmuVoyt8A1g/getUpdates "HTTP/1.1 200 OK"
2025-05-08 16:53:23,161 - INFO - HTTP Request: POST https://api.telegram.org/bot7679333451:AAGmlWKFP5uSjmUmuqGR0RIHcmuVoyt8A1g/getUpdates "HTTP/1.1 200 OK"
2025-05-08 16:53:33,344 - INFO - HTTP Request: POST https://api.telegram.org/bot7679333451:AAGmlWKFP5uSjmUmuqGR0RIHcmuVoyt8A1g/getUpdates "HTTP/1.1 200 OK"
2025-05-08 16:53:43,531 - INFO - HTTP Request: POST https://api.telegram.org/bot7679333451:AAGmlWKFP5uSjmUmuqGR0RIHcmuVoyt8A1g/getUpdates "HTTP/1.1 200 OK"
2025-05-08 16:53:53,716 - INFO - HTTP Request: POST https://api.telegram.org/bot7679333451:AAGmlWKFP5uSjmUmuqGR0RIHcmuVoyt8A1g/getUpdates "HTTP/1.1 200 OK"
2025-05-08 16:54:03,901 - INFO - HTTP Request: POST https://api.telegram.org/bot7679333451:AAGmlWKFP5uSjmUmuqGR0RIHcmuVoyt8A1g/getUpdates "HTTP/1.1 200 OK"
2025-05-08 16:54:14,080 - INFO - HTTP Request: POST https://api.telegram.org/bot7679333451:AAGmlWKFP5uSjmUmuqGR0RIHcmuVoyt8A1g/getUpdates "HTTP/1.1 200 OK"
2025-05-08 16:54:24,269 - INFO - HTTP Request: POST https://api.telegram.org/bot7679333451:AAGmlWKFP5uSjmUmuqGR0RIHcmuVoyt8A1g/getUpdates "HTTP/1.1 200 OK"
2025-05-08 16:54:34,452 - INFO - HTTP Request: POST https://api.telegram.org/bot7679333451:AAGmlWKFP5uSjmUmuqGR0RIHcmuVoyt8A1g/getUpdates "HTTP/1.1 200 OK"
2025-05-08 16:54:44,633 - INFO - HTTP Request: POST https://api.telegram.org/bot7679333451:AAGmlWKFP5uSjmUmuqGR0RIHcmuVoyt8A1g/getUpdates "HTTP/1.1 200 OK"
2025-05-08 16:54:54,815 - INFO - HTTP Request: POST https://api.telegram.org/bot7679333451:AAGmlWKFP5uSjmUmuqGR0RIHcmuVoyt8A1g/getUpdates "HTTP/1.1 200 OK"
2025-05-08 16:55:05,002 - INFO - HTTP Request: POST https://api.telegram.org/bot7679333451:AAGmlWKFP5uSjmUmuqGR0RIHcmuVoyt8A1g/getUpdates "HTTP/1.1 200 OK"
2025-05-08 16:55:15,185 - INFO - HTTP Request: POST https://api.telegram.org/bot7679333451:AAGmlWKFP5uSjmUmuqGR0RIHcmuVoyt8A1g/getUpdates "HTTP/1.1 200 OK"
2025-05-08 16:55:25,367 - INFO - HTTP Request: POST https://api.telegram.org/bot7679333451:AAGmlWKFP5uSjmUmuqGR0RIHcmuVoyt8A1g/getUpdates "HTTP/1.1 200 OK"
2025-05-08 16:55:35,551 - INFO - HTTP Request: POST https://api.telegram.org/bot7679333451:AAGmlWKFP5uSjmUmuqGR0RIHcmuVoyt8A1g/getUpdates "HTTP/1.1 200 OK"
2025-05-08 16:55:45,737 - INFO - HTTP Request: POST https://api.telegram.org/bot7679333451:AAGmlWKFP5uSjmUmuqGR0RIHcmuVoyt8A1g/getUpdates "HTTP/1.1 200 OK"
2025-05-08 16:55:55,917 - INFO - HTTP Request: POST https://api.telegram.org/bot7679333451:AAGmlWKFP5uSjmUmuqGR0RIHcmuVoyt8A1g/getUpdates "HTTP/1.1 200 OK"
2025-05-08 16:56:06,105 - INFO - HTTP Request: POST https://api.telegram.org/bot7679333451:AAGmlWKFP5uSjmUmuqGR0RIHcmuVoyt8A1g/getUpdates "HTTP/1.1 200 OK"
2025-05-08 16:56:16,293 - INFO - HTTP Request: POST https://api.telegram.org/bot7679333451:AAGmlWKFP5uSjmUmuqGR0RIHcmuVoyt8A1g/getUpdates "HTTP/1.1 200 OK"
2025-05-08 16:56:26,489 - INFO - HTTP Request: POST https://api.telegram.org/bot7679333451:AAGmlWKFP5uSjmUmuqGR0RIHcmuVoyt8A1g/getUpdates "HTTP/1.1 200 OK"
2025-05-08 16:56:36,674 - INFO - HTTP Request: POST https://api.telegram.org/bot7679333451:AAGmlWKFP5uSjmUmuqGR0RIHcmuVoyt8A1g/getUpdates "HTTP/1.1 200 OK"
2025-05-08 16:56:46,859 - INFO - HTTP Request: POST https://api.telegram.org/bot7679333451:AAGmlWKFP5uSjmUmuqGR0RIHcmuVoyt8A1g/getUpdates "HTTP/1.1 200 OK"
2025-05-08 16:56:57,044 - INFO - HTTP Request: POST https://api.telegram.org/bot7679333451:AAGmlWKFP5uSjmUmuqGR0RIHcmuVoyt8A1g/getUpdates "HTTP/1.1 200 OK"
2025-05-08 16:57:07,224 - INFO - HTTP Request: POST https://api.telegram.org/bot7679333451:AAGmlWKFP5uSjmUmuqGR0RIHcmuVoyt8A1g/getUpdates "HTTP/1.1 200 OK"
2025-05-08 16:57:17,406 - INFO - HTTP Request: POST https://api.telegram.org/bot7679333451:AAGmlWKFP5uSjmUmuqGR0RIHcmuVoyt8A1g/getUpdates "HTTP/1.1 200 OK"
2025-05-08 16:57:27,589 - INFO - HTTP Request: POST https://api.telegram.org/bot7679333451:AAGmlWKFP5uSjmUmuqGR0RIHcmuVoyt8A1g/getUpdates "HTTP/1.1 200 OK"
2025-05-08 16:57:37,770 - INFO - HTTP Request: POST https://api.telegram.org/bot7679333451:AAGmlWKFP5uSjmUmuqGR0RIHcmuVoyt8A1g/getUpdates "HTTP/1.1 200 OK"
2025-05-08 16:57:47,950 - INFO - HTTP Request: POST https://api.telegram.org/bot7679333451:AAGmlWKFP5uSjmUmuqGR0RIHcmuVoyt8A1g/getUpdates "HTTP/1.1 200 OK"
2025-05-08 16:57:58,135 - INFO - HTTP Request: POST https://api.telegram.org/bot7679333451:AAGmlWKFP5uSjmUmuqGR0RIHcmuVoyt8A1g/getUpdates "HTTP/1.1 200 OK"
2025-05-08 16:58:08,316 - INFO - HTTP Request: POST https://api.telegram.org/bot7679333451:AAGmlWKFP5uSjmUmuqGR0RIHcmuVoyt8A1g/getUpdates "HTTP/1.1 200 OK"
2025-05-08 16:58:18,498 - INFO - HTTP Request: POST https://api.telegram.org/bot7679333451:AAGmlWKFP5uSjmUmuqGR0RIHcmuVoyt8A1g/getUpdates "HTTP/1.1 200 OK"
2025-05-08 16:58:28,682 - INFO - HTTP Request: POST https://api.telegram.org/bot7679333451:AAGmlWKFP5uSjmUmuqGR0RIHcmuVoyt8A1g/getUpdates "HTTP/1.1 200 OK"
2025-05-08 16:58:38,866 - INFO - HTTP Request: POST https://api.telegram.org/bot7679333451:AAGmlWKFP5uSjmUmuqGR0RIHcmuVoyt8A1g/getUpdates "HTTP/1.1 200 OK"
2025-05-08 16:58:49,055 - INFO - HTTP Request: POST https://api.telegram.org/bot7679333451:AAGmlWKFP5uSjmUmuqGR0RIHcmuVoyt8A1g/getUpdates "HTTP/1.1 200 OK"
2025-05-08 16:58:59,235 - INFO - HTTP Request: POST https://api.telegram.org/bot7679333451:AAGmlWKFP5uSjmUmuqGR0RIHcmuVoyt8A1g/getUpdates "HTTP/1.1 200 OK"
2025-05-08 16:59:09,414 - INFO - HTTP Request: POST https://api.telegram.org/bot7679333451:AAGmlWKFP5uSjmUmuqGR0RIHcmuVoyt8A1g/getUpdates "HTTP/1.1 200 OK"
2025-05-08 16:59:19,593 - INFO - HTTP Request: POST https://api.telegram.org/bot7679333451:AAGmlWKFP5uSjmUmuqGR0RIHcmuVoyt8A1g/getUpdates "HTTP/1.1 200 OK"
2025-05-08 16:59:29,774 - INFO - HTTP Request: POST https://api.telegram.org/bot7679333451:AAGmlWKFP5uSjmUmuqGR0RIHcmuVoyt8A1g/getUpdates "HTTP/1.1 200 OK"
2025-05-08 16:59:39,956 - INFO - HTTP Request: POST https://api.telegram.org/bot7679333451:AAGmlWKFP5uSjmUmuqGR0RIHcmuVoyt8A1g/getUpdates "HTTP/1.1 200 OK"
2025-05-08 16:59:50,140 - INFO - HTTP Request: POST https://api.telegram.org/bot7679333451:AAGmlWKFP5uSjmUmuqGR0RIHcmuVoyt8A1g/getUpdates "HTTP/1.1 200 OK"
2025-05-08 17:00:00,322 - INFO - HTTP Request: POST https://api.telegram.org/bot7679333451:AAGmlWKFP5uSjmUmuqGR0RIHcmuVoyt8A1g/getUpdates "HTTP/1.1 200 OK"
2025-05-08 17:00:10,503 - INFO - HTTP Request: POST https://api.telegram.org/bot7679333451:AAGmlWKFP5uSjmUmuqGR0RIHcmuVoyt8A1g/getUpdates "HTTP/1.1 200 OK"
2025-05-08 17:00:20,720 - INFO - HTTP Request: POST https://api.telegram.org/bot7679333451:AAGmlWKFP5uSjmUmuqGR0RIHcmuVoyt8A1g/getUpdates "HTTP/1.1 200 OK"
2025-05-08 17:00:31,346 - INFO - HTTP Request: POST https://api.telegram.org/bot7679333451:AAGmlWKFP5uSjmUmuqGR0RIHcmuVoyt8A1g/getUpdates "HTTP/1.1 200 OK"
2025-05-08 17:00:41,531 - INFO - HTTP Request: POST https://api.telegram.org/bot7679333451:AAGmlWKFP5uSjmUmuqGR0RIHcmuVoyt8A1g/getUpdates "HTTP/1.1 200 OK"
2025-05-08 17:00:51,720 - INFO - HTTP Request: POST https://api.telegram.org/bot7679333451:AAGmlWKFP5uSjmUmuqGR0RIHcmuVoyt8A1g/getUpdates "HTTP/1.1 200 OK"
2025-05-08 17:01:01,902 - INFO - HTTP Request: POST https://api.telegram.org/bot7679333451:AAGmlWKFP5uSjmUmuqGR0RIHcmuVoyt8A1g/getUpdates "HTTP/1.1 200 OK"
2025-05-08 17:01:12,088 - INFO - HTTP Request: POST https://api.telegram.org/bot7679333451:AAGmlWKFP5uSjmUmuqGR0RIHcmuVoyt8A1g/getUpdates "HTTP/1.1 200 OK"
2025-05-08 17:01:22,272 - INFO - HTTP Request: POST https://api.telegram.org/bot7679333451:AAGmlWKFP5uSjmUmuqGR0RIHcmuVoyt8A1g/getUpdates "HTTP/1.1 200 OK"
2025-05-08 17:01:32,456 - INFO - HTTP Request: POST https://api.telegram.org/bot7679333451:AAGmlWKFP5uSjmUmuqGR0RIHcmuVoyt8A1g/getUpdates "HTTP/1.1 200 OK"
2025-05-08 17:01:42,641 - INFO - HTTP Request: POST https://api.telegram.org/bot7679333451:AAGmlWKFP5uSjmUmuqGR0RIHcmuVoyt8A1g/getUpdates "HTTP/1.1 200 OK"
2025-05-08 17:01:52,831 - INFO - HTTP Request: POST https://api.telegram.org/bot7679333451:AAGmlWKFP5uSjmUmuqGR0RIHcmuVoyt8A1g/getUpdates "HTTP/1.1 200 OK"
2025-05-08 17:02:03,015 - INFO - HTTP Request: POST https://api.telegram.org/bot7679333451:AAGmlWKFP5uSjmUmuqGR0RIHcmuVoyt8A1g/getUpdates "HTTP/1.1 200 OK"
2025-05-08 17:02:13,199 - INFO - HTTP Request: POST https://api.telegram.org/bot7679333451:AAGmlWKFP5uSjmUmuqGR0RIHcmuVoyt8A1g/getUpdates "HTTP/1.1 200 OK"
2025-05-08 17:02:23,384 - INFO - HTTP Request: POST https://api.telegram.org/bot7679333451:AAGmlWKFP5uSjmUmuqGR0RIHcmuVoyt8A1g/getUpdates "HTTP/1.1 200 OK"
2025-05-08 17:02:33,568 - INFO - HTTP Request: POST https://api.telegram.org/bot7679333451:AAGmlWKFP5uSjmUmuqGR0RIHcmuVoyt8A1g/getUpdates "HTTP/1.1 200 OK"
2025-05-08 17:02:43,753 - INFO - HTTP Request: POST https://api.telegram.org/bot7679333451:AAGmlWKFP5uSjmUmuqGR0RIHcmuVoyt8A1g/getUpdates "HTTP/1.1 200 OK"
2025-05-08 17:02:53,936 - INFO - HTTP Request: POST https://api.telegram.org/bot7679333451:AAGmlWKFP5uSjmUmuqGR0RIHcmuVoyt8A1g/getUpdates "HTTP/1.1 200 OK"
2025-05-08 17:03:04,129 - INFO - HTTP Request: POST https://api.telegram.org/bot7679333451:AAGmlWKFP5uSjmUmuqGR0RIHcmuVoyt8A1g/getUpdates "HTTP/1.1 200 OK"
2025-05-08 17:03:55,829 - INFO - HTTP Request: POST https://api.telegram.org/bot7679333451:AAGmlWKFP5uSjmUmuqGR0RIHcmuVoyt8A1g/getMe "HTTP/1.1 200 OK"
2025-05-08 17:03:56,012 - INFO - HTTP Request: POST https://api.telegram.org/bot7679333451:AAGmlWKFP5uSjmUmuqGR0RIHcmuVoyt8A1g/deleteWebhook "HTTP/1.1 200 OK"
2025-05-08 17:03:56,013 - INFO - Scheduler started
2025-05-08 17:03:56,013 - INFO - Application started
2025-05-08 17:04:06,562 - INFO - HTTP Request: POST https://api.telegram.org/bot7679333451:AAGmlWKFP5uSjmUmuqGR0RIHcmuVoyt8A1g/getUpdates "HTTP/1.1 200 OK"
2025-05-08 17:04:16,744 - INFO - HTTP Request: POST https://api.telegram.org/bot7679333451:AAGmlWKFP5uSjmUmuqGR0RIHcmuVoyt8A1g/getUpdates "HTTP/1.1 200 OK"
2025-05-08 17:04:29,303 - INFO - HTTP Request: POST https://api.telegram.org/bot7679333451:AAGmlWKFP5uSjmUmuqGR0RIHcmuVoyt8A1g/getMe "HTTP/1.1 200 OK"
2025-05-08 17:04:29,492 - INFO - HTTP Request: POST https://api.telegram.org/bot7679333451:AAGmlWKFP5uSjmUmuqGR0RIHcmuVoyt8A1g/deleteWebhook "HTTP/1.1 200 OK"
2025-05-08 17:04:29,493 - INFO - Scheduler started
2025-05-08 17:04:29,494 - INFO - Application started
2025-05-08 17:04:40,038 - INFO - HTTP Request: POST https://api.telegram.org/bot7679333451:AAGmlWKFP5uSjmUmuqGR0RIHcmuVoyt8A1g/getUpdates "HTTP/1.1 200 OK"
2025-05-08 17:04:50,219 - INFO - HTTP Request: POST https://api.telegram.org/bot7679333451:AAGmlWKFP5uSjmUmuqGR0RIHcmuVoyt8A1g/getUpdates "HTTP/1.1 200 OK"
2025-05-08 17:05:00,402 - INFO - HTTP Request: POST https://api.telegram.org/bot7679333451:AAGmlWKFP5uSjmUmuqGR0RIHcmuVoyt8A1g/getUpdates "HTTP/1.1 200 OK"
2025-05-08 17:05:10,588 - INFO - HTTP Request: POST https://api.telegram.org/bot7679333451:AAGmlWKFP5uSjmUmuqGR0RIHcmuVoyt8A1g/getUpdates "HTTP/1.1 200 OK"
2025-05-08 17:05:20,769 - INFO - HTTP Request: POST https://api.telegram.org/bot7679333451:AAGmlWKFP5uSjmUmuqGR0RIHcmuVoyt8A1g/getUpdates "HTTP/1.1 200 OK"
2025-05-08 17:05:30,952 - INFO - HTTP Request: POST https://api.telegram.org/bot7679333451:AAGmlWKFP5uSjmUmuqGR0RIHcmuVoyt8A1g/getUpdates "HTTP/1.1 200 OK"
2025-05-08 17:05:41,137 - INFO - HTTP Request: POST https://api.telegram.org/bot7679333451:AAGmlWKFP5uSjmUmuqGR0RIHcmuVoyt8A1g/getUpdates "HTTP/1.1 200 OK"
2025-05-08 17:05:51,323 - INFO - HTTP Request: POST https://api.telegram.org/bot7679333451:AAGmlWKFP5uSjmUmuqGR0RIHcmuVoyt8A1g/getUpdates "HTTP/1.1 200 OK"
2025-05-08 17:06:01,509 - INFO - HTTP Request: POST https://api.telegram.org/bot7679333451:AAGmlWKFP5uSjmUmuqGR0RIHcmuVoyt8A1g/getUpdates "HTTP/1.1 200 OK"
2025-05-08 17:06:11,696 - INFO - HTTP Request: POST https://api.telegram.org/bot7679333451:AAGmlWKFP5uSjmUmuqGR0RIHcmuVoyt8A1g/getUpdates "HTTP/1.1 200 OK"
2025-05-08 17:06:21,879 - INFO - HTTP Request: POST https://api.telegram.org/bot7679333451:AAGmlWKFP5uSjmUmuqGR0RIHcmuVoyt8A1g/getUpdates "HTTP/1.1 200 OK"
2025-05-08 17:06:32,062 - INFO - HTTP Request: POST https://api.telegram.org/bot7679333451:AAGmlWKFP5uSjmUmuqGR0RIHcmuVoyt8A1g/getUpdates "HTTP/1.1 200 OK"
2025-05-08 17:06:42,250 - INFO - HTTP Request: POST https://api.telegram.org/bot7679333451:AAGmlWKFP5uSjmUmuqGR0RIHcmuVoyt8A1g/getUpdates "HTTP/1.1 200 OK"
2025-05-08 17:06:52,438 - INFO - HTTP Request: POST https://api.telegram.org/bot7679333451:AAGmlWKFP5uSjmUmuqGR0RIHcmuVoyt8A1g/getUpdates "HTTP/1.1 200 OK"
2025-05-08 17:07:02,625 - INFO - HTTP Request: POST https://api.telegram.org/bot7679333451:AAGmlWKFP5uSjmUmuqGR0RIHcmuVoyt8A1g/getUpdates "HTTP/1.1 200 OK"
2025-05-08 17:07:12,810 - INFO - HTTP Request: POST https://api.telegram.org/bot7679333451:AAGmlWKFP5uSjmUmuqGR0RIHcmuVoyt8A1g/getUpdates "HTTP/1.1 200 OK"
2025-05-08 17:07:22,995 - INFO - HTTP Request: POST https://api.telegram.org/bot7679333451:AAGmlWKFP5uSjmUmuqGR0RIHcmuVoyt8A1g/getUpdates "HTTP/1.1 200 OK"
2025-05-08 17:07:33,208 - INFO - HTTP Request: POST https://api.telegram.org/bot7679333451:AAGmlWKFP5uSjmUmuqGR0RIHcmuVoyt8A1g/getUpdates "HTTP/1.1 200 OK"
2025-05-08 17:07:43,392 - INFO - HTTP Request: POST https://api.telegram.org/bot7679333451:AAGmlWKFP5uSjmUmuqGR0RIHcmuVoyt8A1g/getUpdates "HTTP/1.1 200 OK"
2025-05-08 17:07:53,575 - INFO - HTTP Request: POST https://api.telegram.org/bot7679333451:AAGmlWKFP5uSjmUmuqGR0RIHcmuVoyt8A1g/getUpdates "HTTP/1.1 200 OK"
2025-05-08 17:08:03,757 - INFO - HTTP Request: POST https://api.telegram.org/bot7679333451:AAGmlWKFP5uSjmUmuqGR0RIHcmuVoyt8A1g/getUpdates "HTTP/1.1 200 OK"
2025-05-08 17:08:13,940 - INFO - HTTP Request: POST https://api.telegram.org/bot7679333451:AAGmlWKFP5uSjmUmuqGR0RIHcmuVoyt8A1g/getUpdates "HTTP/1.1 200 OK"
2025-05-08 17:08:24,122 - INFO - HTTP Request: POST https://api.telegram.org/bot7679333451:AAGmlWKFP5uSjmUmuqGR0RIHcmuVoyt8A1g/getUpdates "HTTP/1.1 200 OK"
2025-05-08 17:08:34,307 - INFO - HTTP Request: POST https://api.telegram.org/bot7679333451:AAGmlWKFP5uSjmUmuqGR0RIHcmuVoyt8A1g/getUpdates "HTTP/1.1 200 OK"
2025-05-08 17:08:44,493 - INFO - HTTP Request: POST https://api.telegram.org/bot7679333451:AAGmlWKFP5uSjmUmuqGR0RIHcmuVoyt8A1g/getUpdates "HTTP/1.1 200 OK"
2025-05-08 17:08:54,676 - INFO - HTTP Request: POST https://api.telegram.org/bot7679333451:AAGmlWKFP5uSjmUmuqGR0RIHcmuVoyt8A1g/getUpdates "HTTP/1.1 200 OK"
2025-05-08 17:09:04,860 - INFO - HTTP Request: POST https://api.telegram.org/bot7679333451:AAGmlWKFP5uSjmUmuqGR0RIHcmuVoyt8A1g/getUpdates "HTTP/1.1 200 OK"
2025-05-08 17:09:15,042 - INFO - HTTP Request: POST https://api.telegram.org/bot7679333451:AAGmlWKFP5uSjmUmuqGR0RIHcmuVoyt8A1g/getUpdates "HTTP/1.1 200 OK"
2025-05-08 17:09:25,229 - INFO - HTTP Request: POST https://api.telegram.org/bot7679333451:AAGmlWKFP5uSjmUmuqGR0RIHcmuVoyt8A1g/getUpdates "HTTP/1.1 200 OK"
2025-05-08 17:09:35,410 - INFO - HTTP Request: POST https://api.telegram.org/bot7679333451:AAGmlWKFP5uSjmUmuqGR0RIHcmuVoyt8A1g/getUpdates "HTTP/1.1 200 OK"
2025-05-08 17:09:45,594 - INFO - HTTP Request: POST https://api.telegram.org/bot7679333451:AAGmlWKFP5uSjmUmuqGR0RIHcmuVoyt8A1g/getUpdates "HTTP/1.1 200 OK"
2025-05-08 17:09:55,776 - INFO - HTTP Request: POST https://api.telegram.org/bot7679333451:AAGmlWKFP5uSjmUmuqGR0RIHcmuVoyt8A1g/getUpdates "HTTP/1.1 200 OK"
2025-05-08 17:10:05,963 - INFO - HTTP Request: POST https://api.telegram.org/bot7679333451:AAGmlWKFP5uSjmUmuqGR0RIHcmuVoyt8A1g/getUpdates "HTTP/1.1 200 OK"
2025-05-08 17:10:16,147 - INFO - HTTP Request: POST https://api.telegram.org/bot7679333451:AAGmlWKFP5uSjmUmuqGR0RIHcmuVoyt8A1g/getUpdates "HTTP/1.1 200 OK"
2025-05-08 17:10:26,332 - INFO - HTTP Request: POST https://api.telegram.org/bot7679333451:AAGmlWKFP5uSjmUmuqGR0RIHcmuVoyt8A1g/getUpdates "HTTP/1.1 200 OK"
2025-05-08 17:10:36,518 - INFO - HTTP Request: POST https://api.telegram.org/bot7679333451:AAGmlWKFP5uSjmUmuqGR0RIHcmuVoyt8A1g/getUpdates "HTTP/1.1 200 OK"
2025-05-08 17:10:46,700 - INFO - HTTP Request: POST https://api.telegram.org/bot7679333451:AAGmlWKFP5uSjmUmuqGR0RIHcmuVoyt8A1g/getUpdates "HTTP/1.1 200 OK"
2025-05-08 17:10:56,886 - INFO - HTTP Request: POST https://api.telegram.org/bot7679333451:AAGmlWKFP5uSjmUmuqGR0RIHcmuVoyt8A1g/getUpdates "HTTP/1.1 200 OK"
2025-05-08 17:11:07,074 - INFO - HTTP Request: POST https://api.telegram.org/bot7679333451:AAGmlWKFP5uSjmUmuqGR0RIHcmuVoyt8A1g/getUpdates "HTTP/1.1 200 OK"
2025-05-08 17:11:17,262 - INFO - HTTP Request: POST https://api.telegram.org/bot7679333451:AAGmlWKFP5uSjmUmuqGR0RIHcmuVoyt8A1g/getUpdates "HTTP/1.1 200 OK"
2025-05-08 17:11:27,443 - INFO - HTTP Request: POST https://api.telegram.org/bot7679333451:AAGmlWKFP5uSjmUmuqGR0RIHcmuVoyt8A1g/getUpdates "HTTP/1.1 200 OK"
2025-05-08 17:11:37,625 - INFO - HTTP Request: POST https://api.telegram.org/bot7679333451:AAGmlWKFP5uSjmUmuqGR0RIHcmuVoyt8A1g/getUpdates "HTTP/1.1 200 OK"
2025-05-08 17:11:47,807 - INFO - HTTP Request: POST https://api.telegram.org/bot7679333451:AAGmlWKFP5uSjmUmuqGR0RIHcmuVoyt8A1g/getUpdates "HTTP/1.1 200 OK"
2025-05-08 17:11:57,990 - INFO - HTTP Request: POST https://api.telegram.org/bot7679333451:AAGmlWKFP5uSjmUmuqGR0RIHcmuVoyt8A1g/getUpdates "HTTP/1.1 200 OK"
2025-05-08 17:12:08,181 - INFO - HTTP Request: POST https://api.telegram.org/bot7679333451:AAGmlWKFP5uSjmUmuqGR0RIHcmuVoyt8A1g/getUpdates "HTTP/1.1 200 OK"
2025-05-08 17:12:18,361 - INFO - HTTP Request: POST https://api.telegram.org/bot7679333451:AAGmlWKFP5uSjmUmuqGR0RIHcmuVoyt8A1g/getUpdates "HTTP/1.1 200 OK"
2025-05-08 17:12:28,548 - INFO - HTTP Request: POST https://api.telegram.org/bot7679333451:AAGmlWKFP5uSjmUmuqGR0RIHcmuVoyt8A1g/getUpdates "HTTP/1.1 200 OK"
2025-05-08 17:12:38,734 - INFO - HTTP Request: POST https://api.telegram.org/bot7679333451:AAGmlWKFP5uSjmUmuqGR0RIHcmuVoyt8A1g/getUpdates "HTTP/1.1 200 OK"
2025-05-08 17:12:48,915 - INFO - HTTP Request: POST https://api.telegram.org/bot7679333451:AAGmlWKFP5uSjmUmuqGR0RIHcmuVoyt8A1g/getUpdates "HTTP/1.1 200 OK"
2025-05-08 17:12:59,098 - INFO - HTTP Request: POST https://api.telegram.org/bot7679333451:AAGmlWKFP5uSjmUmuqGR0RIHcmuVoyt8A1g/getUpdates "HTTP/1.1 200 OK"
2025-05-08 17:13:09,281 - INFO - HTTP Request: POST https://api.telegram.org/bot7679333451:AAGmlWKFP5uSjmUmuqGR0RIHcmuVoyt8A1g/getUpdates "HTTP/1.1 200 OK"
2025-05-08 17:13:19,467 - INFO - HTTP Request: POST https://api.telegram.org/bot7679333451:AAGmlWKFP5uSjmUmuqGR0RIHcmuVoyt8A1g/getUpdates "HTTP/1.1 200 OK"
2025-05-08 17:13:29,648 - INFO - HTTP Request: POST https://api.telegram.org/bot7679333451:AAGmlWKFP5uSjmUmuqGR0RIHcmuVoyt8A1g/getUpdates "HTTP/1.1 200 OK"
2025-05-08 17:13:39,832 - INFO - HTTP Request: POST https://api.telegram.org/bot7679333451:AAGmlWKFP5uSjmUmuqGR0RIHcmuVoyt8A1g/getUpdates "HTTP/1.1 200 OK"
2025-05-08 17:13:50,020 - INFO - HTTP Request: POST https://api.telegram.org/bot7679333451:AAGmlWKFP5uSjmUmuqGR0RIHcmuVoyt8A1g/getUpdates "HTTP/1.1 200 OK"
2025-05-08 17:14:00,205 - INFO - HTTP Request: POST https://api.telegram.org/bot7679333451:AAGmlWKFP5uSjmUmuqGR0RIHcmuVoyt8A1g/getUpdates "HTTP/1.1 200 OK"
2025-05-08 17:14:10,401 - INFO - HTTP Request: POST https://api.telegram.org/bot7679333451:AAGmlWKFP5uSjmUmuqGR0RIHcmuVoyt8A1g/getUpdates "HTTP/1.1 200 OK"
2025-05-08 17:14:20,582 - INFO - HTTP Request: POST https://api.telegram.org/bot7679333451:AAGmlWKFP5uSjmUmuqGR0RIHcmuVoyt8A1g/getUpdates "HTTP/1.1 200 OK"
2025-05-08 17:14:30,766 - INFO - HTTP Request: POST https://api.telegram.org/bot7679333451:AAGmlWKFP5uSjmUmuqGR0RIHcmuVoyt8A1g/getUpdates "HTTP/1.1 200 OK"
2025-05-08 17:14:40,953 - INFO - HTTP Request: POST https://api.telegram.org/bot7679333451:AAGmlWKFP5uSjmUmuqGR0RIHcmuVoyt8A1g/getUpdates "HTTP/1.1 200 OK"
2025-05-08 17:14:51,139 - INFO - HTTP Request: POST https://api.telegram.org/bot7679333451:AAGmlWKFP5uSjmUmuqGR0RIHcmuVoyt8A1g/getUpdates "HTTP/1.1 200 OK"
2025-05-08 17:15:01,322 - INFO - HTTP Request: POST https://api.telegram.org/bot7679333451:AAGmlWKFP5uSjmUmuqGR0RIHcmuVoyt8A1g/getUpdates "HTTP/1.1 200 OK"
2025-05-08 17:15:11,506 - INFO - HTTP Request: POST https://api.telegram.org/bot7679333451:AAGmlWKFP5uSjmUmuqGR0RIHcmuVoyt8A1g/getUpdates "HTTP/1.1 200 OK"
2025-05-08 17:15:21,691 - INFO - HTTP Request: POST https://api.telegram.org/bot7679333451:AAGmlWKFP5uSjmUmuqGR0RIHcmuVoyt8A1g/getUpdates "HTTP/1.1 200 OK"
2025-05-08 17:15:31,874 - INFO - HTTP Request: POST https://api.telegram.org/bot7679333451:AAGmlWKFP5uSjmUmuqGR0RIHcmuVoyt8A1g/getUpdates "HTTP/1.1 200 OK"
2025-05-08 17:15:42,057 - INFO - HTTP Request: POST https://api.telegram.org/bot7679333451:AAGmlWKFP5uSjmUmuqGR0RIHcmuVoyt8A1g/getUpdates "HTTP/1.1 200 OK"
2025-05-08 17:15:52,240 - INFO - HTTP Request: POST https://api.telegram.org/bot7679333451:AAGmlWKFP5uSjmUmuqGR0RIHcmuVoyt8A1g/getUpdates "HTTP/1.1 200 OK"
2025-05-08 17:16:02,429 - INFO - HTTP Request: POST https://api.telegram.org/bot7679333451:AAGmlWKFP5uSjmUmuqGR0RIHcmuVoyt8A1g/getUpdates "HTTP/1.1 200 OK"
2025-05-08 17:16:12,617 - INFO - HTTP Request: POST https://api.telegram.org/bot7679333451:AAGmlWKFP5uSjmUmuqGR0RIHcmuVoyt8A1g/getUpdates "HTTP/1.1 200 OK"
2025-05-08 17:16:22,805 - INFO - HTTP Request: POST https://api.telegram.org/bot7679333451:AAGmlWKFP5uSjmUmuqGR0RIHcmuVoyt8A1g/getUpdates "HTTP/1.1 200 OK"
2025-05-08 17:16:32,989 - INFO - HTTP Request: POST https://api.telegram.org/bot7679333451:AAGmlWKFP5uSjmUmuqGR0RIHcmuVoyt8A1g/getUpdates "HTTP/1.1 200 OK"
2025-05-08 17:16:43,178 - INFO - HTTP Request: POST https://api.telegram.org/bot7679333451:AAGmlWKFP5uSjmUmuqGR0RIHcmuVoyt8A1g/getUpdates "HTTP/1.1 200 OK"
2025-05-08 17:16:53,363 - INFO - HTTP Request: POST https://api.telegram.org/bot7679333451:AAGmlWKFP5uSjmUmuqGR0RIHcmuVoyt8A1g/getUpdates "HTTP/1.1 200 OK"
2025-05-08 17:17:03,545 - INFO - HTTP Request: POST https://api.telegram.org/bot7679333451:AAGmlWKFP5uSjmUmuqGR0RIHcmuVoyt8A1g/getUpdates "HTTP/1.1 200 OK"
2025-05-08 17:17:13,729 - INFO - HTTP Request: POST https://api.telegram.org/bot7679333451:AAGmlWKFP5uSjmUmuqGR0RIHcmuVoyt8A1g/getUpdates "HTTP/1.1 200 OK"
2025-05-08 17:17:23,912 - INFO - HTTP Request: POST https://api.telegram.org/bot7679333451:AAGmlWKFP5uSjmUmuqGR0RIHcmuVoyt8A1g/getUpdates "HTTP/1.1 200 OK"
2025-05-08 17:17:34,098 - INFO - HTTP Request: POST https://api.telegram.org/bot7679333451:AAGmlWKFP5uSjmUmuqGR0RIHcmuVoyt8A1g/getUpdates "HTTP/1.1 200 OK"
2025-05-08 17:17:44,282 - INFO - HTTP Request: POST https://api.telegram.org/bot7679333451:AAGmlWKFP5uSjmUmuqGR0RIHcmuVoyt8A1g/getUpdates "HTTP/1.1 200 OK"
2025-05-08 17:17:54,478 - INFO - HTTP Request: POST https://api.telegram.org/bot7679333451:AAGmlWKFP5uSjmUmuqGR0RIHcmuVoyt8A1g/getUpdates "HTTP/1.1 200 OK"
2025-05-08 17:18:04,692 - INFO - HTTP Request: POST https://api.telegram.org/bot7679333451:AAGmlWKFP5uSjmUmuqGR0RIHcmuVoyt8A1g/getUpdates "HTTP/1.1 200 OK"
2025-05-08 17:18:14,878 - INFO - HTTP Request: POST https://api.telegram.org/bot7679333451:AAGmlWKFP5uSjmUmuqGR0RIHcmuVoyt8A1g/getUpdates "HTTP/1.1 200 OK"
2025-05-08 17:18:25,063 - INFO - HTTP Request: POST https://api.telegram.org/bot7679333451:AAGmlWKFP5uSjmUmuqGR0RIHcmuVoyt8A1g/getUpdates "HTTP/1.1 200 OK"
2025-05-08 17:18:35,244 - INFO - HTTP Request: POST https://api.telegram.org/bot7679333451:AAGmlWKFP5uSjmUmuqGR0RIHcmuVoyt8A1g/getUpdates "HTTP/1.1 200 OK"
2025-05-08 17:18:45,430 - INFO - HTTP Request: POST https://api.telegram.org/bot7679333451:AAGmlWKFP5uSjmUmuqGR0RIHcmuVoyt8A1g/getUpdates "HTTP/1.1 200 OK"
2025-05-08 17:18:55,610 - INFO - HTTP Request: POST https://api.telegram.org/bot7679333451:AAGmlWKFP5uSjmUmuqGR0RIHcmuVoyt8A1g/getUpdates "HTTP/1.1 200 OK"
2025-05-08 17:19:05,794 - INFO - HTTP Request: POST https://api.telegram.org/bot7679333451:AAGmlWKFP5uSjmUmuqGR0RIHcmuVoyt8A1g/getUpdates "HTTP/1.1 200 OK"
2025-05-08 17:19:15,978 - INFO - HTTP Request: POST https://api.telegram.org/bot7679333451:AAGmlWKFP5uSjmUmuqGR0RIHcmuVoyt8A1g/getUpdates "HTTP/1.1 200 OK"
2025-05-08 17:19:26,162 - INFO - HTTP Request: POST https://api.telegram.org/bot7679333451:AAGmlWKFP5uSjmUmuqGR0RIHcmuVoyt8A1g/getUpdates "HTTP/1.1 200 OK"
2025-05-08 17:19:36,345 - INFO - HTTP Request: POST https://api.telegram.org/bot7679333451:AAGmlWKFP5uSjmUmuqGR0RIHcmuVoyt8A1g/getUpdates "HTTP/1.1 200 OK"
2025-05-08 17:19:46,526 - INFO - HTTP Request: POST https://api.telegram.org/bot7679333451:AAGmlWKFP5uSjmUmuqGR0RIHcmuVoyt8A1g/getUpdates "HTTP/1.1 200 OK"
2025-05-08 17:19:56,717 - INFO - HTTP Request: POST https://api.telegram.org/bot7679333451:AAGmlWKFP5uSjmUmuqGR0RIHcmuVoyt8A1g/getUpdates "HTTP/1.1 200 OK"
2025-05-08 17:20:06,899 - INFO - HTTP Request: POST https://api.telegram.org/bot7679333451:AAGmlWKFP5uSjmUmuqGR0RIHcmuVoyt8A1g/getUpdates "HTTP/1.1 200 OK"
2025-05-08 17:20:17,082 - INFO - HTTP Request: POST https://api.telegram.org/bot7679333451:AAGmlWKFP5uSjmUmuqGR0RIHcmuVoyt8A1g/getUpdates "HTTP/1.1 200 OK"
2025-05-08 17:20:27,264 - INFO - HTTP Request: POST https://api.telegram.org/bot7679333451:AAGmlWKFP5uSjmUmuqGR0RIHcmuVoyt8A1g/getUpdates "HTTP/1.1 200 OK"
2025-05-08 17:20:37,448 - INFO - HTTP Request: POST https://api.telegram.org/bot7679333451:AAGmlWKFP5uSjmUmuqGR0RIHcmuVoyt8A1g/getUpdates "HTTP/1.1 200 OK"
2025-05-08 17:20:47,629 - INFO - HTTP Request: POST https://api.telegram.org/bot7679333451:AAGmlWKFP5uSjmUmuqGR0RIHcmuVoyt8A1g/getUpdates "HTTP/1.1 200 OK"
2025-05-08 17:20:57,812 - INFO - HTTP Request: POST https://api.telegram.org/bot7679333451:AAGmlWKFP5uSjmUmuqGR0RIHcmuVoyt8A1g/getUpdates "HTTP/1.1 200 OK"
2025-05-08 17:21:07,994 - INFO - HTTP Request: POST https://api.telegram.org/bot7679333451:AAGmlWKFP5uSjmUmuqGR0RIHcmuVoyt8A1g/getUpdates "HTTP/1.1 200 OK"
2025-05-08 17:21:18,180 - INFO - HTTP Request: POST https://api.telegram.org/bot7679333451:AAGmlWKFP5uSjmUmuqGR0RIHcmuVoyt8A1g/getUpdates "HTTP/1.1 200 OK"
2025-05-08 17:21:28,362 - INFO - HTTP Request: POST https://api.telegram.org/bot7679333451:AAGmlWKFP5uSjmUmuqGR0RIHcmuVoyt8A1g/getUpdates "HTTP/1.1 200 OK"
2025-05-08 17:21:38,943 - INFO - HTTP Request: POST https://api.telegram.org/bot7679333451:AAGmlWKFP5uSjmUmuqGR0RIHcmuVoyt8A1g/getUpdates "HTTP/1.1 200 OK"
2025-05-08 17:21:49,126 - INFO - HTTP Request: POST https://api.telegram.org/bot7679333451:AAGmlWKFP5uSjmUmuqGR0RIHcmuVoyt8A1g/getUpdates "HTTP/1.1 200 OK"
2025-05-08 17:21:59,308 - INFO - HTTP Request: POST https://api.telegram.org/bot7679333451:AAGmlWKFP5uSjmUmuqGR0RIHcmuVoyt8A1g/getUpdates "HTTP/1.1 200 OK"
2025-05-08 17:22:09,488 - INFO - HTTP Request: POST https://api.telegram.org/bot7679333451:AAGmlWKFP5uSjmUmuqGR0RIHcmuVoyt8A1g/getUpdates "HTTP/1.1 200 OK"
2025-05-08 17:22:19,671 - INFO - HTTP Request: POST https://api.telegram.org/bot7679333451:AAGmlWKFP5uSjmUmuqGR0RIHcmuVoyt8A1g/getUpdates "HTTP/1.1 200 OK"
2025-05-08 17:22:29,855 - INFO - HTTP Request: POST https://api.telegram.org/bot7679333451:AAGmlWKFP5uSjmUmuqGR0RIHcmuVoyt8A1g/getUpdates "HTTP/1.1 200 OK"
2025-05-08 17:22:40,039 - INFO - HTTP Request: POST https://api.telegram.org/bot7679333451:AAGmlWKFP5uSjmUmuqGR0RIHcmuVoyt8A1g/getUpdates "HTTP/1.1 200 OK"
2025-05-08 17:22:50,227 - INFO - HTTP Request: POST https://api.telegram.org/bot7679333451:AAGmlWKFP5uSjmUmuqGR0RIHcmuVoyt8A1g/getUpdates "HTTP/1.1 200 OK"
2025-05-08 17:23:00,409 - INFO - HTTP Request: POST https://api.telegram.org/bot7679333451:AAGmlWKFP5uSjmUmuqGR0RIHcmuVoyt8A1g/getUpdates "HTTP/1.1 200 OK"
2025-05-08 17:23:10,592 - INFO - HTTP Request: POST https://api.telegram.org/bot7679333451:AAGmlWKFP5uSjmUmuqGR0RIHcmuVoyt8A1g/getUpdates "HTTP/1.1 200 OK"
2025-05-08 17:23:20,774 - INFO - HTTP Request: POST https://api.telegram.org/bot7679333451:AAGmlWKFP5uSjmUmuqGR0RIHcmuVoyt8A1g/getUpdates "HTTP/1.1 200 OK"
2025-05-08 17:23:30,956 - INFO - HTTP Request: POST https://api.telegram.org/bot7679333451:AAGmlWKFP5uSjmUmuqGR0RIHcmuVoyt8A1g/getUpdates "HTTP/1.1 200 OK"
2025-05-08 17:23:41,140 - INFO - HTTP Request: POST https://api.telegram.org/bot7679333451:AAGmlWKFP5uSjmUmuqGR0RIHcmuVoyt8A1g/getUpdates "HTTP/1.1 200 OK"
2025-05-08 17:23:51,321 - INFO - HTTP Request: POST https://api.telegram.org/bot7679333451:AAGmlWKFP5uSjmUmuqGR0RIHcmuVoyt8A1g/getUpdates "HTTP/1.1 200 OK"
2025-05-08 17:24:01,501 - INFO - HTTP Request: POST https://api.telegram.org/bot7679333451:AAGmlWKFP5uSjmUmuqGR0RIHcmuVoyt8A1g/getUpdates "HTTP/1.1 200 OK"
2025-05-08 17:24:11,684 - INFO - HTTP Request: POST https://api.telegram.org/bot7679333451:AAGmlWKFP5uSjmUmuqGR0RIHcmuVoyt8A1g/getUpdates "HTTP/1.1 200 OK"
2025-05-08 17:24:21,867 - INFO - HTTP Request: POST https://api.telegram.org/bot7679333451:AAGmlWKFP5uSjmUmuqGR0RIHcmuVoyt8A1g/getUpdates "HTTP/1.1 200 OK"
2025-05-08 17:24:32,054 - INFO - HTTP Request: POST https://api.telegram.org/bot7679333451:AAGmlWKFP5uSjmUmuqGR0RIHcmuVoyt8A1g/getUpdates "HTTP/1.1 200 OK"
2025-05-08 17:24:42,236 - INFO - HTTP Request: POST https://api.telegram.org/bot7679333451:AAGmlWKFP5uSjmUmuqGR0RIHcmuVoyt8A1g/getUpdates "HTTP/1.1 200 OK"
2025-05-08 17:24:52,421 - INFO - HTTP Request: POST https://api.telegram.org/bot7679333451:AAGmlWKFP5uSjmUmuqGR0RIHcmuVoyt8A1g/getUpdates "HTTP/1.1 200 OK"
2025-05-08 17:25:02,603 - INFO - HTTP Request: POST https://api.telegram.org/bot7679333451:AAGmlWKFP5uSjmUmuqGR0RIHcmuVoyt8A1g/getUpdates "HTTP/1.1 200 OK"
2025-05-08 17:25:12,785 - INFO - HTTP Request: POST https://api.telegram.org/bot7679333451:AAGmlWKFP5uSjmUmuqGR0RIHcmuVoyt8A1g/getUpdates "HTTP/1.1 200 OK"
2025-05-08 17:25:22,969 - INFO - HTTP Request: POST https://api.telegram.org/bot7679333451:AAGmlWKFP5uSjmUmuqGR0RIHcmuVoyt8A1g/getUpdates "HTTP/1.1 200 OK"
2025-05-08 17:25:33,151 - INFO - HTTP Request: POST https://api.telegram.org/bot7679333451:AAGmlWKFP5uSjmUmuqGR0RIHcmuVoyt8A1g/getUpdates "HTTP/1.1 200 OK"
2025-05-08 17:25:43,330 - INFO - HTTP Request: POST https://api.telegram.org/bot7679333451:AAGmlWKFP5uSjmUmuqGR0RIHcmuVoyt8A1g/getUpdates "HTTP/1.1 200 OK"
2025-05-08 17:25:53,517 - INFO - HTTP Request: POST https://api.telegram.org/bot7679333451:AAGmlWKFP5uSjmUmuqGR0RIHcmuVoyt8A1g/getUpdates "HTTP/1.1 200 OK"
2025-05-08 17:26:03,698 - INFO - HTTP Request: POST https://api.telegram.org/bot7679333451:AAGmlWKFP5uSjmUmuqGR0RIHcmuVoyt8A1g/getUpdates "HTTP/1.1 200 OK"
2025-05-08 17:26:13,882 - INFO - HTTP Request: POST https://api.telegram.org/bot7679333451:AAGmlWKFP5uSjmUmuqGR0RIHcmuVoyt8A1g/getUpdates "HTTP/1.1 200 OK"
2025-05-08 17:26:24,065 - INFO - HTTP Request: POST https://api.telegram.org/bot7679333451:AAGmlWKFP5uSjmUmuqGR0RIHcmuVoyt8A1g/getUpdates "HTTP/1.1 200 OK"
2025-05-08 17:26:34,253 - INFO - HTTP Request: POST https://api.telegram.org/bot7679333451:AAGmlWKFP5uSjmUmuqGR0RIHcmuVoyt8A1g/getUpdates "HTTP/1.1 200 OK"
2025-05-08 17:26:44,434 - INFO - HTTP Request: POST https://api.telegram.org/bot7679333451:AAGmlWKFP5uSjmUmuqGR0RIHcmuVoyt8A1g/getUpdates "HTTP/1.1 200 OK"
2025-05-08 17:26:54,615 - INFO - HTTP Request: POST https://api.telegram.org/bot7679333451:AAGmlWKFP5uSjmUmuqGR0RIHcmuVoyt8A1g/getUpdates "HTTP/1.1 200 OK"
2025-05-08 17:27:04,803 - INFO - HTTP Request: POST https://api.telegram.org/bot7679333451:AAGmlWKFP5uSjmUmuqGR0RIHcmuVoyt8A1g/getUpdates "HTTP/1.1 200 OK"
2025-05-08 17:27:14,987 - INFO - HTTP Request: POST https://api.telegram.org/bot7679333451:AAGmlWKFP5uSjmUmuqGR0RIHcmuVoyt8A1g/getUpdates "HTTP/1.1 200 OK"
2025-05-08 17:27:25,169 - INFO - HTTP Request: POST https://api.telegram.org/bot7679333451:AAGmlWKFP5uSjmUmuqGR0RIHcmuVoyt8A1g/getUpdates "HTTP/1.1 200 OK"
2025-05-08 17:27:35,356 - INFO - HTTP Request: POST https://api.telegram.org/bot7679333451:AAGmlWKFP5uSjmUmuqGR0RIHcmuVoyt8A1g/getUpdates "HTTP/1.1 200 OK"
2025-05-08 17:27:45,539 - INFO - HTTP Request: POST https://api.telegram.org/bot7679333451:AAGmlWKFP5uSjmUmuqGR0RIHcmuVoyt8A1g/getUpdates "HTTP/1.1 200 OK"
2025-05-08 17:27:55,718 - INFO - HTTP Request: POST https://api.telegram.org/bot7679333451:AAGmlWKFP5uSjmUmuqGR0RIHcmuVoyt8A1g/getUpdates "HTTP/1.1 200 OK"
2025-05-08 17:28:05,900 - INFO - HTTP Request: POST https://api.telegram.org/bot7679333451:AAGmlWKFP5uSjmUmuqGR0RIHcmuVoyt8A1g/getUpdates "HTTP/1.1 200 OK"
2025-05-08 17:28:07,754 - INFO - HTTP Request: POST https://api.telegram.org/bot7679333451:AAGmlWKFP5uSjmUmuqGR0RIHcmuVoyt8A1g/getUpdates "HTTP/1.1 200 OK"
2025-05-08 17:28:07,756 - INFO - \U0001f4e9 Pesan diterima dari User 891227965: ?
2025-05-08 17:28:07,760 - INFO - \U0001f535 Sending to DeepSeek API for user 891227965 with payload size 1
2025-05-08 17:28:13,286 - INFO - \U0001f4ca Memulai proses format_response (NO ESCAPE Mode)
2025-05-08 17:28:13,287 - INFO - \U0001f3af Format respons selesai (NO ESCAPE Mode)
2025-05-08 17:28:13,297 - INFO - \u2705 Response berhasil untuk user 891227965
2025-05-08 17:28:13,895 - INFO - HTTP Request: POST https://api.telegram.org/bot7679333451:AAGmlWKFP5uSjmUmuqGR0RIHcmuVoyt8A1g/getUpdates "HTTP/1.1 200 OK"
2025-05-08 17:28:14,058 - INFO - HTTP Request: POST https://api.telegram.org/bot7679333451:AAGmlWKFP5uSjmUmuqGR0RIHcmuVoyt8A1g/sendMessage "HTTP/1.1 200 OK"
2025-05-08 17:28:14,059 - INFO - \U0001f4e4 Bot menjawab User 891227965 dengan hasil dari DeepSeek
2025-05-08 17:28:14,059 - INFO - \U0001f4e2 User 891227965 memulai bot dengan /start
2025-05-08 17:28:14,441 - INFO - HTTP Request: POST https://api.telegram.org/bot7679333451:AAGmlWKFP5uSjmUmuqGR0RIHcmuVoyt8A1g/sendMessage "HTTP/1.1 200 OK"
2025-05-08 17:28:24,074 - INFO - HTTP Request: POST https://api.telegram.org/bot7679333451:AAGmlWKFP5uSjmUmuqGR0RIHcmuVoyt8A1g/getUpdates "HTTP/1.1 200 OK"
2025-05-08 17:28:34,255 - INFO - HTTP Request: POST https://api.telegram.org/bot7679333451:AAGmlWKFP5uSjmUmuqGR0RIHcmuVoyt8A1g/getUpdates "HTTP/1.1 200 OK"
2025-05-08 17:28:44,442 - INFO - HTTP Request: POST https://api.telegram.org/bot7679333451:AAGmlWKFP5uSjmUmuqGR0RIHcmuVoyt8A1g/getUpdates "HTTP/1.1 200 OK"
2025-05-08 17:28:46,630 - INFO - HTTP Request: POST https://api.telegram.org/bot7679333451:AAGmlWKFP5uSjmUmuqGR0RIHcmuVoyt8A1g/getUpdates "HTTP/1.1 200 OK"
2025-05-08 17:28:46,631 - INFO - \U0001f4e9 Pesan diterima dari User 891227965: Apa ada beasiswa tahun ini
2025-05-08 17:28:46,633 - INFO - \U0001f535 Sending to DeepSeek API for user 891227965 with payload size 3
2025-05-08 17:29:15,923 - INFO - \U0001f4ca Memulai proses format_response (NO ESCAPE Mode)
2025-05-08 17:29:15,923 - INFO - \U0001f3af Format respons selesai (NO ESCAPE Mode)
2025-05-08 17:29:15,933 - INFO - \u2705 Response berhasil untuk user 891227965
2025-05-08 17:29:16,673 - INFO - HTTP Request: POST https://api.telegram.org/bot7679333451:AAGmlWKFP5uSjmUmuqGR0RIHcmuVoyt8A1g/sendMessage "HTTP/1.1 200 OK"
2025-05-08 17:29:16,674 - INFO - \U0001f4e4 Bot menjawab User 891227965 dengan hasil dari DeepSeek
2025-05-08 17:29:25,021 - INFO - HTTP Request: POST https://api.telegram.org/bot7679333451:AAGmlWKFP5uSjmUmuqGR0RIHcmuVoyt8A1g/getUpdates "HTTP/1.1 200 OK"
2025-05-08 17:29:25,022 - INFO - \U0001f4e9 Pesan diterima dari User 891227965: 4
2025-05-08 17:29:25,024 - INFO - \U0001f535 Sending to DeepSeek API for user 891227965 with payload size 5
2025-05-08 17:30:04,824 - INFO - \U0001f4ca Memulai proses format_response (NO ESCAPE Mode)
2025-05-08 17:30:04,825 - INFO - \U0001f3af Format respons selesai (NO ESCAPE Mode)
2025-05-08 17:30:04,834 - INFO - \u2705 Response berhasil untuk user 891227965
2025-05-08 17:30:05,679 - INFO - HTTP Request: POST https://api.telegram.org/bot7679333451:AAGmlWKFP5uSjmUmuqGR0RIHcmuVoyt8A1g/sendMessage "HTTP/1.1 200 OK"
2025-05-08 17:30:05,680 - INFO - \U0001f4e4 Bot menjawab User 891227965 dengan hasil dari DeepSeek
2025-05-08 17:30:15,503 - INFO - HTTP Request: POST https://api.telegram.org/bot7679333451:AAGmlWKFP5uSjmUmuqGR0RIHcmuVoyt8A1g/getUpdates "HTTP/1.1 200 OK"
2025-05-08 17:30:25,688 - INFO - HTTP Request: POST https://api.telegram.org/bot7679333451:AAGmlWKFP5uSjmUmuqGR0RIHcmuVoyt8A1g/getUpdates "HTTP/1.1 200 OK"
2025-05-08 17:30:35,870 - INFO - HTTP Request: POST https://api.telegram.org/bot7679333451:AAGmlWKFP5uSjmUmuqGR0RIHcmuVoyt8A1g/getUpdates "HTTP/1.1 200 OK"
2025-05-08 17:30:46,052 - INFO - HTTP Request: POST https://api.telegram.org/bot7679333451:AAGmlWKFP5uSjmUmuqGR0RIHcmuVoyt8A1g/getUpdates "HTTP/1.1 200 OK"
2025-05-08 17:30:56,233 - INFO - HTTP Request: POST https://api.telegram.org/bot7679333451:AAGmlWKFP5uSjmUmuqGR0RIHcmuVoyt8A1g/getUpdates "HTTP/1.1 200 OK"
2025-05-08 17:31:06,433 - INFO - HTTP Request: POST https://api.telegram.org/bot7679333451:AAGmlWKFP5uSjmUmuqGR0RIHcmuVoyt8A1g/getUpdates "HTTP/1.1 200 OK"
2025-05-08 17:31:16,615 - INFO - HTTP Request: POST https://api.telegram.org/bot7679333451:AAGmlWKFP5uSjmUmuqGR0RIHcmuVoyt8A1g/getUpdates "HTTP/1.1 200 OK"
2025-05-08 17:31:26,798 - INFO - HTTP Request: POST https://api.telegram.org/bot7679333451:AAGmlWKFP5uSjmUmuqGR0RIHcmuVoyt8A1g/getUpdates "HTTP/1.1 200 OK"
2025-05-08 17:31:36,994 - INFO - HTTP Request: POST https://api.telegram.org/bot7679333451:AAGmlWKFP5uSjmUmuqGR0RIHcmuVoyt8A1g/getUpdates "HTTP/1.1 200 OK"
2025-05-08 17:31:47,178 - INFO - HTTP Request: POST https://api.telegram.org/bot7679333451:AAGmlWKFP5uSjmUmuqGR0RIHcmuVoyt8A1g/getUpdates "HTTP/1.1 200 OK"
2025-05-08 17:31:57,359 - INFO - HTTP Request: POST https://api.telegram.org/bot7679333451:AAGmlWKFP5uSjmUmuqGR0RIHcmuVoyt8A1g/getUpdates "HTTP/1.1 200 OK"
2025-05-08 17:32:07,541 - INFO - HTTP Request: POST https://api.telegram.org/bot7679333451:AAGmlWKFP5uSjmUmuqGR0RIHcmuVoyt8A1g/getUpdates "HTTP/1.1 200 OK"
2025-05-08 17:32:17,724 - INFO - HTTP Request: POST https://api.telegram.org/bot7679333451:AAGmlWKFP5uSjmUmuqGR0RIHcmuVoyt8A1g/getUpdates "HTTP/1.1 200 OK"
2025-05-08 17:32:27,906 - INFO - HTTP Request: POST https://api.telegram.org/bot7679333451:AAGmlWKFP5uSjmUmuqGR0RIHcmuVoyt8A1g/getUpdates "HTTP/1.1 200 OK"
2025-05-08 17:32:38,090 - INFO - HTTP Request: POST https://api.telegram.org/bot7679333451:AAGmlWKFP5uSjmUmuqGR0RIHcmuVoyt8A1g/getUpdates "HTTP/1.1 200 OK"
2025-05-08 17:32:48,274 - INFO - HTTP Request: POST https://api.telegram.org/bot7679333451:AAGmlWKFP5uSjmUmuqGR0RIHcmuVoyt8A1g/getUpdates "HTTP/1.1 200 OK"
2025-05-08 17:32:58,477 - INFO - HTTP Request: POST https://api.telegram.org/bot7679333451:AAGmlWKFP5uSjmUmuqGR0RIHcmuVoyt8A1g/getUpdates "HTTP/1.1 200 OK"
2025-05-08 17:33:08,662 - INFO - HTTP Request: POST https://api.telegram.org/bot7679333451:AAGmlWKFP5uSjmUmuqGR0RIHcmuVoyt8A1g/getUpdates "HTTP/1.1 200 OK"
2025-05-08 17:33:18,851 - INFO - HTTP Request: POST https://api.telegram.org/bot7679333451:AAGmlWKFP5uSjmUmuqGR0RIHcmuVoyt8A1g/getUpdates "HTTP/1.1 200 OK"
2025-05-08 17:33:29,033 - INFO - HTTP Request: POST https://api.telegram.org/bot7679333451:AAGmlWKFP5uSjmUmuqGR0RIHcmuVoyt8A1g/getUpdates "HTTP/1.1 200 OK"
2025-05-08 17:33:39,216 - INFO - HTTP Request: POST https://api.telegram.org/bot7679333451:AAGmlWKFP5uSjmUmuqGR0RIHcmuVoyt8A1g/getUpdates "HTTP/1.1 200 OK"
2025-05-08 17:33:49,400 - INFO - HTTP Request: POST https://api.telegram.org/bot7679333451:AAGmlWKFP5uSjmUmuqGR0RIHcmuVoyt8A1g/getUpdates "HTTP/1.1 200 OK"
2025-05-08 17:33:59,586 - INFO - HTTP Request: POST https://api.telegram.org/bot7679333451:AAGmlWKFP5uSjmUmuqGR0RIHcmuVoyt8A1g/getUpdates "HTTP/1.1 200 OK"
2025-05-08 17:34:09,775 - INFO - HTTP Request: POST https://api.telegram.org/bot7679333451:AAGmlWKFP5uSjmUmuqGR0RIHcmuVoyt8A1g/getUpdates "HTTP/1.1 200 OK"
2025-05-08 17:34:19,969 - INFO - HTTP Request: POST https://api.telegram.org/bot7679333451:AAGmlWKFP5uSjmUmuqGR0RIHcmuVoyt8A1g/getUpdates "HTTP/1.1 200 OK"
2025-05-08 17:34:30,151 - INFO - HTTP Request: POST https://api.telegram.org/bot7679333451:AAGmlWKFP5uSjmUmuqGR0RIHcmuVoyt8A1g/getUpdates "HTTP/1.1 200 OK"
2025-05-08 17:34:40,337 - INFO - HTTP Request: POST https://api.telegram.org/bot7679333451:AAGmlWKFP5uSjmUmuqGR0RIHcmuVoyt8A1g/getUpdates "HTTP/1.1 200 OK"
2025-05-08 17:34:50,523 - INFO - HTTP Request: POST https://api.telegram.org/bot7679333451:AAGmlWKFP5uSjmUmuqGR0RIHcmuVoyt8A1g/getUpdates "HTTP/1.1 200 OK"
2025-05-08 17:35:00,709 - INFO - HTTP Request: POST https://api.telegram.org/bot7679333451:AAGmlWKFP5uSjmUmuqGR0RIHcmuVoyt8A1g/getUpdates "HTTP/1.1 200 OK"
2025-05-08 17:35:10,889 - INFO - HTTP Request: POST https://api.telegram.org/bot7679333451:AAGmlWKFP5uSjmUmuqGR0RIHcmuVoyt8A1g/getUpdates "HTTP/1.1 200 OK"
2025-05-08 17:35:21,076 - INFO - HTTP Request: POST https://api.telegram.org/bot7679333451:AAGmlWKFP5uSjmUmuqGR0RIHcmuVoyt8A1g/getUpdates "HTTP/1.1 200 OK"
2025-05-08 17:35:31,258 - INFO - HTTP Request: POST https://api.telegram.org/bot7679333451:AAGmlWKFP5uSjmUmuqGR0RIHcmuVoyt8A1g/getUpdates "HTTP/1.1 200 OK"
2025-05-08 17:35:41,442 - INFO - HTTP Request: POST https://api.telegram.org/bot7679333451:AAGmlWKFP5uSjmUmuqGR0RIHcmuVoyt8A1g/getUpdates "HTTP/1.1 200 OK"
2025-05-08 17:35:51,630 - INFO - HTTP Request: POST https://api.telegram.org/bot7679333451:AAGmlWKFP5uSjmUmuqGR0RIHcmuVoyt8A1g/getUpdates "HTTP/1.1 200 OK"
2025-05-08 17:36:01,812 - INFO - HTTP Request: POST https://api.telegram.org/bot7679333451:AAGmlWKFP5uSjmUmuqGR0RIHcmuVoyt8A1g/getUpdates "HTTP/1.1 200 OK"
2025-05-08 17:36:11,995 - INFO - HTTP Request: POST https://api.telegram.org/bot7679333451:AAGmlWKFP5uSjmUmuqGR0RIHcmuVoyt8A1g/getUpdates "HTTP/1.1 200 OK"
2025-05-08 17:36:22,182 - INFO - HTTP Request: POST https://api.telegram.org/bot7679333451:AAGmlWKFP5uSjmUmuqGR0RIHcmuVoyt8A1g/getUpdates "HTTP/1.1 200 OK"
2025-05-08 17:36:32,370 - INFO - HTTP Request: POST https://api.telegram.org/bot7679333451:AAGmlWKFP5uSjmUmuqGR0RIHcmuVoyt8A1g/getUpdates "HTTP/1.1 200 OK"
2025-05-08 17:36:42,551 - INFO - HTTP Request: POST https://api.telegram.org/bot7679333451:AAGmlWKFP5uSjmUmuqGR0RIHcmuVoyt8A1g/getUpdates "HTTP/1.1 200 OK"
2025-05-08 17:36:52,735 - INFO - HTTP Request: POST https://api.telegram.org/bot7679333451:AAGmlWKFP5uSjmUmuqGR0RIHcmuVoyt8A1g/getUpdates "HTTP/1.1 200 OK"
2025-05-08 17:37:02,920 - INFO - HTTP Request: POST https://api.telegram.org/bot7679333451:AAGmlWKFP5uSjmUmuqGR0RIHcmuVoyt8A1g/getUpdates "HTTP/1.1 200 OK"
2025-05-08 17:37:13,104 - INFO - HTTP Request: POST https://api.telegram.org/bot7679333451:AAGmlWKFP5uSjmUmuqGR0RIHcmuVoyt8A1g/getUpdates "HTTP/1.1 200 OK"
2025-05-08 17:37:23,287 - INFO - HTTP Request: POST https://api.telegram.org/bot7679333451:AAGmlWKFP5uSjmUmuqGR0RIHcmuVoyt8A1g/getUpdates "HTTP/1.1 200 OK"
2025-05-08 17:37:33,481 - INFO - HTTP Request: POST https://api.telegram.org/bot7679333451:AAGmlWKFP5uSjmUmuqGR0RIHcmuVoyt8A1g/getUpdates "HTTP/1.1 200 OK"
2025-05-08 17:37:43,665 - INFO - HTTP Request: POST https://api.telegram.org/bot7679333451:AAGmlWKFP5uSjmUmuqGR0RIHcmuVoyt8A1g/getUpdates "HTTP/1.1 200 OK"
2025-05-08 17:37:53,849 - INFO - HTTP Request: POST https://api.telegram.org/bot7679333451:AAGmlWKFP5uSjmUmuqGR0RIHcmuVoyt8A1g/getUpdates "HTTP/1.1 200 OK"
2025-05-08 17:38:04,038 - INFO - HTTP Request: POST https://api.telegram.org/bot7679333451:AAGmlWKFP5uSjmUmuqGR0RIHcmuVoyt8A1g/getUpdates "HTTP/1.1 200 OK"
2025-05-08 17:38:14,221 - INFO - HTTP Request: POST https://api.telegram.org/bot7679333451:AAGmlWKFP5uSjmUmuqGR0RIHcmuVoyt8A1g/getUpdates "HTTP/1.1 200 OK"
2025-05-08 17:38:24,404 - INFO - HTTP Request: POST https://api.telegram.org/bot7679333451:AAGmlWKFP5uSjmUmuqGR0RIHcmuVoyt8A1g/getUpdates "HTTP/1.1 200 OK"
2025-05-08 17:38:34,590 - INFO - HTTP Request: POST https://api.telegram.org/bot7679333451:AAGmlWKFP5uSjmUmuqGR0RIHcmuVoyt8A1g/getUpdates "HTTP/1.1 200 OK"
2025-05-08 17:38:44,776 - INFO - HTTP Request: POST https://api.telegram.org/bot7679333451:AAGmlWKFP5uSjmUmuqGR0RIHcmuVoyt8A1g/getUpdates "HTTP/1.1 200 OK"
2025-05-08 17:38:54,959 - INFO - HTTP Request: POST https://api.telegram.org/bot7679333451:AAGmlWKFP5uSjmUmuqGR0RIHcmuVoyt8A1g/getUpdates "HTTP/1.1 200 OK"
2025-05-08 17:39:05,140 - INFO - HTTP Request: POST https://api.telegram.org/bot7679333451:AAGmlWKFP5uSjmUmuqGR0RIHcmuVoyt8A1g/getUpdates "HTTP/1.1 200 OK"
2025-05-08 17:39:15,324 - INFO - HTTP Request: POST https://api.telegram.org/bot7679333451:AAGmlWKFP5uSjmUmuqGR0RIHcmuVoyt8A1g/getUpdates "HTTP/1.1 200 OK"
2025-05-08 17:39:25,510 - INFO - HTTP Request: POST https://api.telegram.org/bot7679333451:AAGmlWKFP5uSjmUmuqGR0RIHcmuVoyt8A1g/getUpdates "HTTP/1.1 200 OK"
2025-05-08 17:39:35,695 - INFO - HTTP Request: POST https://api.telegram.org/bot7679333451:AAGmlWKFP5uSjmUmuqGR0RIHcmuVoyt8A1g/getUpdates "HTTP/1.1 200 OK"
2025-05-08 17:39:45,883 - INFO - HTTP Request: POST https://api.telegram.org/bot7679333451:AAGmlWKFP5uSjmUmuqGR0RIHcmuVoyt8A1g/getUpdates "HTTP/1.1 200 OK"
2025-05-08 17:39:56,067 - INFO - HTTP Request: POST https://api.telegram.org/bot7679333451:AAGmlWKFP5uSjmUmuqGR0RIHcmuVoyt8A1g/getUpdates "HTTP/1.1 200 OK"
2025-05-08 17:40:06,248 - INFO - HTTP Request: POST https://api.telegram.org/bot7679333451:AAGmlWKFP5uSjmUmuqGR0RIHcmuVoyt8A1g/getUpdates "HTTP/1.1 200 OK"
2025-05-08 17:40:16,435 - INFO - HTTP Request: POST https://api.telegram.org/bot7679333451:AAGmlWKFP5uSjmUmuqGR0RIHcmuVoyt8A1g/getUpdates "HTTP/1.1 200 OK"
2025-05-08 17:40:26,615 - INFO - HTTP Request: POST https://api.telegram.org/bot7679333451:AAGmlWKFP5uSjmUmuqGR0RIHcmuVoyt8A1g/getUpdates "HTTP/1.1 200 OK"
2025-05-08 17:40:36,795 - INFO - HTTP Request: POST https://api.telegram.org/bot7679333451:AAGmlWKFP5uSjmUmuqGR0RIHcmuVoyt8A1g/getUpdates "HTTP/1.1 200 OK"
2025-05-08 17:40:46,983 - INFO - HTTP Request: POST https://api.telegram.org/bot7679333451:AAGmlWKFP5uSjmUmuqGR0RIHcmuVoyt8A1g/getUpdates "HTTP/1.1 200 OK"
2025-05-08 17:40:57,165 - INFO - HTTP Request: POST https://api.telegram.org/bot7679333451:AAGmlWKFP5uSjmUmuqGR0RIHcmuVoyt8A1g/getUpdates "HTTP/1.1 200 OK"
2025-05-08 17:41:07,354 - INFO - HTTP Request: POST https://api.telegram.org/bot7679333451:AAGmlWKFP5uSjmUmuqGR0RIHcmuVoyt8A1g/getUpdates "HTTP/1.1 200 OK"
2025-05-08 17:41:17,541 - INFO - HTTP Request: POST https://api.telegram.org/bot7679333451:AAGmlWKFP5uSjmUmuqGR0RIHcmuVoyt8A1g/getUpdates "HTTP/1.1 200 OK"
2025-05-08 17:41:27,723 - INFO - HTTP Request: POST https://api.telegram.org/bot7679333451:AAGmlWKFP5uSjmUmuqGR0RIHcmuVoyt8A1g/getUpdates "HTTP/1.1 200 OK"
2025-05-08 17:41:37,903 - INFO - HTTP Request: POST https://api.telegram.org/bot7679333451:AAGmlWKFP5uSjmUmuqGR0RIHcmuVoyt8A1g/getUpdates "HTTP/1.1 200 OK"
2025-05-08 17:41:48,089 - INFO - HTTP Request: POST https://api.telegram.org/bot7679333451:AAGmlWKFP5uSjmUmuqGR0RIHcmuVoyt8A1g/getUpdates "HTTP/1.1 200 OK"
2025-05-08 17:41:58,274 - INFO - HTTP Request: POST https://api.telegram.org/bot7679333451:AAGmlWKFP5uSjmUmuqGR0RIHcmuVoyt8A1g/getUpdates "HTTP/1.1 200 OK"
2025-05-08 17:42:08,470 - INFO - HTTP Request: POST https://api.telegram.org/bot7679333451:AAGmlWKFP5uSjmUmuqGR0RIHcmuVoyt8A1g/getUpdates "HTTP/1.1 200 OK"
2025-05-08 17:42:18,652 - INFO - HTTP Request: POST https://api.telegram.org/bot7679333451:AAGmlWKFP5uSjmUmuqGR0RIHcmuVoyt8A1g/getUpdates "HTTP/1.1 200 OK"
2025-05-08 17:42:28,832 - INFO - HTTP Request: POST https://api.telegram.org/bot7679333451:AAGmlWKFP5uSjmUmuqGR0RIHcmuVoyt8A1g/getUpdates "HTTP/1.1 200 OK"
2025-05-08 17:42:39,014 - INFO - HTTP Request: POST https://api.telegram.org/bot7679333451:AAGmlWKFP5uSjmUmuqGR0RIHcmuVoyt8A1g/getUpdates "HTTP/1.1 200 OK"
2025-05-08 17:42:49,199 - INFO - HTTP Request: POST https://api.telegram.org/bot7679333451:AAGmlWKFP5uSjmUmuqGR0RIHcmuVoyt8A1g/getUpdates "HTTP/1.1 200 OK"
2025-05-08 17:42:59,385 - INFO - HTTP Request: POST https://api.telegram.org/bot7679333451:AAGmlWKFP5uSjmUmuqGR0RIHcmuVoyt8A1g/getUpdates "HTTP/1.1 200 OK"
2025-05-08 17:43:09,567 - INFO - HTTP Request: POST https://api.telegram.org/bot7679333451:AAGmlWKFP5uSjmUmuqGR0RIHcmuVoyt8A1g/getUpdates "HTTP/1.1 200 OK"
2025-05-08 17:43:19,753 - INFO - HTTP Request: POST https://api.telegram.org/bot7679333451:AAGmlWKFP5uSjmUmuqGR0RIHcmuVoyt8A1g/getUpdates "HTTP/1.1 200 OK"
2025-05-08 17:43:29,939 - INFO - HTTP Request: POST https://api.telegram.org/bot7679333451:AAGmlWKFP5uSjmUmuqGR0RIHcmuVoyt8A1g/getUpdates "HTTP/1.1 200 OK"
2025-05-08 17:43:40,120 - INFO - HTTP Request: POST https://api.telegram.org/bot7679333451:AAGmlWKFP5uSjmUmuqGR0RIHcmuVoyt8A1g/getUpdates "HTTP/1.1 200 OK"
2025-05-08 17:43:50,312 - INFO - HTTP Request: POST https://api.telegram.org/bot7679333451:AAGmlWKFP5uSjmUmuqGR0RIHcmuVoyt8A1g/getUpdates "HTTP/1.1 200 OK"
2025-05-08 17:44:00,492 - INFO - HTTP Request: POST https://api.telegram.org/bot7679333451:AAGmlWKFP5uSjmUmuqGR0RIHcmuVoyt8A1g/getUpdates "HTTP/1.1 200 OK"
2025-05-08 17:44:10,675 - INFO - HTTP Request: POST https://api.telegram.org/bot7679333451:AAGmlWKFP5uSjmUmuqGR0RIHcmuVoyt8A1g/getUpdates "HTTP/1.1 200 OK"
2025-05-08 17:44:20,856 - INFO - HTTP Request: POST https://api.telegram.org/bot7679333451:AAGmlWKFP5uSjmUmuqGR0RIHcmuVoyt8A1g/getUpdates "HTTP/1.1 200 OK"
2025-05-08 17:44:31,041 - INFO - HTTP Request: POST https://api.telegram.org/bot7679333451:AAGmlWKFP5uSjmUmuqGR0RIHcmuVoyt8A1g/getUpdates "HTTP/1.1 200 OK"
2025-05-08 17:44:41,228 - INFO - HTTP Request: POST https://api.telegram.org/bot7679333451:AAGmlWKFP5uSjmUmuqGR0RIHcmuVoyt8A1g/getUpdates "HTTP/1.1 200 OK"
2025-05-08 17:44:50,179 - INFO - HTTP Request: POST https://api.telegram.org/bot7679333451:AAGmlWKFP5uSjmUmuqGR0RIHcmuVoyt8A1g/getUpdates "HTTP/1.1 200 OK"
2025-05-08 17:44:50,180 - INFO - \U0001f4e9 Pesan diterima dari User 6643021370: tes
2025-05-08 17:44:50,969 - INFO - HTTP Request: POST https://api.telegram.org/bot7679333451:AAGmlWKFP5uSjmUmuqGR0RIHcmuVoyt8A1g/sendMessage "HTTP/1.1 200 OK"
2025-05-08 17:45:00,364 - INFO - HTTP Request: POST https://api.telegram.org/bot7679333451:AAGmlWKFP5uSjmUmuqGR0RIHcmuVoyt8A1g/getUpdates "HTTP/1.1 200 OK"
2025-05-08 17:45:10,544 - INFO - HTTP Request: POST https://api.telegram.org/bot7679333451:AAGmlWKFP5uSjmUmuqGR0RIHcmuVoyt8A1g/getUpdates "HTTP/1.1 200 OK"
2025-05-08 17:45:20,728 - INFO - HTTP Request: POST https://api.telegram.org/bot7679333451:AAGmlWKFP5uSjmUmuqGR0RIHcmuVoyt8A1g/getUpdates "HTTP/1.1 200 OK"
2025-05-08 17:45:30,908 - INFO - HTTP Request: POST https://api.telegram.org/bot7679333451:AAGmlWKFP5uSjmUmuqGR0RIHcmuVoyt8A1g/getUpdates "HTTP/1.1 200 OK"
2025-05-08 17:45:41,093 - INFO - HTTP Request: POST https://api.telegram.org/bot7679333451:AAGmlWKFP5uSjmUmuqGR0RIHcmuVoyt8A1g/getUpdates "HTTP/1.1 200 OK"
2025-05-08 17:45:51,277 - INFO - HTTP Request: POST https://api.telegram.org/bot7679333451:AAGmlWKFP5uSjmUmuqGR0RIHcmuVoyt8A1g/getUpdates "HTTP/1.1 200 OK"
2025-05-08 17:46:01,468 - INFO - HTTP Request: POST https://api.telegram.org/bot7679333451:AAGmlWKFP5uSjmUmuqGR0RIHcmuVoyt8A1g/getUpdates "HTTP/1.1 200 OK"
2025-05-08 17:46:11,653 - INFO - HTTP Request: POST https://api.telegram.org/bot7679333451:AAGmlWKFP5uSjmUmuqGR0RIHcmuVoyt8A1g/getUpdates "HTTP/1.1 200 OK"
2025-05-08 17:46:21,841 - INFO - HTTP Request: POST https://api.telegram.org/bot7679333451:AAGmlWKFP5uSjmUmuqGR0RIHcmuVoyt8A1g/getUpdates "HTTP/1.1 200 OK"
2025-05-08 17:46:32,027 - INFO - HTTP Request: POST https://api.telegram.org/bot7679333451:AAGmlWKFP5uSjmUmuqGR0RIHcmuVoyt8A1g/getUpdates "HTTP/1.1 200 OK"
2025-05-08 17:46:42,212 - INFO - HTTP Request: POST https://api.telegram.org/bot7679333451:AAGmlWKFP5uSjmUmuqGR0RIHcmuVoyt8A1g/getUpdates "HTTP/1.1 200 OK"
2025-05-08 17:46:52,397 - INFO - HTTP Request: POST https://api.telegram.org/bot7679333451:AAGmlWKFP5uSjmUmuqGR0RIHcmuVoyt8A1g/getUpdates "HTTP/1.1 200 OK"
2025-05-08 17:47:02,586 - INFO - HTTP Request: POST https://api.telegram.org/bot7679333451:AAGmlWKFP5uSjmUmuqGR0RIHcmuVoyt8A1g/getUpdates "HTTP/1.1 200 OK"
2025-05-08 17:47:13,107 - INFO - HTTP Request: POST https://api.telegram.org/bot7679333451:AAGmlWKFP5uSjmUmuqGR0RIHcmuVoyt8A1g/getUpdates "HTTP/1.1 200 OK"
2025-05-08 17:47:23,285 - INFO - HTTP Request: POST https://api.telegram.org/bot7679333451:AAGmlWKFP5uSjmUmuqGR0RIHcmuVoyt8A1g/getUpdates "HTTP/1.1 200 OK"
2025-05-08 17:47:33,460 - INFO - HTTP Request: POST https://api.telegram.org/bot7679333451:AAGmlWKFP5uSjmUmuqGR0RIHcmuVoyt8A1g/getUpdates "HTTP/1.1 200 OK"
2025-05-08 17:47:43,637 - INFO - HTTP Request: POST https://api.telegram.org/bot7679333451:AAGmlWKFP5uSjmUmuqGR0RIHcmuVoyt8A1g/getUpdates "HTTP/1.1 200 OK"
2025-05-08 17:47:53,813 - INFO - HTTP Request: POST https://api.telegram.org/bot7679333451:AAGmlWKFP5uSjmUmuqGR0RIHcmuVoyt8A1g/getUpdates "HTTP/1.1 200 OK"
2025-05-08 17:48:03,991 - INFO - HTTP Request: POST https://api.telegram.org/bot7679333451:AAGmlWKFP5uSjmUmuqGR0RIHcmuVoyt8A1g/getUpdates "HTTP/1.1 200 OK"
2025-05-08 17:48:14,165 - INFO - HTTP Request: POST https://api.telegram.org/bot7679333451:AAGmlWKFP5uSjmUmuqGR0RIHcmuVoyt8A1g/getUpdates "HTTP/1.1 200 OK"
2025-05-08 17:48:24,340 - INFO - HTTP Request: POST https://api.telegram.org/bot7679333451:AAGmlWKFP5uSjmUmuqGR0RIHcmuVoyt8A1g/getUpdates "HTTP/1.1 200 OK"
2025-05-08 17:48:34,518 - INFO - HTTP Request: POST https://api.telegram.org/bot7679333451:AAGmlWKFP5uSjmUmuqGR0RIHcmuVoyt8A1g/getUpdates "HTTP/1.1 200 OK"
2025-05-08 17:48:44,696 - INFO - HTTP Request: POST https://api.telegram.org/bot7679333451:AAGmlWKFP5uSjmUmuqGR0RIHcmuVoyt8A1g/getUpdates "HTTP/1.1 200 OK"
2025-05-08 17:48:54,871 - INFO - HTTP Request: POST https://api.telegram.org/bot7679333451:AAGmlWKFP5uSjmUmuqGR0RIHcmuVoyt8A1g/getUpdates "HTTP/1.1 200 OK"
2025-05-08 17:49:05,045 - INFO - HTTP Request: POST https://api.telegram.org/bot7679333451:AAGmlWKFP5uSjmUmuqGR0RIHcmuVoyt8A1g/getUpdates "HTTP/1.1 200 OK"
2025-05-08 17:49:15,221 - INFO - HTTP Request: POST https://api.telegram.org/bot7679333451:AAGmlWKFP5uSjmUmuqGR0RIHcmuVoyt8A1g/getUpdates "HTTP/1.1 200 OK"
2025-05-08 17:49:25,398 - INFO - HTTP Request: POST https://api.telegram.org/bot7679333451:AAGmlWKFP5uSjmUmuqGR0RIHcmuVoyt8A1g/getUpdates "HTTP/1.1 200 OK"
2025-05-08 17:49:35,574 - INFO - HTTP Request: POST https://api.telegram.org/bot7679333451:AAGmlWKFP5uSjmUmuqGR0RIHcmuVoyt8A1g/getUpdates "HTTP/1.1 200 OK"
2025-05-08 17:49:45,748 - INFO - HTTP Request: POST https://api.telegram.org/bot7679333451:AAGmlWKFP5uSjmUmuqGR0RIHcmuVoyt8A1g/getUpdates "HTTP/1.1 200 OK"
2025-05-08 17:49:55,927 - INFO - HTTP Request: POST https://api.telegram.org/bot7679333451:AAGmlWKFP5uSjmUmuqGR0RIHcmuVoyt8A1g/getUpdates "HTTP/1.1 200 OK"
2025-05-08 17:50:06,102 - INFO - HTTP Request: POST https://api.telegram.org/bot7679333451:AAGmlWKFP5uSjmUmuqGR0RIHcmuVoyt8A1g/getUpdates "HTTP/1.1 200 OK"
2025-05-08 17:50:16,276 - INFO - HTTP Request: POST https://api.telegram.org/bot7679333451:AAGmlWKFP5uSjmUmuqGR0RIHcmuVoyt8A1g/getUpdates "HTTP/1.1 200 OK"
2025-05-08 17:50:26,451 - INFO - HTTP Request: POST https://api.telegram.org/bot7679333451:AAGmlWKFP5uSjmUmuqGR0RIHcmuVoyt8A1g/getUpdates "HTTP/1.1 200 OK"
2025-05-08 17:50:36,625 - INFO - HTTP Request: POST https://api.telegram.org/bot7679333451:AAGmlWKFP5uSjmUmuqGR0RIHcmuVoyt8A1g/getUpdates "HTTP/1.1 200 OK"
2025-05-08 17:50:46,799 - INFO - HTTP Request: POST https://api.telegram.org/bot7679333451:AAGmlWKFP5uSjmUmuqGR0RIHcmuVoyt8A1g/getUpdates "HTTP/1.1 200 OK"
2025-05-08 17:50:56,972 - INFO - HTTP Request: POST https://api.telegram.org/bot7679333451:AAGmlWKFP5uSjmUmuqGR0RIHcmuVoyt8A1g/getUpdates "HTTP/1.1 200 OK"
2025-05-08 17:51:07,148 - INFO - HTTP Request: POST https://api.telegram.org/bot7679333451:AAGmlWKFP5uSjmUmuqGR0RIHcmuVoyt8A1g/getUpdates "HTTP/1.1 200 OK"
2025-05-08 17:51:17,323 - INFO - HTTP Request: POST https://api.telegram.org/bot7679333451:AAGmlWKFP5uSjmUmuqGR0RIHcmuVoyt8A1g/getUpdates "HTTP/1.1 200 OK"
2025-05-08 17:51:27,497 - INFO - HTTP Request: POST https://api.telegram.org/bot7679333451:AAGmlWKFP5uSjmUmuqGR0RIHcmuVoyt8A1g/getUpdates "HTTP/1.1 200 OK"
2025-05-08 17:51:37,673 - INFO - HTTP Request: POST https://api.telegram.org/bot7679333451:AAGmlWKFP5uSjmUmuqGR0RIHcmuVoyt8A1g/getUpdates "HTTP/1.1 200 OK"
2025-05-08 17:51:47,850 - INFO - HTTP Request: POST https://api.telegram.org/bot7679333451:AAGmlWKFP5uSjmUmuqGR0RIHcmuVoyt8A1g/getUpdates "HTTP/1.1 200 OK"
2025-05-08 17:51:58,026 - INFO - HTTP Request: POST https://api.telegram.org/bot7679333451:AAGmlWKFP5uSjmUmuqGR0RIHcmuVoyt8A1g/getUpdates "HTTP/1.1 200 OK"
2025-05-08 17:52:08,204 - INFO - HTTP Request: POST https://api.telegram.org/bot7679333451:AAGmlWKFP5uSjmUmuqGR0RIHcmuVoyt8A1g/getUpdates "HTTP/1.1 200 OK"
2025-05-08 17:52:18,378 - INFO - HTTP Request: POST https://api.telegram.org/bot7679333451:AAGmlWKFP5uSjmUmuqGR0RIHcmuVoyt8A1g/getUpdates "HTTP/1.1 200 OK"
2025-05-08 17:52:28,513 - INFO - HTTP Request: POST https://api.telegram.org/bot7679333451:AAGmlWKFP5uSjmUmuqGR0RIHcmuVoyt8A1g/getUpdates "HTTP/1.1 200 OK"
2025-05-08 17:52:28,513 - INFO - \U0001f4e9 Pesan diterima dari User 6643021370: beritahu saya informasi yang sekarang ada di UPA UNTAN
2025-05-08 17:52:28,514 - INFO - \U0001f535 Sending to DeepSeek API for user 6643021370 with payload size 9
2025-05-08 17:53:02,364 - INFO - \U0001f4ca Memulai proses format_response (NO ESCAPE Mode)
2025-05-08 17:53:02,365 - INFO - \U0001f3af Format respons selesai (NO ESCAPE Mode)
2025-05-08 17:53:02,374 - INFO - \u2705 Response berhasil untuk user 6643021370
2025-05-08 17:53:03,155 - INFO - HTTP Request: POST https://api.telegram.org/bot7679333451:AAGmlWKFP5uSjmUmuqGR0RIHcmuVoyt8A1g/sendMessage "HTTP/1.1 200 OK"
2025-05-08 17:53:03,156 - INFO - \U0001f4e4 Bot menjawab User 6643021370 dengan hasil dari DeepSeek
2025-05-08 17:53:12,955 - INFO - HTTP Request: POST https://api.telegram.org/bot7679333451:AAGmlWKFP5uSjmUmuqGR0RIHcmuVoyt8A1g/getUpdates "HTTP/1.1 200 OK"
2025-05-08 17:53:23,148 - INFO - HTTP Request: POST https://api.telegram.org/bot7679333451:AAGmlWKFP5uSjmUmuqGR0RIHcmuVoyt8A1g/getUpdates "HTTP/1.1 200 OK"
2025-05-08 17:53:33,326 - INFO - HTTP Request: POST https://api.telegram.org/bot7679333451:AAGmlWKFP5uSjmUmuqGR0RIHcmuVoyt8A1g/getUpdates "HTTP/1.1 200 OK"
2025-05-08 17:53:43,511 - INFO - HTTP Request: POST https://api.telegram.org/bot7679333451:AAGmlWKFP5uSjmUmuqGR0RIHcmuVoyt8A1g/getUpdates "HTTP/1.1 200 OK"
2025-05-08 17:53:53,690 - INFO - HTTP Request: POST https://api.telegram.org/bot7679333451:AAGmlWKFP5uSjmUmuqGR0RIHcmuVoyt8A1g/getUpdates "HTTP/1.1 200 OK"
2025-05-08 17:54:03,875 - INFO - HTTP Request: POST https://api.telegram.org/bot7679333451:AAGmlWKFP5uSjmUmuqGR0RIHcmuVoyt8A1g/getUpdates "HTTP/1.1 200 OK"
2025-05-08 17:54:14,058 - INFO - HTTP Request: POST https://api.telegram.org/bot7679333451:AAGmlWKFP5uSjmUmuqGR0RIHcmuVoyt8A1g/getUpdates "HTTP/1.1 200 OK"
2025-05-08 17:54:24,239 - INFO - HTTP Request: POST https://api.telegram.org/bot7679333451:AAGmlWKFP5uSjmUmuqGR0RIHcmuVoyt8A1g/getUpdates "HTTP/1.1 200 OK"
2025-05-08 17:54:34,420 - INFO - HTTP Request: POST https://api.telegram.org/bot7679333451:AAGmlWKFP5uSjmUmuqGR0RIHcmuVoyt8A1g/getUpdates "HTTP/1.1 200 OK"
2025-05-08 17:54:44,603 - INFO - HTTP Request: POST https://api.telegram.org/bot7679333451:AAGmlWKFP5uSjmUmuqGR0RIHcmuVoyt8A1g/getUpdates "HTTP/1.1 200 OK"
2025-05-08 17:54:54,783 - INFO - HTTP Request: POST https://api.telegram.org/bot7679333451:AAGmlWKFP5uSjmUmuqGR0RIHcmuVoyt8A1g/getUpdates "HTTP/1.1 200 OK"
2025-05-08 17:55:04,964 - INFO - HTTP Request: POST https://api.telegram.org/bot7679333451:AAGmlWKFP5uSjmUmuqGR0RIHcmuVoyt8A1g/getUpdates "HTTP/1.1 200 OK"
2025-05-08 17:55:15,145 - INFO - HTTP Request: POST https://api.telegram.org/bot7679333451:AAGmlWKFP5uSjmUmuqGR0RIHcmuVoyt8A1g/getUpdates "HTTP/1.1 200 OK"
2025-05-08 17:55:25,341 - INFO - HTTP Request: POST https://api.telegram.org/bot7679333451:AAGmlWKFP5uSjmUmuqGR0RIHcmuVoyt8A1g/getUpdates "HTTP/1.1 200 OK"
2025-05-08 17:55:35,525 - INFO - HTTP Request: POST https://api.telegram.org/bot7679333451:AAGmlWKFP5uSjmUmuqGR0RIHcmuVoyt8A1g/getUpdates "HTTP/1.1 200 OK"
2025-05-08 17:55:45,707 - INFO - HTTP Request: POST https://api.telegram.org/bot7679333451:AAGmlWKFP5uSjmUmuqGR0RIHcmuVoyt8A1g/getUpdates "HTTP/1.1 200 OK"
2025-05-08 17:55:55,891 - INFO - HTTP Request: POST https://api.telegram.org/bot7679333451:AAGmlWKFP5uSjmUmuqGR0RIHcmuVoyt8A1g/getUpdates "HTTP/1.1 200 OK"
2025-05-08 17:56:06,070 - INFO - HTTP Request: POST https://api.telegram.org/bot7679333451:AAGmlWKFP5uSjmUmuqGR0RIHcmuVoyt8A1g/getUpdates "HTTP/1.1 200 OK"
2025-05-08 17:56:16,252 - INFO - HTTP Request: POST https://api.telegram.org/bot7679333451:AAGmlWKFP5uSjmUmuqGR0RIHcmuVoyt8A1g/getUpdates "HTTP/1.1 200 OK"
2025-05-08 17:56:26,440 - INFO - HTTP Request: POST https://api.telegram.org/bot7679333451:AAGmlWKFP5uSjmUmuqGR0RIHcmuVoyt8A1g/getUpdates "HTTP/1.1 200 OK"
2025-05-08 17:56:36,630 - INFO - HTTP Request: POST https://api.telegram.org/bot7679333451:AAGmlWKFP5uSjmUmuqGR0RIHcmuVoyt8A1g/getUpdates "HTTP/1.1 200 OK"
2025-05-08 17:56:46,816 - INFO - HTTP Request: POST https://api.telegram.org/bot7679333451:AAGmlWKFP5uSjmUmuqGR0RIHcmuVoyt8A1g/getUpdates "HTTP/1.1 200 OK"
2025-05-08 17:56:56,999 - INFO - HTTP Request: POST https://api.telegram.org/bot7679333451:AAGmlWKFP5uSjmUmuqGR0RIHcmuVoyt8A1g/getUpdates "HTTP/1.1 200 OK"
2025-05-08 17:57:07,187 - INFO - HTTP Request: POST https://api.telegram.org/bot7679333451:AAGmlWKFP5uSjmUmuqGR0RIHcmuVoyt8A1g/getUpdates "HTTP/1.1 200 OK"
2025-05-08 17:57:17,384 - INFO - HTTP Request: POST https://api.telegram.org/bot7679333451:AAGmlWKFP5uSjmUmuqGR0RIHcmuVoyt8A1g/getUpdates "HTTP/1.1 200 OK"
2025-05-08 17:57:27,565 - INFO - HTTP Request: POST https://api.telegram.org/bot7679333451:AAGmlWKFP5uSjmUmuqGR0RIHcmuVoyt8A1g/getUpdates "HTTP/1.1 200 OK"
2025-05-08 17:57:37,745 - INFO - HTTP Request: POST https://api.telegram.org/bot7679333451:AAGmlWKFP5uSjmUmuqGR0RIHcmuVoyt8A1g/getUpdates "HTTP/1.1 200 OK"
2025-05-08 17:57:47,924 - INFO - HTTP Request: POST https://api.telegram.org/bot7679333451:AAGmlWKFP5uSjmUmuqGR0RIHcmuVoyt8A1g/getUpdates "HTTP/1.1 200 OK"
2025-05-08 17:57:52,185 - INFO - HTTP Request: POST https://api.telegram.org/bot7679333451:AAGmlWKFP5uSjmUmuqGR0RIHcmuVoyt8A1g/getUpdates "HTTP/1.1 200 OK"
2025-05-08 17:57:52,186 - INFO - \U0001f4e9 Pesan diterima dari User 6643021370: apa itu upa untan
2025-05-08 17:57:52,187 - INFO - \U0001f535 Sending to DeepSeek API for user 6643021370 with payload size 11
2025-05-08 17:58:19,485 - INFO - \U0001f4ca Memulai proses format_response (NO ESCAPE Mode)
2025-05-08 17:58:19,486 - INFO - \U0001f3af Format respons selesai (NO ESCAPE Mode)
2025-05-08 17:58:19,495 - INFO - \u2705 Response berhasil untuk user 6643021370
2025-05-08 17:58:20,284 - INFO - HTTP Request: POST https://api.telegram.org/bot7679333451:AAGmlWKFP5uSjmUmuqGR0RIHcmuVoyt8A1g/sendMessage "HTTP/1.1 200 OK"
2025-05-08 17:58:20,286 - INFO - \U0001f4e4 Bot menjawab User 6643021370 dengan hasil dari DeepSeek
2025-05-08 17:58:26,776 - INFO - HTTP Request: POST https://api.telegram.org/bot7679333451:AAGmlWKFP5uSjmUmuqGR0RIHcmuVoyt8A1g/getUpdates "HTTP/1.1 200 OK"
2025-05-08 17:58:26,776 - INFO - \U0001f4e9 Pesan diterima dari User 6643021370: apa upa untan
2025-05-08 17:58:27,575 - INFO - HTTP Request: POST https://api.telegram.org/bot7679333451:AAGmlWKFP5uSjmUmuqGR0RIHcmuVoyt8A1g/sendMessage "HTTP/1.1 200 OK"
2025-05-08 17:58:36,961 - INFO - HTTP Request: POST https://api.telegram.org/bot7679333451:AAGmlWKFP5uSjmUmuqGR0RIHcmuVoyt8A1g/getUpdates "HTTP/1.1 200 OK"
2025-05-08 17:58:47,148 - INFO - HTTP Request: POST https://api.telegram.org/bot7679333451:AAGmlWKFP5uSjmUmuqGR0RIHcmuVoyt8A1g/getUpdates "HTTP/1.1 200 OK"
2025-05-08 17:58:57,333 - INFO - HTTP Request: POST https://api.telegram.org/bot7679333451:AAGmlWKFP5uSjmUmuqGR0RIHcmuVoyt8A1g/getUpdates "HTTP/1.1 200 OK"
2025-05-08 17:59:07,517 - INFO - HTTP Request: POST https://api.telegram.org/bot7679333451:AAGmlWKFP5uSjmUmuqGR0RIHcmuVoyt8A1g/getUpdates "HTTP/1.1 200 OK"
2025-05-08 17:59:08,081 - INFO - HTTP Request: POST https://api.telegram.org/bot7679333451:AAGmlWKFP5uSjmUmuqGR0RIHcmuVoyt8A1g/getUpdates "HTTP/1.1 200 OK"
2025-05-08 17:59:08,082 - ERROR - No error handlers are registered, logging exception.
Traceback (most recent call last):
  File "c:\Users\ariyo\AppData\Local\Programs\Python\Python313\Lib\site-packages\telegram\ext\_application.py", line 1298, in process_update
    await coroutine
  File "c:\Users\ariyo\AppData\Local\Programs\Python\Python313\Lib\site-packages\telegram\ext\_handlers\basehandler.py", line 158, in handle_update
    return await self.callback(update, context)
           ^^^^^^^^^^^^^^^^^^^^^^^^^^^^^^^^^^^^
  File "D:\Chatbot\upa-untan-telegram-bot\handlers\handlers.py", line 50, in handle_message
    user_message = update.message.text.strip()
                   ^^^^^^^^^^^^^^^^^^^
AttributeError: 'NoneType' object has no attribute 'text'
2025-05-08 17:59:13,069 - INFO - HTTP Request: POST https://api.telegram.org/bot7679333451:AAGmlWKFP5uSjmUmuqGR0RIHcmuVoyt8A1g/getUpdates "HTTP/1.1 200 OK"
2025-05-08 17:59:13,069 - INFO - \U0001f4e9 Pesan diterima dari User 6643021370: APA ITU UPA UNTAN
2025-05-08 17:59:13,816 - INFO - HTTP Request: POST https://api.telegram.org/bot7679333451:AAGmlWKFP5uSjmUmuqGR0RIHcmuVoyt8A1g/sendMessage "HTTP/1.1 200 OK"
2025-05-08 17:59:15,657 - INFO - HTTP Request: POST https://api.telegram.org/bot7679333451:AAGmlWKFP5uSjmUmuqGR0RIHcmuVoyt8A1g/getUpdates "HTTP/1.1 200 OK"
2025-05-08 17:59:15,657 - INFO - \U0001f4e9 Pesan diterima dari User 6643021370: APA SIH UPA UNTAN
2025-05-08 17:59:15,658 - INFO - \U0001f535 Sending to DeepSeek API for user 6643021370 with payload size 11
2025-05-08 17:59:42,919 - INFO - \U0001f4ca Memulai proses format_response (NO ESCAPE Mode)
2025-05-08 17:59:42,920 - INFO - \U0001f3af Format respons selesai (NO ESCAPE Mode)
2025-05-08 17:59:42,929 - INFO - \u2705 Response berhasil untuk user 6643021370
2025-05-08 17:59:43,668 - INFO - HTTP Request: POST https://api.telegram.org/bot7679333451:AAGmlWKFP5uSjmUmuqGR0RIHcmuVoyt8A1g/sendMessage "HTTP/1.1 200 OK"
2025-05-08 17:59:43,669 - INFO - \U0001f4e4 Bot menjawab User 6643021370 dengan hasil dari DeepSeek
2025-05-08 17:59:53,508 - INFO - HTTP Request: POST https://api.telegram.org/bot7679333451:AAGmlWKFP5uSjmUmuqGR0RIHcmuVoyt8A1g/getUpdates "HTTP/1.1 200 OK"
2025-05-08 18:00:03,689 - INFO - HTTP Request: POST https://api.telegram.org/bot7679333451:AAGmlWKFP5uSjmUmuqGR0RIHcmuVoyt8A1g/getUpdates "HTTP/1.1 200 OK"
2025-05-08 18:00:13,875 - INFO - HTTP Request: POST https://api.telegram.org/bot7679333451:AAGmlWKFP5uSjmUmuqGR0RIHcmuVoyt8A1g/getUpdates "HTTP/1.1 200 OK"
2025-05-08 18:00:24,061 - INFO - HTTP Request: POST https://api.telegram.org/bot7679333451:AAGmlWKFP5uSjmUmuqGR0RIHcmuVoyt8A1g/getUpdates "HTTP/1.1 200 OK"
2025-05-08 18:00:34,243 - INFO - HTTP Request: POST https://api.telegram.org/bot7679333451:AAGmlWKFP5uSjmUmuqGR0RIHcmuVoyt8A1g/getUpdates "HTTP/1.1 200 OK"
2025-05-08 18:00:44,431 - INFO - HTTP Request: POST https://api.telegram.org/bot7679333451:AAGmlWKFP5uSjmUmuqGR0RIHcmuVoyt8A1g/getUpdates "HTTP/1.1 200 OK"
2025-05-08 18:00:54,618 - INFO - HTTP Request: POST https://api.telegram.org/bot7679333451:AAGmlWKFP5uSjmUmuqGR0RIHcmuVoyt8A1g/getUpdates "HTTP/1.1 200 OK"
2025-05-08 18:01:04,801 - INFO - HTTP Request: POST https://api.telegram.org/bot7679333451:AAGmlWKFP5uSjmUmuqGR0RIHcmuVoyt8A1g/getUpdates "HTTP/1.1 200 OK"
2025-05-08 18:01:14,983 - INFO - HTTP Request: POST https://api.telegram.org/bot7679333451:AAGmlWKFP5uSjmUmuqGR0RIHcmuVoyt8A1g/getUpdates "HTTP/1.1 200 OK"
2025-05-08 18:01:25,169 - INFO - HTTP Request: POST https://api.telegram.org/bot7679333451:AAGmlWKFP5uSjmUmuqGR0RIHcmuVoyt8A1g/getUpdates "HTTP/1.1 200 OK"
2025-05-08 18:01:35,351 - INFO - HTTP Request: POST https://api.telegram.org/bot7679333451:AAGmlWKFP5uSjmUmuqGR0RIHcmuVoyt8A1g/getUpdates "HTTP/1.1 200 OK"
2025-05-08 18:01:45,533 - INFO - HTTP Request: POST https://api.telegram.org/bot7679333451:AAGmlWKFP5uSjmUmuqGR0RIHcmuVoyt8A1g/getUpdates "HTTP/1.1 200 OK"
2025-05-08 18:01:55,719 - INFO - HTTP Request: POST https://api.telegram.org/bot7679333451:AAGmlWKFP5uSjmUmuqGR0RIHcmuVoyt8A1g/getUpdates "HTTP/1.1 200 OK"
2025-05-08 18:02:05,901 - INFO - HTTP Request: POST https://api.telegram.org/bot7679333451:AAGmlWKFP5uSjmUmuqGR0RIHcmuVoyt8A1g/getUpdates "HTTP/1.1 200 OK"
2025-05-08 18:02:16,083 - INFO - HTTP Request: POST https://api.telegram.org/bot7679333451:AAGmlWKFP5uSjmUmuqGR0RIHcmuVoyt8A1g/getUpdates "HTTP/1.1 200 OK"
2025-05-08 18:02:26,267 - INFO - HTTP Request: POST https://api.telegram.org/bot7679333451:AAGmlWKFP5uSjmUmuqGR0RIHcmuVoyt8A1g/getUpdates "HTTP/1.1 200 OK"
2025-05-08 18:02:36,448 - INFO - HTTP Request: POST https://api.telegram.org/bot7679333451:AAGmlWKFP5uSjmUmuqGR0RIHcmuVoyt8A1g/getUpdates "HTTP/1.1 200 OK"
2025-05-08 18:02:44,362 - INFO - HTTP Request: POST https://api.telegram.org/bot7679333451:AAGmlWKFP5uSjmUmuqGR0RIHcmuVoyt8A1g/getUpdates "HTTP/1.1 200 OK"
2025-05-08 18:02:44,362 - INFO - \U0001f4e9 Pesan diterima dari User 6643021370: BUATKAN SAYA PROMPT AGAR CHATBOT INI BISA SAYA REVIEW BERDASARKAN PEMIKIRAN ORANG PROFESIONAL
2025-05-08 18:02:44,365 - INFO - \U0001f535 Sending to DeepSeek API for user 6643021370 with payload size 11
2025-05-08 18:03:19,223 - INFO - \U0001f4ca Memulai proses format_response (NO ESCAPE Mode)
2025-05-08 18:03:19,223 - INFO - \U0001f3af Format respons selesai (NO ESCAPE Mode)
2025-05-08 18:03:19,230 - INFO - \u2705 Response berhasil untuk user 6643021370
2025-05-08 18:03:20,054 - INFO - HTTP Request: POST https://api.telegram.org/bot7679333451:AAGmlWKFP5uSjmUmuqGR0RIHcmuVoyt8A1g/sendMessage "HTTP/1.1 200 OK"
2025-05-08 18:03:20,056 - INFO - \U0001f4e4 Bot menjawab User 6643021370 dengan hasil dari DeepSeek
2025-05-08 18:03:29,891 - INFO - HTTP Request: POST https://api.telegram.org/bot7679333451:AAGmlWKFP5uSjmUmuqGR0RIHcmuVoyt8A1g/getUpdates "HTTP/1.1 200 OK"
2025-05-08 18:03:40,091 - INFO - HTTP Request: POST https://api.telegram.org/bot7679333451:AAGmlWKFP5uSjmUmuqGR0RIHcmuVoyt8A1g/getUpdates "HTTP/1.1 200 OK"
2025-05-08 18:03:50,288 - INFO - HTTP Request: POST https://api.telegram.org/bot7679333451:AAGmlWKFP5uSjmUmuqGR0RIHcmuVoyt8A1g/getUpdates "HTTP/1.1 200 OK"
2025-05-08 18:04:00,485 - INFO - HTTP Request: POST https://api.telegram.org/bot7679333451:AAGmlWKFP5uSjmUmuqGR0RIHcmuVoyt8A1g/getUpdates "HTTP/1.1 200 OK"
2025-05-08 18:04:10,682 - INFO - HTTP Request: POST https://api.telegram.org/bot7679333451:AAGmlWKFP5uSjmUmuqGR0RIHcmuVoyt8A1g/getUpdates "HTTP/1.1 200 OK"
2025-05-08 18:04:20,875 - INFO - HTTP Request: POST https://api.telegram.org/bot7679333451:AAGmlWKFP5uSjmUmuqGR0RIHcmuVoyt8A1g/getUpdates "HTTP/1.1 200 OK"
2025-05-08 18:04:31,070 - INFO - HTTP Request: POST https://api.telegram.org/bot7679333451:AAGmlWKFP5uSjmUmuqGR0RIHcmuVoyt8A1g/getUpdates "HTTP/1.1 200 OK"
2025-05-08 18:04:41,272 - INFO - HTTP Request: POST https://api.telegram.org/bot7679333451:AAGmlWKFP5uSjmUmuqGR0RIHcmuVoyt8A1g/getUpdates "HTTP/1.1 200 OK"
2025-05-08 18:04:51,471 - INFO - HTTP Request: POST https://api.telegram.org/bot7679333451:AAGmlWKFP5uSjmUmuqGR0RIHcmuVoyt8A1g/getUpdates "HTTP/1.1 200 OK"
2025-05-08 18:05:01,666 - INFO - HTTP Request: POST https://api.telegram.org/bot7679333451:AAGmlWKFP5uSjmUmuqGR0RIHcmuVoyt8A1g/getUpdates "HTTP/1.1 200 OK"
2025-05-08 18:05:11,862 - INFO - HTTP Request: POST https://api.telegram.org/bot7679333451:AAGmlWKFP5uSjmUmuqGR0RIHcmuVoyt8A1g/getUpdates "HTTP/1.1 200 OK"
2025-05-08 18:05:22,058 - INFO - HTTP Request: POST https://api.telegram.org/bot7679333451:AAGmlWKFP5uSjmUmuqGR0RIHcmuVoyt8A1g/getUpdates "HTTP/1.1 200 OK"
2025-05-08 18:05:32,256 - INFO - HTTP Request: POST https://api.telegram.org/bot7679333451:AAGmlWKFP5uSjmUmuqGR0RIHcmuVoyt8A1g/getUpdates "HTTP/1.1 200 OK"
2025-05-08 18:05:42,451 - INFO - HTTP Request: POST https://api.telegram.org/bot7679333451:AAGmlWKFP5uSjmUmuqGR0RIHcmuVoyt8A1g/getUpdates "HTTP/1.1 200 OK"
2025-05-08 18:05:52,660 - INFO - HTTP Request: POST https://api.telegram.org/bot7679333451:AAGmlWKFP5uSjmUmuqGR0RIHcmuVoyt8A1g/getUpdates "HTTP/1.1 200 OK"
2025-05-08 18:06:02,911 - INFO - HTTP Request: POST https://api.telegram.org/bot7679333451:AAGmlWKFP5uSjmUmuqGR0RIHcmuVoyt8A1g/getUpdates "HTTP/1.1 200 OK"
2025-05-08 18:06:13,108 - INFO - HTTP Request: POST https://api.telegram.org/bot7679333451:AAGmlWKFP5uSjmUmuqGR0RIHcmuVoyt8A1g/getUpdates "HTTP/1.1 200 OK"
2025-05-08 18:06:23,308 - INFO - HTTP Request: POST https://api.telegram.org/bot7679333451:AAGmlWKFP5uSjmUmuqGR0RIHcmuVoyt8A1g/getUpdates "HTTP/1.1 200 OK"
2025-05-08 18:06:33,504 - INFO - HTTP Request: POST https://api.telegram.org/bot7679333451:AAGmlWKFP5uSjmUmuqGR0RIHcmuVoyt8A1g/getUpdates "HTTP/1.1 200 OK"
2025-05-08 18:06:43,695 - INFO - HTTP Request: POST https://api.telegram.org/bot7679333451:AAGmlWKFP5uSjmUmuqGR0RIHcmuVoyt8A1g/getUpdates "HTTP/1.1 200 OK"
2025-05-08 18:06:53,888 - INFO - HTTP Request: POST https://api.telegram.org/bot7679333451:AAGmlWKFP5uSjmUmuqGR0RIHcmuVoyt8A1g/getUpdates "HTTP/1.1 200 OK"
2025-05-08 18:07:04,087 - INFO - HTTP Request: POST https://api.telegram.org/bot7679333451:AAGmlWKFP5uSjmUmuqGR0RIHcmuVoyt8A1g/getUpdates "HTTP/1.1 200 OK"
2025-05-08 18:07:14,286 - INFO - HTTP Request: POST https://api.telegram.org/bot7679333451:AAGmlWKFP5uSjmUmuqGR0RIHcmuVoyt8A1g/getUpdates "HTTP/1.1 200 OK"
2025-05-08 18:07:18,631 - INFO - HTTP Request: POST https://api.telegram.org/bot7679333451:AAGmlWKFP5uSjmUmuqGR0RIHcmuVoyt8A1g/getUpdates "HTTP/1.1 200 OK"
2025-05-08 18:07:18,631 - INFO - \U0001f4e9 Pesan diterima dari User 6643021370: apa saja kegiatan yang sedang berlangsung di UPA UNTAN?
2025-05-08 18:07:18,632 - INFO - \U0001f535 Sending to DeepSeek API for user 6643021370 with payload size 11
2025-05-08 18:07:51,106 - INFO - \U0001f4ca Memulai proses format_response (NO ESCAPE Mode)
2025-05-08 18:07:51,106 - INFO - \U0001f3af Format respons selesai (NO ESCAPE Mode)
2025-05-08 18:07:51,116 - INFO - \u2705 Response berhasil untuk user 6643021370
2025-05-08 18:07:51,950 - INFO - HTTP Request: POST https://api.telegram.org/bot7679333451:AAGmlWKFP5uSjmUmuqGR0RIHcmuVoyt8A1g/sendMessage "HTTP/1.1 200 OK"
2025-05-08 18:07:51,950 - INFO - \U0001f4e4 Bot menjawab User 6643021370 dengan hasil dari DeepSeek
2025-05-08 18:08:01,723 - INFO - HTTP Request: POST https://api.telegram.org/bot7679333451:AAGmlWKFP5uSjmUmuqGR0RIHcmuVoyt8A1g/getUpdates "HTTP/1.1 200 OK"
2025-05-08 18:08:11,917 - INFO - HTTP Request: POST https://api.telegram.org/bot7679333451:AAGmlWKFP5uSjmUmuqGR0RIHcmuVoyt8A1g/getUpdates "HTTP/1.1 200 OK"
2025-05-08 18:08:22,105 - INFO - HTTP Request: POST https://api.telegram.org/bot7679333451:AAGmlWKFP5uSjmUmuqGR0RIHcmuVoyt8A1g/getUpdates "HTTP/1.1 200 OK"
2025-05-08 18:08:32,294 - INFO - HTTP Request: POST https://api.telegram.org/bot7679333451:AAGmlWKFP5uSjmUmuqGR0RIHcmuVoyt8A1g/getUpdates "HTTP/1.1 200 OK"
2025-05-08 18:08:42,485 - INFO - HTTP Request: POST https://api.telegram.org/bot7679333451:AAGmlWKFP5uSjmUmuqGR0RIHcmuVoyt8A1g/getUpdates "HTTP/1.1 200 OK"
2025-05-08 18:08:52,674 - INFO - HTTP Request: POST https://api.telegram.org/bot7679333451:AAGmlWKFP5uSjmUmuqGR0RIHcmuVoyt8A1g/getUpdates "HTTP/1.1 200 OK"
2025-05-08 18:09:02,869 - INFO - HTTP Request: POST https://api.telegram.org/bot7679333451:AAGmlWKFP5uSjmUmuqGR0RIHcmuVoyt8A1g/getUpdates "HTTP/1.1 200 OK"
2025-05-08 18:09:13,061 - INFO - HTTP Request: POST https://api.telegram.org/bot7679333451:AAGmlWKFP5uSjmUmuqGR0RIHcmuVoyt8A1g/getUpdates "HTTP/1.1 200 OK"
2025-05-08 18:09:23,251 - INFO - HTTP Request: POST https://api.telegram.org/bot7679333451:AAGmlWKFP5uSjmUmuqGR0RIHcmuVoyt8A1g/getUpdates "HTTP/1.1 200 OK"
2025-05-08 18:09:33,443 - INFO - HTTP Request: POST https://api.telegram.org/bot7679333451:AAGmlWKFP5uSjmUmuqGR0RIHcmuVoyt8A1g/getUpdates "HTTP/1.1 200 OK"
2025-05-08 18:09:43,631 - INFO - HTTP Request: POST https://api.telegram.org/bot7679333451:AAGmlWKFP5uSjmUmuqGR0RIHcmuVoyt8A1g/getUpdates "HTTP/1.1 200 OK"
2025-05-08 18:09:53,824 - INFO - HTTP Request: POST https://api.telegram.org/bot7679333451:AAGmlWKFP5uSjmUmuqGR0RIHcmuVoyt8A1g/getUpdates "HTTP/1.1 200 OK"
2025-05-08 18:10:04,012 - INFO - HTTP Request: POST https://api.telegram.org/bot7679333451:AAGmlWKFP5uSjmUmuqGR0RIHcmuVoyt8A1g/getUpdates "HTTP/1.1 200 OK"
2025-05-08 18:10:14,201 - INFO - HTTP Request: POST https://api.telegram.org/bot7679333451:AAGmlWKFP5uSjmUmuqGR0RIHcmuVoyt8A1g/getUpdates "HTTP/1.1 200 OK"
2025-05-08 18:10:24,394 - INFO - HTTP Request: POST https://api.telegram.org/bot7679333451:AAGmlWKFP5uSjmUmuqGR0RIHcmuVoyt8A1g/getUpdates "HTTP/1.1 200 OK"
2025-05-08 18:10:34,586 - INFO - HTTP Request: POST https://api.telegram.org/bot7679333451:AAGmlWKFP5uSjmUmuqGR0RIHcmuVoyt8A1g/getUpdates "HTTP/1.1 200 OK"
2025-05-08 18:10:44,779 - INFO - HTTP Request: POST https://api.telegram.org/bot7679333451:AAGmlWKFP5uSjmUmuqGR0RIHcmuVoyt8A1g/getUpdates "HTTP/1.1 200 OK"
2025-05-08 18:10:54,968 - INFO - HTTP Request: POST https://api.telegram.org/bot7679333451:AAGmlWKFP5uSjmUmuqGR0RIHcmuVoyt8A1g/getUpdates "HTTP/1.1 200 OK"
2025-05-08 18:11:05,156 - INFO - HTTP Request: POST https://api.telegram.org/bot7679333451:AAGmlWKFP5uSjmUmuqGR0RIHcmuVoyt8A1g/getUpdates "HTTP/1.1 200 OK"
2025-05-08 18:11:15,347 - INFO - HTTP Request: POST https://api.telegram.org/bot7679333451:AAGmlWKFP5uSjmUmuqGR0RIHcmuVoyt8A1g/getUpdates "HTTP/1.1 200 OK"
2025-05-08 18:11:25,540 - INFO - HTTP Request: POST https://api.telegram.org/bot7679333451:AAGmlWKFP5uSjmUmuqGR0RIHcmuVoyt8A1g/getUpdates "HTTP/1.1 200 OK"
2025-05-08 18:11:35,729 - INFO - HTTP Request: POST https://api.telegram.org/bot7679333451:AAGmlWKFP5uSjmUmuqGR0RIHcmuVoyt8A1g/getUpdates "HTTP/1.1 200 OK"
2025-05-08 18:11:45,922 - INFO - HTTP Request: POST https://api.telegram.org/bot7679333451:AAGmlWKFP5uSjmUmuqGR0RIHcmuVoyt8A1g/getUpdates "HTTP/1.1 200 OK"
2025-05-08 18:11:56,112 - INFO - HTTP Request: POST https://api.telegram.org/bot7679333451:AAGmlWKFP5uSjmUmuqGR0RIHcmuVoyt8A1g/getUpdates "HTTP/1.1 200 OK"
2025-05-08 18:12:06,301 - INFO - HTTP Request: POST https://api.telegram.org/bot7679333451:AAGmlWKFP5uSjmUmuqGR0RIHcmuVoyt8A1g/getUpdates "HTTP/1.1 200 OK"
2025-05-08 18:12:16,495 - INFO - HTTP Request: POST https://api.telegram.org/bot7679333451:AAGmlWKFP5uSjmUmuqGR0RIHcmuVoyt8A1g/getUpdates "HTTP/1.1 200 OK"
2025-05-08 18:12:26,687 - INFO - HTTP Request: POST https://api.telegram.org/bot7679333451:AAGmlWKFP5uSjmUmuqGR0RIHcmuVoyt8A1g/getUpdates "HTTP/1.1 200 OK"
2025-05-08 18:12:36,875 - INFO - HTTP Request: POST https://api.telegram.org/bot7679333451:AAGmlWKFP5uSjmUmuqGR0RIHcmuVoyt8A1g/getUpdates "HTTP/1.1 200 OK"
2025-05-08 18:12:47,068 - INFO - HTTP Request: POST https://api.telegram.org/bot7679333451:AAGmlWKFP5uSjmUmuqGR0RIHcmuVoyt8A1g/getUpdates "HTTP/1.1 200 OK"
2025-05-08 18:12:57,275 - INFO - HTTP Request: POST https://api.telegram.org/bot7679333451:AAGmlWKFP5uSjmUmuqGR0RIHcmuVoyt8A1g/getUpdates "HTTP/1.1 200 OK"
2025-05-08 18:13:07,469 - INFO - HTTP Request: POST https://api.telegram.org/bot7679333451:AAGmlWKFP5uSjmUmuqGR0RIHcmuVoyt8A1g/getUpdates "HTTP/1.1 200 OK"
2025-05-08 18:13:17,659 - INFO - HTTP Request: POST https://api.telegram.org/bot7679333451:AAGmlWKFP5uSjmUmuqGR0RIHcmuVoyt8A1g/getUpdates "HTTP/1.1 200 OK"
2025-05-08 18:13:27,861 - INFO - HTTP Request: POST https://api.telegram.org/bot7679333451:AAGmlWKFP5uSjmUmuqGR0RIHcmuVoyt8A1g/getUpdates "HTTP/1.1 200 OK"
2025-05-08 18:13:38,049 - INFO - HTTP Request: POST https://api.telegram.org/bot7679333451:AAGmlWKFP5uSjmUmuqGR0RIHcmuVoyt8A1g/getUpdates "HTTP/1.1 200 OK"
2025-05-08 18:13:48,244 - INFO - HTTP Request: POST https://api.telegram.org/bot7679333451:AAGmlWKFP5uSjmUmuqGR0RIHcmuVoyt8A1g/getUpdates "HTTP/1.1 200 OK"
2025-05-08 18:13:58,432 - INFO - HTTP Request: POST https://api.telegram.org/bot7679333451:AAGmlWKFP5uSjmUmuqGR0RIHcmuVoyt8A1g/getUpdates "HTTP/1.1 200 OK"
2025-05-08 18:14:08,624 - INFO - HTTP Request: POST https://api.telegram.org/bot7679333451:AAGmlWKFP5uSjmUmuqGR0RIHcmuVoyt8A1g/getUpdates "HTTP/1.1 200 OK"
2025-05-08 18:14:18,814 - INFO - HTTP Request: POST https://api.telegram.org/bot7679333451:AAGmlWKFP5uSjmUmuqGR0RIHcmuVoyt8A1g/getUpdates "HTTP/1.1 200 OK"
2025-05-08 18:14:29,006 - INFO - HTTP Request: POST https://api.telegram.org/bot7679333451:AAGmlWKFP5uSjmUmuqGR0RIHcmuVoyt8A1g/getUpdates "HTTP/1.1 200 OK"
2025-05-08 18:14:39,195 - INFO - HTTP Request: POST https://api.telegram.org/bot7679333451:AAGmlWKFP5uSjmUmuqGR0RIHcmuVoyt8A1g/getUpdates "HTTP/1.1 200 OK"
2025-05-08 18:14:49,384 - INFO - HTTP Request: POST https://api.telegram.org/bot7679333451:AAGmlWKFP5uSjmUmuqGR0RIHcmuVoyt8A1g/getUpdates "HTTP/1.1 200 OK"
2025-05-08 18:14:59,577 - INFO - HTTP Request: POST https://api.telegram.org/bot7679333451:AAGmlWKFP5uSjmUmuqGR0RIHcmuVoyt8A1g/getUpdates "HTTP/1.1 200 OK"
2025-05-08 18:15:09,765 - INFO - HTTP Request: POST https://api.telegram.org/bot7679333451:AAGmlWKFP5uSjmUmuqGR0RIHcmuVoyt8A1g/getUpdates "HTTP/1.1 200 OK"
2025-05-08 18:15:19,959 - INFO - HTTP Request: POST https://api.telegram.org/bot7679333451:AAGmlWKFP5uSjmUmuqGR0RIHcmuVoyt8A1g/getUpdates "HTTP/1.1 200 OK"
2025-05-08 18:15:30,151 - INFO - HTTP Request: POST https://api.telegram.org/bot7679333451:AAGmlWKFP5uSjmUmuqGR0RIHcmuVoyt8A1g/getUpdates "HTTP/1.1 200 OK"
2025-05-08 18:15:40,350 - INFO - HTTP Request: POST https://api.telegram.org/bot7679333451:AAGmlWKFP5uSjmUmuqGR0RIHcmuVoyt8A1g/getUpdates "HTTP/1.1 200 OK"
2025-05-08 18:15:50,540 - INFO - HTTP Request: POST https://api.telegram.org/bot7679333451:AAGmlWKFP5uSjmUmuqGR0RIHcmuVoyt8A1g/getUpdates "HTTP/1.1 200 OK"
2025-05-08 18:16:00,730 - INFO - HTTP Request: POST https://api.telegram.org/bot7679333451:AAGmlWKFP5uSjmUmuqGR0RIHcmuVoyt8A1g/getUpdates "HTTP/1.1 200 OK"
2025-05-08 18:16:10,921 - INFO - HTTP Request: POST https://api.telegram.org/bot7679333451:AAGmlWKFP5uSjmUmuqGR0RIHcmuVoyt8A1g/getUpdates "HTTP/1.1 200 OK"
2025-05-08 18:16:21,112 - INFO - HTTP Request: POST https://api.telegram.org/bot7679333451:AAGmlWKFP5uSjmUmuqGR0RIHcmuVoyt8A1g/getUpdates "HTTP/1.1 200 OK"
2025-05-08 18:16:31,301 - INFO - HTTP Request: POST https://api.telegram.org/bot7679333451:AAGmlWKFP5uSjmUmuqGR0RIHcmuVoyt8A1g/getUpdates "HTTP/1.1 200 OK"
2025-05-08 18:16:41,491 - INFO - HTTP Request: POST https://api.telegram.org/bot7679333451:AAGmlWKFP5uSjmUmuqGR0RIHcmuVoyt8A1g/getUpdates "HTTP/1.1 200 OK"
2025-05-08 18:16:51,681 - INFO - HTTP Request: POST https://api.telegram.org/bot7679333451:AAGmlWKFP5uSjmUmuqGR0RIHcmuVoyt8A1g/getUpdates "HTTP/1.1 200 OK"
2025-05-08 18:17:01,872 - INFO - HTTP Request: POST https://api.telegram.org/bot7679333451:AAGmlWKFP5uSjmUmuqGR0RIHcmuVoyt8A1g/getUpdates "HTTP/1.1 200 OK"
2025-05-08 18:17:12,064 - INFO - HTTP Request: POST https://api.telegram.org/bot7679333451:AAGmlWKFP5uSjmUmuqGR0RIHcmuVoyt8A1g/getUpdates "HTTP/1.1 200 OK"
2025-05-08 18:17:22,253 - INFO - HTTP Request: POST https://api.telegram.org/bot7679333451:AAGmlWKFP5uSjmUmuqGR0RIHcmuVoyt8A1g/getUpdates "HTTP/1.1 200 OK"
2025-05-08 18:17:32,443 - INFO - HTTP Request: POST https://api.telegram.org/bot7679333451:AAGmlWKFP5uSjmUmuqGR0RIHcmuVoyt8A1g/getUpdates "HTTP/1.1 200 OK"
2025-05-08 18:17:42,639 - INFO - HTTP Request: POST https://api.telegram.org/bot7679333451:AAGmlWKFP5uSjmUmuqGR0RIHcmuVoyt8A1g/getUpdates "HTTP/1.1 200 OK"
2025-05-08 18:17:52,834 - INFO - HTTP Request: POST https://api.telegram.org/bot7679333451:AAGmlWKFP5uSjmUmuqGR0RIHcmuVoyt8A1g/getUpdates "HTTP/1.1 200 OK"
2025-05-08 18:18:03,027 - INFO - HTTP Request: POST https://api.telegram.org/bot7679333451:AAGmlWKFP5uSjmUmuqGR0RIHcmuVoyt8A1g/getUpdates "HTTP/1.1 200 OK"
2025-05-08 18:18:13,222 - INFO - HTTP Request: POST https://api.telegram.org/bot7679333451:AAGmlWKFP5uSjmUmuqGR0RIHcmuVoyt8A1g/getUpdates "HTTP/1.1 200 OK"
2025-05-08 18:18:23,416 - INFO - HTTP Request: POST https://api.telegram.org/bot7679333451:AAGmlWKFP5uSjmUmuqGR0RIHcmuVoyt8A1g/getUpdates "HTTP/1.1 200 OK"
2025-05-08 18:18:33,606 - INFO - HTTP Request: POST https://api.telegram.org/bot7679333451:AAGmlWKFP5uSjmUmuqGR0RIHcmuVoyt8A1g/getUpdates "HTTP/1.1 200 OK"
2025-05-08 18:18:43,798 - INFO - HTTP Request: POST https://api.telegram.org/bot7679333451:AAGmlWKFP5uSjmUmuqGR0RIHcmuVoyt8A1g/getUpdates "HTTP/1.1 200 OK"
2025-05-08 18:18:53,988 - INFO - HTTP Request: POST https://api.telegram.org/bot7679333451:AAGmlWKFP5uSjmUmuqGR0RIHcmuVoyt8A1g/getUpdates "HTTP/1.1 200 OK"
2025-05-08 18:19:04,179 - INFO - HTTP Request: POST https://api.telegram.org/bot7679333451:AAGmlWKFP5uSjmUmuqGR0RIHcmuVoyt8A1g/getUpdates "HTTP/1.1 200 OK"
2025-05-08 18:19:14,396 - INFO - HTTP Request: POST https://api.telegram.org/bot7679333451:AAGmlWKFP5uSjmUmuqGR0RIHcmuVoyt8A1g/getUpdates "HTTP/1.1 200 OK"
2025-05-08 18:19:24,590 - INFO - HTTP Request: POST https://api.telegram.org/bot7679333451:AAGmlWKFP5uSjmUmuqGR0RIHcmuVoyt8A1g/getUpdates "HTTP/1.1 200 OK"
2025-05-08 18:19:34,781 - INFO - HTTP Request: POST https://api.telegram.org/bot7679333451:AAGmlWKFP5uSjmUmuqGR0RIHcmuVoyt8A1g/getUpdates "HTTP/1.1 200 OK"
2025-05-08 18:19:44,980 - INFO - HTTP Request: POST https://api.telegram.org/bot7679333451:AAGmlWKFP5uSjmUmuqGR0RIHcmuVoyt8A1g/getUpdates "HTTP/1.1 200 OK"
2025-05-08 18:19:55,169 - INFO - HTTP Request: POST https://api.telegram.org/bot7679333451:AAGmlWKFP5uSjmUmuqGR0RIHcmuVoyt8A1g/getUpdates "HTTP/1.1 200 OK"
2025-05-08 18:20:05,363 - INFO - HTTP Request: POST https://api.telegram.org/bot7679333451:AAGmlWKFP5uSjmUmuqGR0RIHcmuVoyt8A1g/getUpdates "HTTP/1.1 200 OK"
2025-05-08 18:20:15,559 - INFO - HTTP Request: POST https://api.telegram.org/bot7679333451:AAGmlWKFP5uSjmUmuqGR0RIHcmuVoyt8A1g/getUpdates "HTTP/1.1 200 OK"
2025-05-08 18:20:25,751 - INFO - HTTP Request: POST https://api.telegram.org/bot7679333451:AAGmlWKFP5uSjmUmuqGR0RIHcmuVoyt8A1g/getUpdates "HTTP/1.1 200 OK"
2025-05-08 18:20:35,941 - INFO - HTTP Request: POST https://api.telegram.org/bot7679333451:AAGmlWKFP5uSjmUmuqGR0RIHcmuVoyt8A1g/getUpdates "HTTP/1.1 200 OK"
2025-05-08 18:20:46,137 - INFO - HTTP Request: POST https://api.telegram.org/bot7679333451:AAGmlWKFP5uSjmUmuqGR0RIHcmuVoyt8A1g/getUpdates "HTTP/1.1 200 OK"
2025-05-08 18:20:56,327 - INFO - HTTP Request: POST https://api.telegram.org/bot7679333451:AAGmlWKFP5uSjmUmuqGR0RIHcmuVoyt8A1g/getUpdates "HTTP/1.1 200 OK"
2025-05-08 18:21:06,524 - INFO - HTTP Request: POST https://api.telegram.org/bot7679333451:AAGmlWKFP5uSjmUmuqGR0RIHcmuVoyt8A1g/getUpdates "HTTP/1.1 200 OK"
2025-05-08 18:21:16,731 - INFO - HTTP Request: POST https://api.telegram.org/bot7679333451:AAGmlWKFP5uSjmUmuqGR0RIHcmuVoyt8A1g/getUpdates "HTTP/1.1 200 OK"
2025-05-08 18:21:26,927 - INFO - HTTP Request: POST https://api.telegram.org/bot7679333451:AAGmlWKFP5uSjmUmuqGR0RIHcmuVoyt8A1g/getUpdates "HTTP/1.1 200 OK"
2025-05-08 18:21:37,121 - INFO - HTTP Request: POST https://api.telegram.org/bot7679333451:AAGmlWKFP5uSjmUmuqGR0RIHcmuVoyt8A1g/getUpdates "HTTP/1.1 200 OK"
2025-05-08 18:21:47,310 - INFO - HTTP Request: POST https://api.telegram.org/bot7679333451:AAGmlWKFP5uSjmUmuqGR0RIHcmuVoyt8A1g/getUpdates "HTTP/1.1 200 OK"
2025-05-08 18:21:57,506 - INFO - HTTP Request: POST https://api.telegram.org/bot7679333451:AAGmlWKFP5uSjmUmuqGR0RIHcmuVoyt8A1g/getUpdates "HTTP/1.1 200 OK"
2025-05-08 18:22:07,700 - INFO - HTTP Request: POST https://api.telegram.org/bot7679333451:AAGmlWKFP5uSjmUmuqGR0RIHcmuVoyt8A1g/getUpdates "HTTP/1.1 200 OK"
2025-05-08 18:22:17,893 - INFO - HTTP Request: POST https://api.telegram.org/bot7679333451:AAGmlWKFP5uSjmUmuqGR0RIHcmuVoyt8A1g/getUpdates "HTTP/1.1 200 OK"
2025-05-08 18:22:28,094 - INFO - HTTP Request: POST https://api.telegram.org/bot7679333451:AAGmlWKFP5uSjmUmuqGR0RIHcmuVoyt8A1g/getUpdates "HTTP/1.1 200 OK"
2025-05-08 18:22:38,287 - INFO - HTTP Request: POST https://api.telegram.org/bot7679333451:AAGmlWKFP5uSjmUmuqGR0RIHcmuVoyt8A1g/getUpdates "HTTP/1.1 200 OK"
2025-05-08 18:22:48,480 - INFO - HTTP Request: POST https://api.telegram.org/bot7679333451:AAGmlWKFP5uSjmUmuqGR0RIHcmuVoyt8A1g/getUpdates "HTTP/1.1 200 OK"
2025-05-08 18:22:58,669 - INFO - HTTP Request: POST https://api.telegram.org/bot7679333451:AAGmlWKFP5uSjmUmuqGR0RIHcmuVoyt8A1g/getUpdates "HTTP/1.1 200 OK"
2025-05-08 18:23:08,861 - INFO - HTTP Request: POST https://api.telegram.org/bot7679333451:AAGmlWKFP5uSjmUmuqGR0RIHcmuVoyt8A1g/getUpdates "HTTP/1.1 200 OK"
2025-05-08 18:23:19,052 - INFO - HTTP Request: POST https://api.telegram.org/bot7679333451:AAGmlWKFP5uSjmUmuqGR0RIHcmuVoyt8A1g/getUpdates "HTTP/1.1 200 OK"
2025-05-08 18:23:29,244 - INFO - HTTP Request: POST https://api.telegram.org/bot7679333451:AAGmlWKFP5uSjmUmuqGR0RIHcmuVoyt8A1g/getUpdates "HTTP/1.1 200 OK"
2025-05-08 18:23:39,436 - INFO - HTTP Request: POST https://api.telegram.org/bot7679333451:AAGmlWKFP5uSjmUmuqGR0RIHcmuVoyt8A1g/getUpdates "HTTP/1.1 200 OK"
2025-05-08 18:23:49,626 - INFO - HTTP Request: POST https://api.telegram.org/bot7679333451:AAGmlWKFP5uSjmUmuqGR0RIHcmuVoyt8A1g/getUpdates "HTTP/1.1 200 OK"
2025-05-08 18:23:59,815 - INFO - HTTP Request: POST https://api.telegram.org/bot7679333451:AAGmlWKFP5uSjmUmuqGR0RIHcmuVoyt8A1g/getUpdates "HTTP/1.1 200 OK"
2025-05-08 18:24:10,004 - INFO - HTTP Request: POST https://api.telegram.org/bot7679333451:AAGmlWKFP5uSjmUmuqGR0RIHcmuVoyt8A1g/getUpdates "HTTP/1.1 200 OK"
2025-05-08 18:24:20,197 - INFO - HTTP Request: POST https://api.telegram.org/bot7679333451:AAGmlWKFP5uSjmUmuqGR0RIHcmuVoyt8A1g/getUpdates "HTTP/1.1 200 OK"
2025-05-08 18:24:30,388 - INFO - HTTP Request: POST https://api.telegram.org/bot7679333451:AAGmlWKFP5uSjmUmuqGR0RIHcmuVoyt8A1g/getUpdates "HTTP/1.1 200 OK"
2025-05-08 18:24:40,611 - INFO - HTTP Request: POST https://api.telegram.org/bot7679333451:AAGmlWKFP5uSjmUmuqGR0RIHcmuVoyt8A1g/getUpdates "HTTP/1.1 200 OK"
2025-05-08 18:24:50,803 - INFO - HTTP Request: POST https://api.telegram.org/bot7679333451:AAGmlWKFP5uSjmUmuqGR0RIHcmuVoyt8A1g/getUpdates "HTTP/1.1 200 OK"
2025-05-08 18:25:01,400 - INFO - HTTP Request: POST https://api.telegram.org/bot7679333451:AAGmlWKFP5uSjmUmuqGR0RIHcmuVoyt8A1g/getUpdates "HTTP/1.1 200 OK"
2025-05-08 18:25:11,594 - INFO - HTTP Request: POST https://api.telegram.org/bot7679333451:AAGmlWKFP5uSjmUmuqGR0RIHcmuVoyt8A1g/getUpdates "HTTP/1.1 200 OK"
2025-05-08 18:25:21,782 - INFO - HTTP Request: POST https://api.telegram.org/bot7679333451:AAGmlWKFP5uSjmUmuqGR0RIHcmuVoyt8A1g/getUpdates "HTTP/1.1 200 OK"
2025-05-08 18:25:31,964 - INFO - HTTP Request: POST https://api.telegram.org/bot7679333451:AAGmlWKFP5uSjmUmuqGR0RIHcmuVoyt8A1g/getUpdates "HTTP/1.1 200 OK"
2025-05-08 18:25:42,154 - INFO - HTTP Request: POST https://api.telegram.org/bot7679333451:AAGmlWKFP5uSjmUmuqGR0RIHcmuVoyt8A1g/getUpdates "HTTP/1.1 200 OK"
2025-05-08 18:25:52,351 - INFO - HTTP Request: POST https://api.telegram.org/bot7679333451:AAGmlWKFP5uSjmUmuqGR0RIHcmuVoyt8A1g/getUpdates "HTTP/1.1 200 OK"
2025-05-08 18:26:02,557 - INFO - HTTP Request: POST https://api.telegram.org/bot7679333451:AAGmlWKFP5uSjmUmuqGR0RIHcmuVoyt8A1g/getUpdates "HTTP/1.1 200 OK"
2025-05-08 18:26:12,755 - INFO - HTTP Request: POST https://api.telegram.org/bot7679333451:AAGmlWKFP5uSjmUmuqGR0RIHcmuVoyt8A1g/getUpdates "HTTP/1.1 200 OK"
2025-05-08 18:26:22,939 - INFO - HTTP Request: POST https://api.telegram.org/bot7679333451:AAGmlWKFP5uSjmUmuqGR0RIHcmuVoyt8A1g/getUpdates "HTTP/1.1 200 OK"
2025-05-08 18:26:33,121 - INFO - HTTP Request: POST https://api.telegram.org/bot7679333451:AAGmlWKFP5uSjmUmuqGR0RIHcmuVoyt8A1g/getUpdates "HTTP/1.1 200 OK"
2025-05-08 18:26:43,303 - INFO - HTTP Request: POST https://api.telegram.org/bot7679333451:AAGmlWKFP5uSjmUmuqGR0RIHcmuVoyt8A1g/getUpdates "HTTP/1.1 200 OK"
2025-05-08 18:26:53,486 - INFO - HTTP Request: POST https://api.telegram.org/bot7679333451:AAGmlWKFP5uSjmUmuqGR0RIHcmuVoyt8A1g/getUpdates "HTTP/1.1 200 OK"
2025-05-08 18:27:03,672 - INFO - HTTP Request: POST https://api.telegram.org/bot7679333451:AAGmlWKFP5uSjmUmuqGR0RIHcmuVoyt8A1g/getUpdates "HTTP/1.1 200 OK"
2025-05-08 18:27:13,856 - INFO - HTTP Request: POST https://api.telegram.org/bot7679333451:AAGmlWKFP5uSjmUmuqGR0RIHcmuVoyt8A1g/getUpdates "HTTP/1.1 200 OK"
2025-05-08 18:27:24,043 - INFO - HTTP Request: POST https://api.telegram.org/bot7679333451:AAGmlWKFP5uSjmUmuqGR0RIHcmuVoyt8A1g/getUpdates "HTTP/1.1 200 OK"
2025-05-08 18:27:34,227 - INFO - HTTP Request: POST https://api.telegram.org/bot7679333451:AAGmlWKFP5uSjmUmuqGR0RIHcmuVoyt8A1g/getUpdates "HTTP/1.1 200 OK"
2025-05-08 18:27:44,409 - INFO - HTTP Request: POST https://api.telegram.org/bot7679333451:AAGmlWKFP5uSjmUmuqGR0RIHcmuVoyt8A1g/getUpdates "HTTP/1.1 200 OK"
2025-05-08 18:27:54,592 - INFO - HTTP Request: POST https://api.telegram.org/bot7679333451:AAGmlWKFP5uSjmUmuqGR0RIHcmuVoyt8A1g/getUpdates "HTTP/1.1 200 OK"
2025-05-08 18:28:04,787 - INFO - HTTP Request: POST https://api.telegram.org/bot7679333451:AAGmlWKFP5uSjmUmuqGR0RIHcmuVoyt8A1g/getUpdates "HTTP/1.1 200 OK"
2025-05-08 18:28:14,972 - INFO - HTTP Request: POST https://api.telegram.org/bot7679333451:AAGmlWKFP5uSjmUmuqGR0RIHcmuVoyt8A1g/getUpdates "HTTP/1.1 200 OK"
2025-05-08 18:28:25,161 - INFO - HTTP Request: POST https://api.telegram.org/bot7679333451:AAGmlWKFP5uSjmUmuqGR0RIHcmuVoyt8A1g/getUpdates "HTTP/1.1 200 OK"
2025-05-08 18:28:35,346 - INFO - HTTP Request: POST https://api.telegram.org/bot7679333451:AAGmlWKFP5uSjmUmuqGR0RIHcmuVoyt8A1g/getUpdates "HTTP/1.1 200 OK"
2025-05-08 18:28:45,529 - INFO - HTTP Request: POST https://api.telegram.org/bot7679333451:AAGmlWKFP5uSjmUmuqGR0RIHcmuVoyt8A1g/getUpdates "HTTP/1.1 200 OK"
2025-05-08 18:28:55,713 - INFO - HTTP Request: POST https://api.telegram.org/bot7679333451:AAGmlWKFP5uSjmUmuqGR0RIHcmuVoyt8A1g/getUpdates "HTTP/1.1 200 OK"
2025-05-08 18:29:05,896 - INFO - HTTP Request: POST https://api.telegram.org/bot7679333451:AAGmlWKFP5uSjmUmuqGR0RIHcmuVoyt8A1g/getUpdates "HTTP/1.1 200 OK"
2025-05-08 18:29:16,081 - INFO - HTTP Request: POST https://api.telegram.org/bot7679333451:AAGmlWKFP5uSjmUmuqGR0RIHcmuVoyt8A1g/getUpdates "HTTP/1.1 200 OK"
2025-05-08 18:29:26,265 - INFO - HTTP Request: POST https://api.telegram.org/bot7679333451:AAGmlWKFP5uSjmUmuqGR0RIHcmuVoyt8A1g/getUpdates "HTTP/1.1 200 OK"
2025-05-08 18:29:36,450 - INFO - HTTP Request: POST https://api.telegram.org/bot7679333451:AAGmlWKFP5uSjmUmuqGR0RIHcmuVoyt8A1g/getUpdates "HTTP/1.1 200 OK"
2025-05-08 18:29:46,634 - INFO - HTTP Request: POST https://api.telegram.org/bot7679333451:AAGmlWKFP5uSjmUmuqGR0RIHcmuVoyt8A1g/getUpdates "HTTP/1.1 200 OK"
2025-05-08 18:29:56,817 - INFO - HTTP Request: POST https://api.telegram.org/bot7679333451:AAGmlWKFP5uSjmUmuqGR0RIHcmuVoyt8A1g/getUpdates "HTTP/1.1 200 OK"
2025-05-08 18:30:07,009 - INFO - HTTP Request: POST https://api.telegram.org/bot7679333451:AAGmlWKFP5uSjmUmuqGR0RIHcmuVoyt8A1g/getUpdates "HTTP/1.1 200 OK"
2025-05-08 18:30:17,202 - INFO - HTTP Request: POST https://api.telegram.org/bot7679333451:AAGmlWKFP5uSjmUmuqGR0RIHcmuVoyt8A1g/getUpdates "HTTP/1.1 200 OK"
2025-05-08 18:30:27,389 - INFO - HTTP Request: POST https://api.telegram.org/bot7679333451:AAGmlWKFP5uSjmUmuqGR0RIHcmuVoyt8A1g/getUpdates "HTTP/1.1 200 OK"
2025-05-08 18:30:37,575 - INFO - HTTP Request: POST https://api.telegram.org/bot7679333451:AAGmlWKFP5uSjmUmuqGR0RIHcmuVoyt8A1g/getUpdates "HTTP/1.1 200 OK"
2025-05-08 18:30:47,757 - INFO - HTTP Request: POST https://api.telegram.org/bot7679333451:AAGmlWKFP5uSjmUmuqGR0RIHcmuVoyt8A1g/getUpdates "HTTP/1.1 200 OK"
2025-05-08 18:30:57,939 - INFO - HTTP Request: POST https://api.telegram.org/bot7679333451:AAGmlWKFP5uSjmUmuqGR0RIHcmuVoyt8A1g/getUpdates "HTTP/1.1 200 OK"
2025-05-08 18:31:08,121 - INFO - HTTP Request: POST https://api.telegram.org/bot7679333451:AAGmlWKFP5uSjmUmuqGR0RIHcmuVoyt8A1g/getUpdates "HTTP/1.1 200 OK"
2025-05-08 18:31:18,303 - INFO - HTTP Request: POST https://api.telegram.org/bot7679333451:AAGmlWKFP5uSjmUmuqGR0RIHcmuVoyt8A1g/getUpdates "HTTP/1.1 200 OK"
2025-05-08 18:31:28,485 - INFO - HTTP Request: POST https://api.telegram.org/bot7679333451:AAGmlWKFP5uSjmUmuqGR0RIHcmuVoyt8A1g/getUpdates "HTTP/1.1 200 OK"
2025-05-08 18:31:38,668 - INFO - HTTP Request: POST https://api.telegram.org/bot7679333451:AAGmlWKFP5uSjmUmuqGR0RIHcmuVoyt8A1g/getUpdates "HTTP/1.1 200 OK"
2025-05-08 18:31:48,852 - INFO - HTTP Request: POST https://api.telegram.org/bot7679333451:AAGmlWKFP5uSjmUmuqGR0RIHcmuVoyt8A1g/getUpdates "HTTP/1.1 200 OK"
2025-05-08 18:31:59,043 - INFO - HTTP Request: POST https://api.telegram.org/bot7679333451:AAGmlWKFP5uSjmUmuqGR0RIHcmuVoyt8A1g/getUpdates "HTTP/1.1 200 OK"
2025-05-08 18:32:09,238 - INFO - HTTP Request: POST https://api.telegram.org/bot7679333451:AAGmlWKFP5uSjmUmuqGR0RIHcmuVoyt8A1g/getUpdates "HTTP/1.1 200 OK"
2025-05-08 18:32:19,423 - INFO - HTTP Request: POST https://api.telegram.org/bot7679333451:AAGmlWKFP5uSjmUmuqGR0RIHcmuVoyt8A1g/getUpdates "HTTP/1.1 200 OK"
2025-05-08 18:32:29,605 - INFO - HTTP Request: POST https://api.telegram.org/bot7679333451:AAGmlWKFP5uSjmUmuqGR0RIHcmuVoyt8A1g/getUpdates "HTTP/1.1 200 OK"
2025-05-08 18:32:39,790 - INFO - HTTP Request: POST https://api.telegram.org/bot7679333451:AAGmlWKFP5uSjmUmuqGR0RIHcmuVoyt8A1g/getUpdates "HTTP/1.1 200 OK"
2025-05-08 18:32:49,973 - INFO - HTTP Request: POST https://api.telegram.org/bot7679333451:AAGmlWKFP5uSjmUmuqGR0RIHcmuVoyt8A1g/getUpdates "HTTP/1.1 200 OK"
2025-05-08 18:33:00,157 - INFO - HTTP Request: POST https://api.telegram.org/bot7679333451:AAGmlWKFP5uSjmUmuqGR0RIHcmuVoyt8A1g/getUpdates "HTTP/1.1 200 OK"
2025-05-08 18:33:10,340 - INFO - HTTP Request: POST https://api.telegram.org/bot7679333451:AAGmlWKFP5uSjmUmuqGR0RIHcmuVoyt8A1g/getUpdates "HTTP/1.1 200 OK"
2025-05-08 18:33:20,523 - INFO - HTTP Request: POST https://api.telegram.org/bot7679333451:AAGmlWKFP5uSjmUmuqGR0RIHcmuVoyt8A1g/getUpdates "HTTP/1.1 200 OK"
2025-05-08 18:33:30,709 - INFO - HTTP Request: POST https://api.telegram.org/bot7679333451:AAGmlWKFP5uSjmUmuqGR0RIHcmuVoyt8A1g/getUpdates "HTTP/1.1 200 OK"
2025-05-08 18:33:40,894 - INFO - HTTP Request: POST https://api.telegram.org/bot7679333451:AAGmlWKFP5uSjmUmuqGR0RIHcmuVoyt8A1g/getUpdates "HTTP/1.1 200 OK"
2025-05-08 18:33:51,077 - INFO - HTTP Request: POST https://api.telegram.org/bot7679333451:AAGmlWKFP5uSjmUmuqGR0RIHcmuVoyt8A1g/getUpdates "HTTP/1.1 200 OK"
2025-05-08 18:34:01,260 - INFO - HTTP Request: POST https://api.telegram.org/bot7679333451:AAGmlWKFP5uSjmUmuqGR0RIHcmuVoyt8A1g/getUpdates "HTTP/1.1 200 OK"
2025-05-08 18:34:11,445 - INFO - HTTP Request: POST https://api.telegram.org/bot7679333451:AAGmlWKFP5uSjmUmuqGR0RIHcmuVoyt8A1g/getUpdates "HTTP/1.1 200 OK"
2025-05-08 18:34:21,633 - INFO - HTTP Request: POST https://api.telegram.org/bot7679333451:AAGmlWKFP5uSjmUmuqGR0RIHcmuVoyt8A1g/getUpdates "HTTP/1.1 200 OK"
2025-05-08 18:34:31,818 - INFO - HTTP Request: POST https://api.telegram.org/bot7679333451:AAGmlWKFP5uSjmUmuqGR0RIHcmuVoyt8A1g/getUpdates "HTTP/1.1 200 OK"
2025-05-08 18:34:42,004 - INFO - HTTP Request: POST https://api.telegram.org/bot7679333451:AAGmlWKFP5uSjmUmuqGR0RIHcmuVoyt8A1g/getUpdates "HTTP/1.1 200 OK"
2025-05-08 18:34:52,187 - INFO - HTTP Request: POST https://api.telegram.org/bot7679333451:AAGmlWKFP5uSjmUmuqGR0RIHcmuVoyt8A1g/getUpdates "HTTP/1.1 200 OK"
2025-05-08 18:35:02,371 - INFO - HTTP Request: POST https://api.telegram.org/bot7679333451:AAGmlWKFP5uSjmUmuqGR0RIHcmuVoyt8A1g/getUpdates "HTTP/1.1 200 OK"
2025-05-08 18:35:12,555 - INFO - HTTP Request: POST https://api.telegram.org/bot7679333451:AAGmlWKFP5uSjmUmuqGR0RIHcmuVoyt8A1g/getUpdates "HTTP/1.1 200 OK"
2025-05-08 18:35:22,737 - INFO - HTTP Request: POST https://api.telegram.org/bot7679333451:AAGmlWKFP5uSjmUmuqGR0RIHcmuVoyt8A1g/getUpdates "HTTP/1.1 200 OK"
2025-05-08 18:35:32,926 - INFO - HTTP Request: POST https://api.telegram.org/bot7679333451:AAGmlWKFP5uSjmUmuqGR0RIHcmuVoyt8A1g/getUpdates "HTTP/1.1 200 OK"
2025-05-08 18:35:43,109 - INFO - HTTP Request: POST https://api.telegram.org/bot7679333451:AAGmlWKFP5uSjmUmuqGR0RIHcmuVoyt8A1g/getUpdates "HTTP/1.1 200 OK"
2025-05-08 18:35:53,299 - INFO - HTTP Request: POST https://api.telegram.org/bot7679333451:AAGmlWKFP5uSjmUmuqGR0RIHcmuVoyt8A1g/getUpdates "HTTP/1.1 200 OK"
2025-05-08 18:36:03,481 - INFO - HTTP Request: POST https://api.telegram.org/bot7679333451:AAGmlWKFP5uSjmUmuqGR0RIHcmuVoyt8A1g/getUpdates "HTTP/1.1 200 OK"
2025-05-08 18:36:13,665 - INFO - HTTP Request: POST https://api.telegram.org/bot7679333451:AAGmlWKFP5uSjmUmuqGR0RIHcmuVoyt8A1g/getUpdates "HTTP/1.1 200 OK"
2025-05-08 18:36:23,855 - INFO - HTTP Request: POST https://api.telegram.org/bot7679333451:AAGmlWKFP5uSjmUmuqGR0RIHcmuVoyt8A1g/getUpdates "HTTP/1.1 200 OK"
2025-05-08 18:36:34,039 - INFO - HTTP Request: POST https://api.telegram.org/bot7679333451:AAGmlWKFP5uSjmUmuqGR0RIHcmuVoyt8A1g/getUpdates "HTTP/1.1 200 OK"
2025-05-08 18:36:44,220 - INFO - HTTP Request: POST https://api.telegram.org/bot7679333451:AAGmlWKFP5uSjmUmuqGR0RIHcmuVoyt8A1g/getUpdates "HTTP/1.1 200 OK"
2025-05-08 18:36:54,405 - INFO - HTTP Request: POST https://api.telegram.org/bot7679333451:AAGmlWKFP5uSjmUmuqGR0RIHcmuVoyt8A1g/getUpdates "HTTP/1.1 200 OK"
2025-05-08 18:37:04,588 - INFO - HTTP Request: POST https://api.telegram.org/bot7679333451:AAGmlWKFP5uSjmUmuqGR0RIHcmuVoyt8A1g/getUpdates "HTTP/1.1 200 OK"
2025-05-08 18:37:14,771 - INFO - HTTP Request: POST https://api.telegram.org/bot7679333451:AAGmlWKFP5uSjmUmuqGR0RIHcmuVoyt8A1g/getUpdates "HTTP/1.1 200 OK"
2025-05-08 18:37:24,958 - INFO - HTTP Request: POST https://api.telegram.org/bot7679333451:AAGmlWKFP5uSjmUmuqGR0RIHcmuVoyt8A1g/getUpdates "HTTP/1.1 200 OK"
2025-05-08 18:37:35,140 - INFO - HTTP Request: POST https://api.telegram.org/bot7679333451:AAGmlWKFP5uSjmUmuqGR0RIHcmuVoyt8A1g/getUpdates "HTTP/1.1 200 OK"
2025-05-08 18:37:45,326 - INFO - HTTP Request: POST https://api.telegram.org/bot7679333451:AAGmlWKFP5uSjmUmuqGR0RIHcmuVoyt8A1g/getUpdates "HTTP/1.1 200 OK"
2025-05-08 18:37:55,510 - INFO - HTTP Request: POST https://api.telegram.org/bot7679333451:AAGmlWKFP5uSjmUmuqGR0RIHcmuVoyt8A1g/getUpdates "HTTP/1.1 200 OK"
2025-05-08 18:38:05,696 - INFO - HTTP Request: POST https://api.telegram.org/bot7679333451:AAGmlWKFP5uSjmUmuqGR0RIHcmuVoyt8A1g/getUpdates "HTTP/1.1 200 OK"
2025-05-08 18:38:15,881 - INFO - HTTP Request: POST https://api.telegram.org/bot7679333451:AAGmlWKFP5uSjmUmuqGR0RIHcmuVoyt8A1g/getUpdates "HTTP/1.1 200 OK"
2025-05-08 18:38:26,066 - INFO - HTTP Request: POST https://api.telegram.org/bot7679333451:AAGmlWKFP5uSjmUmuqGR0RIHcmuVoyt8A1g/getUpdates "HTTP/1.1 200 OK"
2025-05-08 18:38:36,251 - INFO - HTTP Request: POST https://api.telegram.org/bot7679333451:AAGmlWKFP5uSjmUmuqGR0RIHcmuVoyt8A1g/getUpdates "HTTP/1.1 200 OK"
2025-05-08 18:38:46,435 - INFO - HTTP Request: POST https://api.telegram.org/bot7679333451:AAGmlWKFP5uSjmUmuqGR0RIHcmuVoyt8A1g/getUpdates "HTTP/1.1 200 OK"
2025-05-08 18:38:56,617 - INFO - HTTP Request: POST https://api.telegram.org/bot7679333451:AAGmlWKFP5uSjmUmuqGR0RIHcmuVoyt8A1g/getUpdates "HTTP/1.1 200 OK"
2025-05-08 18:39:06,803 - INFO - HTTP Request: POST https://api.telegram.org/bot7679333451:AAGmlWKFP5uSjmUmuqGR0RIHcmuVoyt8A1g/getUpdates "HTTP/1.1 200 OK"
2025-05-08 18:39:16,987 - INFO - HTTP Request: POST https://api.telegram.org/bot7679333451:AAGmlWKFP5uSjmUmuqGR0RIHcmuVoyt8A1g/getUpdates "HTTP/1.1 200 OK"
2025-05-08 18:39:27,170 - INFO - HTTP Request: POST https://api.telegram.org/bot7679333451:AAGmlWKFP5uSjmUmuqGR0RIHcmuVoyt8A1g/getUpdates "HTTP/1.1 200 OK"
2025-05-08 18:39:37,353 - INFO - HTTP Request: POST https://api.telegram.org/bot7679333451:AAGmlWKFP5uSjmUmuqGR0RIHcmuVoyt8A1g/getUpdates "HTTP/1.1 200 OK"
2025-05-08 18:39:47,544 - INFO - HTTP Request: POST https://api.telegram.org/bot7679333451:AAGmlWKFP5uSjmUmuqGR0RIHcmuVoyt8A1g/getUpdates "HTTP/1.1 200 OK"
2025-05-08 18:39:57,729 - INFO - HTTP Request: POST https://api.telegram.org/bot7679333451:AAGmlWKFP5uSjmUmuqGR0RIHcmuVoyt8A1g/getUpdates "HTTP/1.1 200 OK"
2025-05-08 18:40:07,912 - INFO - HTTP Request: POST https://api.telegram.org/bot7679333451:AAGmlWKFP5uSjmUmuqGR0RIHcmuVoyt8A1g/getUpdates "HTTP/1.1 200 OK"
2025-05-08 18:40:18,095 - INFO - HTTP Request: POST https://api.telegram.org/bot7679333451:AAGmlWKFP5uSjmUmuqGR0RIHcmuVoyt8A1g/getUpdates "HTTP/1.1 200 OK"
2025-05-08 18:40:28,280 - INFO - HTTP Request: POST https://api.telegram.org/bot7679333451:AAGmlWKFP5uSjmUmuqGR0RIHcmuVoyt8A1g/getUpdates "HTTP/1.1 200 OK"
2025-05-08 18:40:38,472 - INFO - HTTP Request: POST https://api.telegram.org/bot7679333451:AAGmlWKFP5uSjmUmuqGR0RIHcmuVoyt8A1g/getUpdates "HTTP/1.1 200 OK"
2025-05-08 18:40:48,658 - INFO - HTTP Request: POST https://api.telegram.org/bot7679333451:AAGmlWKFP5uSjmUmuqGR0RIHcmuVoyt8A1g/getUpdates "HTTP/1.1 200 OK"
2025-05-08 18:40:58,840 - INFO - HTTP Request: POST https://api.telegram.org/bot7679333451:AAGmlWKFP5uSjmUmuqGR0RIHcmuVoyt8A1g/getUpdates "HTTP/1.1 200 OK"
2025-05-08 18:41:09,028 - INFO - HTTP Request: POST https://api.telegram.org/bot7679333451:AAGmlWKFP5uSjmUmuqGR0RIHcmuVoyt8A1g/getUpdates "HTTP/1.1 200 OK"
2025-05-08 18:41:19,212 - INFO - HTTP Request: POST https://api.telegram.org/bot7679333451:AAGmlWKFP5uSjmUmuqGR0RIHcmuVoyt8A1g/getUpdates "HTTP/1.1 200 OK"
2025-05-08 18:41:29,408 - INFO - HTTP Request: POST https://api.telegram.org/bot7679333451:AAGmlWKFP5uSjmUmuqGR0RIHcmuVoyt8A1g/getUpdates "HTTP/1.1 200 OK"
2025-05-08 18:41:39,592 - INFO - HTTP Request: POST https://api.telegram.org/bot7679333451:AAGmlWKFP5uSjmUmuqGR0RIHcmuVoyt8A1g/getUpdates "HTTP/1.1 200 OK"
2025-05-08 18:41:49,777 - INFO - HTTP Request: POST https://api.telegram.org/bot7679333451:AAGmlWKFP5uSjmUmuqGR0RIHcmuVoyt8A1g/getUpdates "HTTP/1.1 200 OK"
2025-05-08 18:42:00,405 - INFO - HTTP Request: POST https://api.telegram.org/bot7679333451:AAGmlWKFP5uSjmUmuqGR0RIHcmuVoyt8A1g/getUpdates "HTTP/1.1 200 OK"
2025-05-08 18:42:10,588 - INFO - HTTP Request: POST https://api.telegram.org/bot7679333451:AAGmlWKFP5uSjmUmuqGR0RIHcmuVoyt8A1g/getUpdates "HTTP/1.1 200 OK"
2025-05-08 18:42:20,770 - INFO - HTTP Request: POST https://api.telegram.org/bot7679333451:AAGmlWKFP5uSjmUmuqGR0RIHcmuVoyt8A1g/getUpdates "HTTP/1.1 200 OK"
2025-05-08 18:42:30,954 - INFO - HTTP Request: POST https://api.telegram.org/bot7679333451:AAGmlWKFP5uSjmUmuqGR0RIHcmuVoyt8A1g/getUpdates "HTTP/1.1 200 OK"
2025-05-08 18:42:41,136 - INFO - HTTP Request: POST https://api.telegram.org/bot7679333451:AAGmlWKFP5uSjmUmuqGR0RIHcmuVoyt8A1g/getUpdates "HTTP/1.1 200 OK"
2025-05-08 18:42:51,327 - INFO - HTTP Request: POST https://api.telegram.org/bot7679333451:AAGmlWKFP5uSjmUmuqGR0RIHcmuVoyt8A1g/getUpdates "HTTP/1.1 200 OK"
2025-05-08 18:43:01,513 - INFO - HTTP Request: POST https://api.telegram.org/bot7679333451:AAGmlWKFP5uSjmUmuqGR0RIHcmuVoyt8A1g/getUpdates "HTTP/1.1 200 OK"
2025-05-08 18:43:11,697 - INFO - HTTP Request: POST https://api.telegram.org/bot7679333451:AAGmlWKFP5uSjmUmuqGR0RIHcmuVoyt8A1g/getUpdates "HTTP/1.1 200 OK"
2025-05-08 18:43:21,881 - INFO - HTTP Request: POST https://api.telegram.org/bot7679333451:AAGmlWKFP5uSjmUmuqGR0RIHcmuVoyt8A1g/getUpdates "HTTP/1.1 200 OK"
2025-05-08 18:43:32,065 - INFO - HTTP Request: POST https://api.telegram.org/bot7679333451:AAGmlWKFP5uSjmUmuqGR0RIHcmuVoyt8A1g/getUpdates "HTTP/1.1 200 OK"
2025-05-08 18:43:42,251 - INFO - HTTP Request: POST https://api.telegram.org/bot7679333451:AAGmlWKFP5uSjmUmuqGR0RIHcmuVoyt8A1g/getUpdates "HTTP/1.1 200 OK"
2025-05-08 18:43:52,435 - INFO - HTTP Request: POST https://api.telegram.org/bot7679333451:AAGmlWKFP5uSjmUmuqGR0RIHcmuVoyt8A1g/getUpdates "HTTP/1.1 200 OK"
2025-05-08 18:44:02,617 - INFO - HTTP Request: POST https://api.telegram.org/bot7679333451:AAGmlWKFP5uSjmUmuqGR0RIHcmuVoyt8A1g/getUpdates "HTTP/1.1 200 OK"
2025-05-08 18:44:12,799 - INFO - HTTP Request: POST https://api.telegram.org/bot7679333451:AAGmlWKFP5uSjmUmuqGR0RIHcmuVoyt8A1g/getUpdates "HTTP/1.1 200 OK"
2025-05-08 18:44:22,982 - INFO - HTTP Request: POST https://api.telegram.org/bot7679333451:AAGmlWKFP5uSjmUmuqGR0RIHcmuVoyt8A1g/getUpdates "HTTP/1.1 200 OK"
2025-05-08 18:44:33,166 - INFO - HTTP Request: POST https://api.telegram.org/bot7679333451:AAGmlWKFP5uSjmUmuqGR0RIHcmuVoyt8A1g/getUpdates "HTTP/1.1 200 OK"
2025-05-08 18:44:43,348 - INFO - HTTP Request: POST https://api.telegram.org/bot7679333451:AAGmlWKFP5uSjmUmuqGR0RIHcmuVoyt8A1g/getUpdates "HTTP/1.1 200 OK"
2025-05-08 18:44:53,544 - INFO - HTTP Request: POST https://api.telegram.org/bot7679333451:AAGmlWKFP5uSjmUmuqGR0RIHcmuVoyt8A1g/getUpdates "HTTP/1.1 200 OK"
2025-05-08 18:45:03,730 - INFO - HTTP Request: POST https://api.telegram.org/bot7679333451:AAGmlWKFP5uSjmUmuqGR0RIHcmuVoyt8A1g/getUpdates "HTTP/1.1 200 OK"
2025-05-08 18:45:13,913 - INFO - HTTP Request: POST https://api.telegram.org/bot7679333451:AAGmlWKFP5uSjmUmuqGR0RIHcmuVoyt8A1g/getUpdates "HTTP/1.1 200 OK"
2025-05-08 18:45:24,104 - INFO - HTTP Request: POST https://api.telegram.org/bot7679333451:AAGmlWKFP5uSjmUmuqGR0RIHcmuVoyt8A1g/getUpdates "HTTP/1.1 200 OK"
2025-05-08 18:45:34,296 - INFO - HTTP Request: POST https://api.telegram.org/bot7679333451:AAGmlWKFP5uSjmUmuqGR0RIHcmuVoyt8A1g/getUpdates "HTTP/1.1 200 OK"
2025-05-08 18:45:44,482 - INFO - HTTP Request: POST https://api.telegram.org/bot7679333451:AAGmlWKFP5uSjmUmuqGR0RIHcmuVoyt8A1g/getUpdates "HTTP/1.1 200 OK"
2025-05-08 18:45:54,669 - INFO - HTTP Request: POST https://api.telegram.org/bot7679333451:AAGmlWKFP5uSjmUmuqGR0RIHcmuVoyt8A1g/getUpdates "HTTP/1.1 200 OK"
2025-05-08 18:46:04,852 - INFO - HTTP Request: POST https://api.telegram.org/bot7679333451:AAGmlWKFP5uSjmUmuqGR0RIHcmuVoyt8A1g/getUpdates "HTTP/1.1 200 OK"
2025-05-08 18:46:15,034 - INFO - HTTP Request: POST https://api.telegram.org/bot7679333451:AAGmlWKFP5uSjmUmuqGR0RIHcmuVoyt8A1g/getUpdates "HTTP/1.1 200 OK"
2025-05-08 18:46:25,217 - INFO - HTTP Request: POST https://api.telegram.org/bot7679333451:AAGmlWKFP5uSjmUmuqGR0RIHcmuVoyt8A1g/getUpdates "HTTP/1.1 200 OK"
2025-05-08 18:46:35,404 - INFO - HTTP Request: POST https://api.telegram.org/bot7679333451:AAGmlWKFP5uSjmUmuqGR0RIHcmuVoyt8A1g/getUpdates "HTTP/1.1 200 OK"
2025-05-08 18:46:45,589 - INFO - HTTP Request: POST https://api.telegram.org/bot7679333451:AAGmlWKFP5uSjmUmuqGR0RIHcmuVoyt8A1g/getUpdates "HTTP/1.1 200 OK"
2025-05-08 18:46:55,775 - INFO - HTTP Request: POST https://api.telegram.org/bot7679333451:AAGmlWKFP5uSjmUmuqGR0RIHcmuVoyt8A1g/getUpdates "HTTP/1.1 200 OK"
2025-05-08 18:47:05,956 - INFO - HTTP Request: POST https://api.telegram.org/bot7679333451:AAGmlWKFP5uSjmUmuqGR0RIHcmuVoyt8A1g/getUpdates "HTTP/1.1 200 OK"
2025-05-08 18:47:16,148 - INFO - HTTP Request: POST https://api.telegram.org/bot7679333451:AAGmlWKFP5uSjmUmuqGR0RIHcmuVoyt8A1g/getUpdates "HTTP/1.1 200 OK"
2025-05-08 18:47:26,332 - INFO - HTTP Request: POST https://api.telegram.org/bot7679333451:AAGmlWKFP5uSjmUmuqGR0RIHcmuVoyt8A1g/getUpdates "HTTP/1.1 200 OK"
2025-05-08 18:47:36,523 - INFO - HTTP Request: POST https://api.telegram.org/bot7679333451:AAGmlWKFP5uSjmUmuqGR0RIHcmuVoyt8A1g/getUpdates "HTTP/1.1 200 OK"
2025-05-08 18:47:47,100 - INFO - HTTP Request: POST https://api.telegram.org/bot7679333451:AAGmlWKFP5uSjmUmuqGR0RIHcmuVoyt8A1g/getUpdates "HTTP/1.1 200 OK"
2025-05-08 18:47:57,282 - INFO - HTTP Request: POST https://api.telegram.org/bot7679333451:AAGmlWKFP5uSjmUmuqGR0RIHcmuVoyt8A1g/getUpdates "HTTP/1.1 200 OK"
2025-05-08 18:48:07,472 - INFO - HTTP Request: POST https://api.telegram.org/bot7679333451:AAGmlWKFP5uSjmUmuqGR0RIHcmuVoyt8A1g/getUpdates "HTTP/1.1 200 OK"
2025-05-08 18:48:17,657 - INFO - HTTP Request: POST https://api.telegram.org/bot7679333451:AAGmlWKFP5uSjmUmuqGR0RIHcmuVoyt8A1g/getUpdates "HTTP/1.1 200 OK"
2025-05-08 18:48:27,867 - INFO - HTTP Request: POST https://api.telegram.org/bot7679333451:AAGmlWKFP5uSjmUmuqGR0RIHcmuVoyt8A1g/getUpdates "HTTP/1.1 200 OK"
2025-05-08 18:48:38,053 - INFO - HTTP Request: POST https://api.telegram.org/bot7679333451:AAGmlWKFP5uSjmUmuqGR0RIHcmuVoyt8A1g/getUpdates "HTTP/1.1 200 OK"
2025-05-08 18:48:48,242 - INFO - HTTP Request: POST https://api.telegram.org/bot7679333451:AAGmlWKFP5uSjmUmuqGR0RIHcmuVoyt8A1g/getUpdates "HTTP/1.1 200 OK"
2025-05-08 18:48:58,425 - INFO - HTTP Request: POST https://api.telegram.org/bot7679333451:AAGmlWKFP5uSjmUmuqGR0RIHcmuVoyt8A1g/getUpdates "HTTP/1.1 200 OK"
2025-05-08 18:49:08,607 - INFO - HTTP Request: POST https://api.telegram.org/bot7679333451:AAGmlWKFP5uSjmUmuqGR0RIHcmuVoyt8A1g/getUpdates "HTTP/1.1 200 OK"
2025-05-08 18:49:18,789 - INFO - HTTP Request: POST https://api.telegram.org/bot7679333451:AAGmlWKFP5uSjmUmuqGR0RIHcmuVoyt8A1g/getUpdates "HTTP/1.1 200 OK"
2025-05-08 18:49:28,974 - INFO - HTTP Request: POST https://api.telegram.org/bot7679333451:AAGmlWKFP5uSjmUmuqGR0RIHcmuVoyt8A1g/getUpdates "HTTP/1.1 200 OK"
2025-05-08 18:49:39,159 - INFO - HTTP Request: POST https://api.telegram.org/bot7679333451:AAGmlWKFP5uSjmUmuqGR0RIHcmuVoyt8A1g/getUpdates "HTTP/1.1 200 OK"
2025-05-08 18:49:49,343 - INFO - HTTP Request: POST https://api.telegram.org/bot7679333451:AAGmlWKFP5uSjmUmuqGR0RIHcmuVoyt8A1g/getUpdates "HTTP/1.1 200 OK"
2025-05-08 18:49:59,533 - INFO - HTTP Request: POST https://api.telegram.org/bot7679333451:AAGmlWKFP5uSjmUmuqGR0RIHcmuVoyt8A1g/getUpdates "HTTP/1.1 200 OK"
2025-05-08 18:50:09,722 - INFO - HTTP Request: POST https://api.telegram.org/bot7679333451:AAGmlWKFP5uSjmUmuqGR0RIHcmuVoyt8A1g/getUpdates "HTTP/1.1 200 OK"
2025-05-08 18:50:19,915 - INFO - HTTP Request: POST https://api.telegram.org/bot7679333451:AAGmlWKFP5uSjmUmuqGR0RIHcmuVoyt8A1g/getUpdates "HTTP/1.1 200 OK"
2025-05-08 18:50:30,098 - INFO - HTTP Request: POST https://api.telegram.org/bot7679333451:AAGmlWKFP5uSjmUmuqGR0RIHcmuVoyt8A1g/getUpdates "HTTP/1.1 200 OK"
2025-05-08 18:50:40,292 - INFO - HTTP Request: POST https://api.telegram.org/bot7679333451:AAGmlWKFP5uSjmUmuqGR0RIHcmuVoyt8A1g/getUpdates "HTTP/1.1 200 OK"
2025-05-08 18:50:50,476 - INFO - HTTP Request: POST https://api.telegram.org/bot7679333451:AAGmlWKFP5uSjmUmuqGR0RIHcmuVoyt8A1g/getUpdates "HTTP/1.1 200 OK"
2025-05-08 18:51:00,665 - INFO - HTTP Request: POST https://api.telegram.org/bot7679333451:AAGmlWKFP5uSjmUmuqGR0RIHcmuVoyt8A1g/getUpdates "HTTP/1.1 200 OK"
2025-05-08 18:51:11,257 - INFO - HTTP Request: POST https://api.telegram.org/bot7679333451:AAGmlWKFP5uSjmUmuqGR0RIHcmuVoyt8A1g/getUpdates "HTTP/1.1 200 OK"
2025-05-08 18:51:21,441 - INFO - HTTP Request: POST https://api.telegram.org/bot7679333451:AAGmlWKFP5uSjmUmuqGR0RIHcmuVoyt8A1g/getUpdates "HTTP/1.1 200 OK"
2025-05-08 18:51:31,626 - INFO - HTTP Request: POST https://api.telegram.org/bot7679333451:AAGmlWKFP5uSjmUmuqGR0RIHcmuVoyt8A1g/getUpdates "HTTP/1.1 200 OK"
2025-05-08 18:51:41,809 - INFO - HTTP Request: POST https://api.telegram.org/bot7679333451:AAGmlWKFP5uSjmUmuqGR0RIHcmuVoyt8A1g/getUpdates "HTTP/1.1 200 OK"
2025-05-08 18:51:51,991 - INFO - HTTP Request: POST https://api.telegram.org/bot7679333451:AAGmlWKFP5uSjmUmuqGR0RIHcmuVoyt8A1g/getUpdates "HTTP/1.1 200 OK"
2025-05-08 18:52:02,196 - INFO - HTTP Request: POST https://api.telegram.org/bot7679333451:AAGmlWKFP5uSjmUmuqGR0RIHcmuVoyt8A1g/getUpdates "HTTP/1.1 200 OK"
2025-05-08 18:52:12,380 - INFO - HTTP Request: POST https://api.telegram.org/bot7679333451:AAGmlWKFP5uSjmUmuqGR0RIHcmuVoyt8A1g/getUpdates "HTTP/1.1 200 OK"
2025-05-08 18:52:22,567 - INFO - HTTP Request: POST https://api.telegram.org/bot7679333451:AAGmlWKFP5uSjmUmuqGR0RIHcmuVoyt8A1g/getUpdates "HTTP/1.1 200 OK"
2025-05-08 18:52:32,751 - INFO - HTTP Request: POST https://api.telegram.org/bot7679333451:AAGmlWKFP5uSjmUmuqGR0RIHcmuVoyt8A1g/getUpdates "HTTP/1.1 200 OK"
2025-05-08 18:52:42,933 - INFO - HTTP Request: POST https://api.telegram.org/bot7679333451:AAGmlWKFP5uSjmUmuqGR0RIHcmuVoyt8A1g/getUpdates "HTTP/1.1 200 OK"
2025-05-08 18:52:53,116 - INFO - HTTP Request: POST https://api.telegram.org/bot7679333451:AAGmlWKFP5uSjmUmuqGR0RIHcmuVoyt8A1g/getUpdates "HTTP/1.1 200 OK"
2025-05-08 18:53:03,298 - INFO - HTTP Request: POST https://api.telegram.org/bot7679333451:AAGmlWKFP5uSjmUmuqGR0RIHcmuVoyt8A1g/getUpdates "HTTP/1.1 200 OK"
2025-05-08 18:53:13,481 - INFO - HTTP Request: POST https://api.telegram.org/bot7679333451:AAGmlWKFP5uSjmUmuqGR0RIHcmuVoyt8A1g/getUpdates "HTTP/1.1 200 OK"
2025-05-08 18:53:23,665 - INFO - HTTP Request: POST https://api.telegram.org/bot7679333451:AAGmlWKFP5uSjmUmuqGR0RIHcmuVoyt8A1g/getUpdates "HTTP/1.1 200 OK"
2025-05-08 18:53:33,850 - INFO - HTTP Request: POST https://api.telegram.org/bot7679333451:AAGmlWKFP5uSjmUmuqGR0RIHcmuVoyt8A1g/getUpdates "HTTP/1.1 200 OK"
2025-05-08 18:53:44,032 - INFO - HTTP Request: POST https://api.telegram.org/bot7679333451:AAGmlWKFP5uSjmUmuqGR0RIHcmuVoyt8A1g/getUpdates "HTTP/1.1 200 OK"
2025-05-08 18:53:54,222 - INFO - HTTP Request: POST https://api.telegram.org/bot7679333451:AAGmlWKFP5uSjmUmuqGR0RIHcmuVoyt8A1g/getUpdates "HTTP/1.1 200 OK"
2025-05-08 18:54:04,408 - INFO - HTTP Request: POST https://api.telegram.org/bot7679333451:AAGmlWKFP5uSjmUmuqGR0RIHcmuVoyt8A1g/getUpdates "HTTP/1.1 200 OK"
2025-05-08 18:54:14,591 - INFO - HTTP Request: POST https://api.telegram.org/bot7679333451:AAGmlWKFP5uSjmUmuqGR0RIHcmuVoyt8A1g/getUpdates "HTTP/1.1 200 OK"
2025-05-08 18:54:24,777 - INFO - HTTP Request: POST https://api.telegram.org/bot7679333451:AAGmlWKFP5uSjmUmuqGR0RIHcmuVoyt8A1g/getUpdates "HTTP/1.1 200 OK"
2025-05-08 18:54:34,959 - INFO - HTTP Request: POST https://api.telegram.org/bot7679333451:AAGmlWKFP5uSjmUmuqGR0RIHcmuVoyt8A1g/getUpdates "HTTP/1.1 200 OK"
2025-05-08 18:54:45,149 - INFO - HTTP Request: POST https://api.telegram.org/bot7679333451:AAGmlWKFP5uSjmUmuqGR0RIHcmuVoyt8A1g/getUpdates "HTTP/1.1 200 OK"
2025-05-08 18:54:55,340 - INFO - HTTP Request: POST https://api.telegram.org/bot7679333451:AAGmlWKFP5uSjmUmuqGR0RIHcmuVoyt8A1g/getUpdates "HTTP/1.1 200 OK"
2025-05-08 18:55:05,524 - INFO - HTTP Request: POST https://api.telegram.org/bot7679333451:AAGmlWKFP5uSjmUmuqGR0RIHcmuVoyt8A1g/getUpdates "HTTP/1.1 200 OK"
2025-05-08 18:55:15,711 - INFO - HTTP Request: POST https://api.telegram.org/bot7679333451:AAGmlWKFP5uSjmUmuqGR0RIHcmuVoyt8A1g/getUpdates "HTTP/1.1 200 OK"
2025-05-08 18:55:25,898 - INFO - HTTP Request: POST https://api.telegram.org/bot7679333451:AAGmlWKFP5uSjmUmuqGR0RIHcmuVoyt8A1g/getUpdates "HTTP/1.1 200 OK"
2025-05-08 18:55:36,087 - INFO - HTTP Request: POST https://api.telegram.org/bot7679333451:AAGmlWKFP5uSjmUmuqGR0RIHcmuVoyt8A1g/getUpdates "HTTP/1.1 200 OK"
2025-05-08 18:55:46,279 - INFO - HTTP Request: POST https://api.telegram.org/bot7679333451:AAGmlWKFP5uSjmUmuqGR0RIHcmuVoyt8A1g/getUpdates "HTTP/1.1 200 OK"
2025-05-08 18:55:56,471 - INFO - HTTP Request: POST https://api.telegram.org/bot7679333451:AAGmlWKFP5uSjmUmuqGR0RIHcmuVoyt8A1g/getUpdates "HTTP/1.1 200 OK"
2025-05-08 18:56:06,655 - INFO - HTTP Request: POST https://api.telegram.org/bot7679333451:AAGmlWKFP5uSjmUmuqGR0RIHcmuVoyt8A1g/getUpdates "HTTP/1.1 200 OK"
2025-05-08 18:56:16,840 - INFO - HTTP Request: POST https://api.telegram.org/bot7679333451:AAGmlWKFP5uSjmUmuqGR0RIHcmuVoyt8A1g/getUpdates "HTTP/1.1 200 OK"
2025-05-08 18:56:27,024 - INFO - HTTP Request: POST https://api.telegram.org/bot7679333451:AAGmlWKFP5uSjmUmuqGR0RIHcmuVoyt8A1g/getUpdates "HTTP/1.1 200 OK"
2025-05-08 18:56:37,209 - INFO - HTTP Request: POST https://api.telegram.org/bot7679333451:AAGmlWKFP5uSjmUmuqGR0RIHcmuVoyt8A1g/getUpdates "HTTP/1.1 200 OK"
2025-05-08 18:56:47,392 - INFO - HTTP Request: POST https://api.telegram.org/bot7679333451:AAGmlWKFP5uSjmUmuqGR0RIHcmuVoyt8A1g/getUpdates "HTTP/1.1 200 OK"
2025-05-08 18:56:57,579 - INFO - HTTP Request: POST https://api.telegram.org/bot7679333451:AAGmlWKFP5uSjmUmuqGR0RIHcmuVoyt8A1g/getUpdates "HTTP/1.1 200 OK"
2025-05-08 18:57:08,154 - INFO - HTTP Request: POST https://api.telegram.org/bot7679333451:AAGmlWKFP5uSjmUmuqGR0RIHcmuVoyt8A1g/getUpdates "HTTP/1.1 200 OK"
2025-05-08 18:57:18,346 - INFO - HTTP Request: POST https://api.telegram.org/bot7679333451:AAGmlWKFP5uSjmUmuqGR0RIHcmuVoyt8A1g/getUpdates "HTTP/1.1 200 OK"
2025-05-08 18:57:28,531 - INFO - HTTP Request: POST https://api.telegram.org/bot7679333451:AAGmlWKFP5uSjmUmuqGR0RIHcmuVoyt8A1g/getUpdates "HTTP/1.1 200 OK"
2025-05-08 18:57:38,713 - INFO - HTTP Request: POST https://api.telegram.org/bot7679333451:AAGmlWKFP5uSjmUmuqGR0RIHcmuVoyt8A1g/getUpdates "HTTP/1.1 200 OK"
2025-05-08 18:57:48,931 - INFO - HTTP Request: POST https://api.telegram.org/bot7679333451:AAGmlWKFP5uSjmUmuqGR0RIHcmuVoyt8A1g/getUpdates "HTTP/1.1 200 OK"
2025-05-08 18:57:59,113 - INFO - HTTP Request: POST https://api.telegram.org/bot7679333451:AAGmlWKFP5uSjmUmuqGR0RIHcmuVoyt8A1g/getUpdates "HTTP/1.1 200 OK"
2025-05-08 18:58:09,297 - INFO - HTTP Request: POST https://api.telegram.org/bot7679333451:AAGmlWKFP5uSjmUmuqGR0RIHcmuVoyt8A1g/getUpdates "HTTP/1.1 200 OK"
2025-05-08 18:58:19,478 - INFO - HTTP Request: POST https://api.telegram.org/bot7679333451:AAGmlWKFP5uSjmUmuqGR0RIHcmuVoyt8A1g/getUpdates "HTTP/1.1 200 OK"
2025-05-08 18:58:29,660 - INFO - HTTP Request: POST https://api.telegram.org/bot7679333451:AAGmlWKFP5uSjmUmuqGR0RIHcmuVoyt8A1g/getUpdates "HTTP/1.1 200 OK"
2025-05-08 18:58:39,848 - INFO - HTTP Request: POST https://api.telegram.org/bot7679333451:AAGmlWKFP5uSjmUmuqGR0RIHcmuVoyt8A1g/getUpdates "HTTP/1.1 200 OK"
2025-05-08 18:58:50,033 - INFO - HTTP Request: POST https://api.telegram.org/bot7679333451:AAGmlWKFP5uSjmUmuqGR0RIHcmuVoyt8A1g/getUpdates "HTTP/1.1 200 OK"
2025-05-08 18:59:00,658 - INFO - HTTP Request: POST https://api.telegram.org/bot7679333451:AAGmlWKFP5uSjmUmuqGR0RIHcmuVoyt8A1g/getUpdates "HTTP/1.1 200 OK"
2025-05-08 18:59:10,843 - INFO - HTTP Request: POST https://api.telegram.org/bot7679333451:AAGmlWKFP5uSjmUmuqGR0RIHcmuVoyt8A1g/getUpdates "HTTP/1.1 200 OK"
2025-05-08 18:59:21,022 - INFO - HTTP Request: POST https://api.telegram.org/bot7679333451:AAGmlWKFP5uSjmUmuqGR0RIHcmuVoyt8A1g/getUpdates "HTTP/1.1 200 OK"
2025-05-08 18:59:31,217 - INFO - HTTP Request: POST https://api.telegram.org/bot7679333451:AAGmlWKFP5uSjmUmuqGR0RIHcmuVoyt8A1g/getUpdates "HTTP/1.1 200 OK"
2025-05-08 18:59:41,395 - INFO - HTTP Request: POST https://api.telegram.org/bot7679333451:AAGmlWKFP5uSjmUmuqGR0RIHcmuVoyt8A1g/getUpdates "HTTP/1.1 200 OK"
2025-05-08 18:59:51,575 - INFO - HTTP Request: POST https://api.telegram.org/bot7679333451:AAGmlWKFP5uSjmUmuqGR0RIHcmuVoyt8A1g/getUpdates "HTTP/1.1 200 OK"
2025-05-08 19:00:01,755 - INFO - HTTP Request: POST https://api.telegram.org/bot7679333451:AAGmlWKFP5uSjmUmuqGR0RIHcmuVoyt8A1g/getUpdates "HTTP/1.1 200 OK"
2025-05-08 19:00:11,941 - INFO - HTTP Request: POST https://api.telegram.org/bot7679333451:AAGmlWKFP5uSjmUmuqGR0RIHcmuVoyt8A1g/getUpdates "HTTP/1.1 200 OK"
2025-05-08 19:00:22,123 - INFO - HTTP Request: POST https://api.telegram.org/bot7679333451:AAGmlWKFP5uSjmUmuqGR0RIHcmuVoyt8A1g/getUpdates "HTTP/1.1 200 OK"
2025-05-08 19:00:32,310 - INFO - HTTP Request: POST https://api.telegram.org/bot7679333451:AAGmlWKFP5uSjmUmuqGR0RIHcmuVoyt8A1g/getUpdates "HTTP/1.1 200 OK"
2025-05-08 19:00:42,490 - INFO - HTTP Request: POST https://api.telegram.org/bot7679333451:AAGmlWKFP5uSjmUmuqGR0RIHcmuVoyt8A1g/getUpdates "HTTP/1.1 200 OK"
2025-05-08 19:00:52,670 - INFO - HTTP Request: POST https://api.telegram.org/bot7679333451:AAGmlWKFP5uSjmUmuqGR0RIHcmuVoyt8A1g/getUpdates "HTTP/1.1 200 OK"
2025-05-08 19:01:02,847 - INFO - HTTP Request: POST https://api.telegram.org/bot7679333451:AAGmlWKFP5uSjmUmuqGR0RIHcmuVoyt8A1g/getUpdates "HTTP/1.1 200 OK"
2025-05-08 19:01:13,030 - INFO - HTTP Request: POST https://api.telegram.org/bot7679333451:AAGmlWKFP5uSjmUmuqGR0RIHcmuVoyt8A1g/getUpdates "HTTP/1.1 200 OK"
2025-05-08 19:01:23,213 - INFO - HTTP Request: POST https://api.telegram.org/bot7679333451:AAGmlWKFP5uSjmUmuqGR0RIHcmuVoyt8A1g/getUpdates "HTTP/1.1 200 OK"
2025-05-08 19:01:33,395 - INFO - HTTP Request: POST https://api.telegram.org/bot7679333451:AAGmlWKFP5uSjmUmuqGR0RIHcmuVoyt8A1g/getUpdates "HTTP/1.1 200 OK"
2025-05-08 19:01:43,575 - INFO - HTTP Request: POST https://api.telegram.org/bot7679333451:AAGmlWKFP5uSjmUmuqGR0RIHcmuVoyt8A1g/getUpdates "HTTP/1.1 200 OK"
2025-05-08 19:01:53,755 - INFO - HTTP Request: POST https://api.telegram.org/bot7679333451:AAGmlWKFP5uSjmUmuqGR0RIHcmuVoyt8A1g/getUpdates "HTTP/1.1 200 OK"
2025-05-08 19:02:03,938 - INFO - HTTP Request: POST https://api.telegram.org/bot7679333451:AAGmlWKFP5uSjmUmuqGR0RIHcmuVoyt8A1g/getUpdates "HTTP/1.1 200 OK"
2025-05-08 19:02:14,119 - INFO - HTTP Request: POST https://api.telegram.org/bot7679333451:AAGmlWKFP5uSjmUmuqGR0RIHcmuVoyt8A1g/getUpdates "HTTP/1.1 200 OK"
2025-05-08 19:02:24,302 - INFO - HTTP Request: POST https://api.telegram.org/bot7679333451:AAGmlWKFP5uSjmUmuqGR0RIHcmuVoyt8A1g/getUpdates "HTTP/1.1 200 OK"
2025-05-08 19:02:34,484 - INFO - HTTP Request: POST https://api.telegram.org/bot7679333451:AAGmlWKFP5uSjmUmuqGR0RIHcmuVoyt8A1g/getUpdates "HTTP/1.1 200 OK"
2025-05-08 19:02:44,665 - INFO - HTTP Request: POST https://api.telegram.org/bot7679333451:AAGmlWKFP5uSjmUmuqGR0RIHcmuVoyt8A1g/getUpdates "HTTP/1.1 200 OK"
2025-05-08 19:02:54,853 - INFO - HTTP Request: POST https://api.telegram.org/bot7679333451:AAGmlWKFP5uSjmUmuqGR0RIHcmuVoyt8A1g/getUpdates "HTTP/1.1 200 OK"
2025-05-08 19:03:05,038 - INFO - HTTP Request: POST https://api.telegram.org/bot7679333451:AAGmlWKFP5uSjmUmuqGR0RIHcmuVoyt8A1g/getUpdates "HTTP/1.1 200 OK"
2025-05-08 19:03:15,217 - INFO - HTTP Request: POST https://api.telegram.org/bot7679333451:AAGmlWKFP5uSjmUmuqGR0RIHcmuVoyt8A1g/getUpdates "HTTP/1.1 200 OK"
2025-05-08 19:03:25,397 - INFO - HTTP Request: POST https://api.telegram.org/bot7679333451:AAGmlWKFP5uSjmUmuqGR0RIHcmuVoyt8A1g/getUpdates "HTTP/1.1 200 OK"
2025-05-08 19:03:35,580 - INFO - HTTP Request: POST https://api.telegram.org/bot7679333451:AAGmlWKFP5uSjmUmuqGR0RIHcmuVoyt8A1g/getUpdates "HTTP/1.1 200 OK"
2025-05-08 19:03:45,765 - INFO - HTTP Request: POST https://api.telegram.org/bot7679333451:AAGmlWKFP5uSjmUmuqGR0RIHcmuVoyt8A1g/getUpdates "HTTP/1.1 200 OK"
2025-05-08 19:03:55,946 - INFO - HTTP Request: POST https://api.telegram.org/bot7679333451:AAGmlWKFP5uSjmUmuqGR0RIHcmuVoyt8A1g/getUpdates "HTTP/1.1 200 OK"
2025-05-08 19:04:06,124 - INFO - HTTP Request: POST https://api.telegram.org/bot7679333451:AAGmlWKFP5uSjmUmuqGR0RIHcmuVoyt8A1g/getUpdates "HTTP/1.1 200 OK"
2025-05-08 19:04:16,309 - INFO - HTTP Request: POST https://api.telegram.org/bot7679333451:AAGmlWKFP5uSjmUmuqGR0RIHcmuVoyt8A1g/getUpdates "HTTP/1.1 200 OK"
2025-05-08 19:04:26,495 - INFO - HTTP Request: POST https://api.telegram.org/bot7679333451:AAGmlWKFP5uSjmUmuqGR0RIHcmuVoyt8A1g/getUpdates "HTTP/1.1 200 OK"
2025-05-08 19:04:36,685 - INFO - HTTP Request: POST https://api.telegram.org/bot7679333451:AAGmlWKFP5uSjmUmuqGR0RIHcmuVoyt8A1g/getUpdates "HTTP/1.1 200 OK"
2025-05-08 19:04:46,869 - INFO - HTTP Request: POST https://api.telegram.org/bot7679333451:AAGmlWKFP5uSjmUmuqGR0RIHcmuVoyt8A1g/getUpdates "HTTP/1.1 200 OK"
2025-05-08 19:04:57,070 - INFO - HTTP Request: POST https://api.telegram.org/bot7679333451:AAGmlWKFP5uSjmUmuqGR0RIHcmuVoyt8A1g/getUpdates "HTTP/1.1 200 OK"
2025-05-08 19:05:07,251 - INFO - HTTP Request: POST https://api.telegram.org/bot7679333451:AAGmlWKFP5uSjmUmuqGR0RIHcmuVoyt8A1g/getUpdates "HTTP/1.1 200 OK"
2025-05-08 19:05:17,433 - INFO - HTTP Request: POST https://api.telegram.org/bot7679333451:AAGmlWKFP5uSjmUmuqGR0RIHcmuVoyt8A1g/getUpdates "HTTP/1.1 200 OK"
2025-05-08 19:05:27,612 - INFO - HTTP Request: POST https://api.telegram.org/bot7679333451:AAGmlWKFP5uSjmUmuqGR0RIHcmuVoyt8A1g/getUpdates "HTTP/1.1 200 OK"
2025-05-08 19:05:37,790 - INFO - HTTP Request: POST https://api.telegram.org/bot7679333451:AAGmlWKFP5uSjmUmuqGR0RIHcmuVoyt8A1g/getUpdates "HTTP/1.1 200 OK"
2025-05-08 19:05:47,974 - INFO - HTTP Request: POST https://api.telegram.org/bot7679333451:AAGmlWKFP5uSjmUmuqGR0RIHcmuVoyt8A1g/getUpdates "HTTP/1.1 200 OK"
2025-05-08 19:05:58,154 - INFO - HTTP Request: POST https://api.telegram.org/bot7679333451:AAGmlWKFP5uSjmUmuqGR0RIHcmuVoyt8A1g/getUpdates "HTTP/1.1 200 OK"
2025-05-08 19:06:08,337 - INFO - HTTP Request: POST https://api.telegram.org/bot7679333451:AAGmlWKFP5uSjmUmuqGR0RIHcmuVoyt8A1g/getUpdates "HTTP/1.1 200 OK"
2025-05-08 19:06:18,921 - INFO - HTTP Request: POST https://api.telegram.org/bot7679333451:AAGmlWKFP5uSjmUmuqGR0RIHcmuVoyt8A1g/getUpdates "HTTP/1.1 200 OK"
2025-05-08 19:06:29,102 - INFO - HTTP Request: POST https://api.telegram.org/bot7679333451:AAGmlWKFP5uSjmUmuqGR0RIHcmuVoyt8A1g/getUpdates "HTTP/1.1 200 OK"
2025-05-08 19:06:39,281 - INFO - HTTP Request: POST https://api.telegram.org/bot7679333451:AAGmlWKFP5uSjmUmuqGR0RIHcmuVoyt8A1g/getUpdates "HTTP/1.1 200 OK"
2025-05-08 19:06:49,466 - INFO - HTTP Request: POST https://api.telegram.org/bot7679333451:AAGmlWKFP5uSjmUmuqGR0RIHcmuVoyt8A1g/getUpdates "HTTP/1.1 200 OK"
2025-05-08 19:06:59,652 - INFO - HTTP Request: POST https://api.telegram.org/bot7679333451:AAGmlWKFP5uSjmUmuqGR0RIHcmuVoyt8A1g/getUpdates "HTTP/1.1 200 OK"
2025-05-08 19:07:09,835 - INFO - HTTP Request: POST https://api.telegram.org/bot7679333451:AAGmlWKFP5uSjmUmuqGR0RIHcmuVoyt8A1g/getUpdates "HTTP/1.1 200 OK"
2025-05-08 19:07:20,017 - INFO - HTTP Request: POST https://api.telegram.org/bot7679333451:AAGmlWKFP5uSjmUmuqGR0RIHcmuVoyt8A1g/getUpdates "HTTP/1.1 200 OK"
2025-05-08 19:07:30,208 - INFO - HTTP Request: POST https://api.telegram.org/bot7679333451:AAGmlWKFP5uSjmUmuqGR0RIHcmuVoyt8A1g/getUpdates "HTTP/1.1 200 OK"
2025-05-08 19:07:40,390 - INFO - HTTP Request: POST https://api.telegram.org/bot7679333451:AAGmlWKFP5uSjmUmuqGR0RIHcmuVoyt8A1g/getUpdates "HTTP/1.1 200 OK"
2025-05-08 19:07:50,576 - INFO - HTTP Request: POST https://api.telegram.org/bot7679333451:AAGmlWKFP5uSjmUmuqGR0RIHcmuVoyt8A1g/getUpdates "HTTP/1.1 200 OK"
2025-05-08 19:08:00,759 - INFO - HTTP Request: POST https://api.telegram.org/bot7679333451:AAGmlWKFP5uSjmUmuqGR0RIHcmuVoyt8A1g/getUpdates "HTTP/1.1 200 OK"
2025-05-08 19:08:10,940 - INFO - HTTP Request: POST https://api.telegram.org/bot7679333451:AAGmlWKFP5uSjmUmuqGR0RIHcmuVoyt8A1g/getUpdates "HTTP/1.1 200 OK"
2025-05-08 19:08:21,125 - INFO - HTTP Request: POST https://api.telegram.org/bot7679333451:AAGmlWKFP5uSjmUmuqGR0RIHcmuVoyt8A1g/getUpdates "HTTP/1.1 200 OK"
2025-05-08 19:08:31,306 - INFO - HTTP Request: POST https://api.telegram.org/bot7679333451:AAGmlWKFP5uSjmUmuqGR0RIHcmuVoyt8A1g/getUpdates "HTTP/1.1 200 OK"
2025-05-08 19:08:41,487 - INFO - HTTP Request: POST https://api.telegram.org/bot7679333451:AAGmlWKFP5uSjmUmuqGR0RIHcmuVoyt8A1g/getUpdates "HTTP/1.1 200 OK"
2025-05-08 19:08:51,670 - INFO - HTTP Request: POST https://api.telegram.org/bot7679333451:AAGmlWKFP5uSjmUmuqGR0RIHcmuVoyt8A1g/getUpdates "HTTP/1.1 200 OK"
2025-05-08 19:09:01,849 - INFO - HTTP Request: POST https://api.telegram.org/bot7679333451:AAGmlWKFP5uSjmUmuqGR0RIHcmuVoyt8A1g/getUpdates "HTTP/1.1 200 OK"
2025-05-08 19:09:12,031 - INFO - HTTP Request: POST https://api.telegram.org/bot7679333451:AAGmlWKFP5uSjmUmuqGR0RIHcmuVoyt8A1g/getUpdates "HTTP/1.1 200 OK"
2025-05-08 19:09:22,212 - INFO - HTTP Request: POST https://api.telegram.org/bot7679333451:AAGmlWKFP5uSjmUmuqGR0RIHcmuVoyt8A1g/getUpdates "HTTP/1.1 200 OK"
2025-05-08 19:09:32,398 - INFO - HTTP Request: POST https://api.telegram.org/bot7679333451:AAGmlWKFP5uSjmUmuqGR0RIHcmuVoyt8A1g/getUpdates "HTTP/1.1 200 OK"
2025-05-08 19:09:42,579 - INFO - HTTP Request: POST https://api.telegram.org/bot7679333451:AAGmlWKFP5uSjmUmuqGR0RIHcmuVoyt8A1g/getUpdates "HTTP/1.1 200 OK"
2025-05-08 19:09:52,757 - INFO - HTTP Request: POST https://api.telegram.org/bot7679333451:AAGmlWKFP5uSjmUmuqGR0RIHcmuVoyt8A1g/getUpdates "HTTP/1.1 200 OK"
2025-05-08 19:10:02,938 - INFO - HTTP Request: POST https://api.telegram.org/bot7679333451:AAGmlWKFP5uSjmUmuqGR0RIHcmuVoyt8A1g/getUpdates "HTTP/1.1 200 OK"
2025-05-08 19:10:13,120 - INFO - HTTP Request: POST https://api.telegram.org/bot7679333451:AAGmlWKFP5uSjmUmuqGR0RIHcmuVoyt8A1g/getUpdates "HTTP/1.1 200 OK"
2025-05-08 19:10:23,299 - INFO - HTTP Request: POST https://api.telegram.org/bot7679333451:AAGmlWKFP5uSjmUmuqGR0RIHcmuVoyt8A1g/getUpdates "HTTP/1.1 200 OK"
2025-05-08 19:10:33,480 - INFO - HTTP Request: POST https://api.telegram.org/bot7679333451:AAGmlWKFP5uSjmUmuqGR0RIHcmuVoyt8A1g/getUpdates "HTTP/1.1 200 OK"
2025-05-08 19:10:43,663 - INFO - HTTP Request: POST https://api.telegram.org/bot7679333451:AAGmlWKFP5uSjmUmuqGR0RIHcmuVoyt8A1g/getUpdates "HTTP/1.1 200 OK"
2025-05-08 19:10:53,846 - INFO - HTTP Request: POST https://api.telegram.org/bot7679333451:AAGmlWKFP5uSjmUmuqGR0RIHcmuVoyt8A1g/getUpdates "HTTP/1.1 200 OK"
2025-05-08 19:11:04,026 - INFO - HTTP Request: POST https://api.telegram.org/bot7679333451:AAGmlWKFP5uSjmUmuqGR0RIHcmuVoyt8A1g/getUpdates "HTTP/1.1 200 OK"
2025-05-08 19:11:14,206 - INFO - HTTP Request: POST https://api.telegram.org/bot7679333451:AAGmlWKFP5uSjmUmuqGR0RIHcmuVoyt8A1g/getUpdates "HTTP/1.1 200 OK"
2025-05-08 19:11:24,392 - INFO - HTTP Request: POST https://api.telegram.org/bot7679333451:AAGmlWKFP5uSjmUmuqGR0RIHcmuVoyt8A1g/getUpdates "HTTP/1.1 200 OK"
2025-05-08 19:11:34,572 - INFO - HTTP Request: POST https://api.telegram.org/bot7679333451:AAGmlWKFP5uSjmUmuqGR0RIHcmuVoyt8A1g/getUpdates "HTTP/1.1 200 OK"
2025-05-08 19:11:44,758 - INFO - HTTP Request: POST https://api.telegram.org/bot7679333451:AAGmlWKFP5uSjmUmuqGR0RIHcmuVoyt8A1g/getUpdates "HTTP/1.1 200 OK"
2025-05-08 19:11:54,940 - INFO - HTTP Request: POST https://api.telegram.org/bot7679333451:AAGmlWKFP5uSjmUmuqGR0RIHcmuVoyt8A1g/getUpdates "HTTP/1.1 200 OK"
2025-05-08 19:12:05,123 - INFO - HTTP Request: POST https://api.telegram.org/bot7679333451:AAGmlWKFP5uSjmUmuqGR0RIHcmuVoyt8A1g/getUpdates "HTTP/1.1 200 OK"
2025-05-08 19:12:15,323 - INFO - HTTP Request: POST https://api.telegram.org/bot7679333451:AAGmlWKFP5uSjmUmuqGR0RIHcmuVoyt8A1g/getUpdates "HTTP/1.1 200 OK"
2025-05-08 19:12:25,503 - INFO - HTTP Request: POST https://api.telegram.org/bot7679333451:AAGmlWKFP5uSjmUmuqGR0RIHcmuVoyt8A1g/getUpdates "HTTP/1.1 200 OK"
2025-05-08 19:12:35,682 - INFO - HTTP Request: POST https://api.telegram.org/bot7679333451:AAGmlWKFP5uSjmUmuqGR0RIHcmuVoyt8A1g/getUpdates "HTTP/1.1 200 OK"
2025-05-08 19:12:45,867 - INFO - HTTP Request: POST https://api.telegram.org/bot7679333451:AAGmlWKFP5uSjmUmuqGR0RIHcmuVoyt8A1g/getUpdates "HTTP/1.1 200 OK"
2025-05-08 19:12:56,046 - INFO - HTTP Request: POST https://api.telegram.org/bot7679333451:AAGmlWKFP5uSjmUmuqGR0RIHcmuVoyt8A1g/getUpdates "HTTP/1.1 200 OK"
2025-05-08 19:13:06,229 - INFO - HTTP Request: POST https://api.telegram.org/bot7679333451:AAGmlWKFP5uSjmUmuqGR0RIHcmuVoyt8A1g/getUpdates "HTTP/1.1 200 OK"
2025-05-08 19:13:16,413 - INFO - HTTP Request: POST https://api.telegram.org/bot7679333451:AAGmlWKFP5uSjmUmuqGR0RIHcmuVoyt8A1g/getUpdates "HTTP/1.1 200 OK"
2025-05-08 19:13:26,599 - INFO - HTTP Request: POST https://api.telegram.org/bot7679333451:AAGmlWKFP5uSjmUmuqGR0RIHcmuVoyt8A1g/getUpdates "HTTP/1.1 200 OK"
2025-05-08 19:13:36,780 - INFO - HTTP Request: POST https://api.telegram.org/bot7679333451:AAGmlWKFP5uSjmUmuqGR0RIHcmuVoyt8A1g/getUpdates "HTTP/1.1 200 OK"
2025-05-08 19:13:46,959 - INFO - HTTP Request: POST https://api.telegram.org/bot7679333451:AAGmlWKFP5uSjmUmuqGR0RIHcmuVoyt8A1g/getUpdates "HTTP/1.1 200 OK"
2025-05-08 19:13:57,140 - INFO - HTTP Request: POST https://api.telegram.org/bot7679333451:AAGmlWKFP5uSjmUmuqGR0RIHcmuVoyt8A1g/getUpdates "HTTP/1.1 200 OK"
2025-05-08 19:14:07,320 - INFO - HTTP Request: POST https://api.telegram.org/bot7679333451:AAGmlWKFP5uSjmUmuqGR0RIHcmuVoyt8A1g/getUpdates "HTTP/1.1 200 OK"
2025-05-08 19:14:17,500 - INFO - HTTP Request: POST https://api.telegram.org/bot7679333451:AAGmlWKFP5uSjmUmuqGR0RIHcmuVoyt8A1g/getUpdates "HTTP/1.1 200 OK"
2025-05-08 19:14:27,684 - INFO - HTTP Request: POST https://api.telegram.org/bot7679333451:AAGmlWKFP5uSjmUmuqGR0RIHcmuVoyt8A1g/getUpdates "HTTP/1.1 200 OK"
2025-05-08 19:14:37,867 - INFO - HTTP Request: POST https://api.telegram.org/bot7679333451:AAGmlWKFP5uSjmUmuqGR0RIHcmuVoyt8A1g/getUpdates "HTTP/1.1 200 OK"
2025-05-08 19:14:48,049 - INFO - HTTP Request: POST https://api.telegram.org/bot7679333451:AAGmlWKFP5uSjmUmuqGR0RIHcmuVoyt8A1g/getUpdates "HTTP/1.1 200 OK"
2025-05-08 19:14:58,228 - INFO - HTTP Request: POST https://api.telegram.org/bot7679333451:AAGmlWKFP5uSjmUmuqGR0RIHcmuVoyt8A1g/getUpdates "HTTP/1.1 200 OK"
2025-05-08 19:15:08,411 - INFO - HTTP Request: POST https://api.telegram.org/bot7679333451:AAGmlWKFP5uSjmUmuqGR0RIHcmuVoyt8A1g/getUpdates "HTTP/1.1 200 OK"
2025-05-08 19:15:18,596 - INFO - HTTP Request: POST https://api.telegram.org/bot7679333451:AAGmlWKFP5uSjmUmuqGR0RIHcmuVoyt8A1g/getUpdates "HTTP/1.1 200 OK"
2025-05-08 19:15:28,775 - INFO - HTTP Request: POST https://api.telegram.org/bot7679333451:AAGmlWKFP5uSjmUmuqGR0RIHcmuVoyt8A1g/getUpdates "HTTP/1.1 200 OK"
2025-05-08 19:15:38,966 - INFO - HTTP Request: POST https://api.telegram.org/bot7679333451:AAGmlWKFP5uSjmUmuqGR0RIHcmuVoyt8A1g/getUpdates "HTTP/1.1 200 OK"
2025-05-08 19:15:49,147 - INFO - HTTP Request: POST https://api.telegram.org/bot7679333451:AAGmlWKFP5uSjmUmuqGR0RIHcmuVoyt8A1g/getUpdates "HTTP/1.1 200 OK"
2025-05-08 19:15:59,768 - INFO - HTTP Request: POST https://api.telegram.org/bot7679333451:AAGmlWKFP5uSjmUmuqGR0RIHcmuVoyt8A1g/getUpdates "HTTP/1.1 200 OK"
2025-05-08 19:16:09,953 - INFO - HTTP Request: POST https://api.telegram.org/bot7679333451:AAGmlWKFP5uSjmUmuqGR0RIHcmuVoyt8A1g/getUpdates "HTTP/1.1 200 OK"
2025-05-08 19:16:20,135 - INFO - HTTP Request: POST https://api.telegram.org/bot7679333451:AAGmlWKFP5uSjmUmuqGR0RIHcmuVoyt8A1g/getUpdates "HTTP/1.1 200 OK"
2025-05-08 19:16:30,323 - INFO - HTTP Request: POST https://api.telegram.org/bot7679333451:AAGmlWKFP5uSjmUmuqGR0RIHcmuVoyt8A1g/getUpdates "HTTP/1.1 200 OK"
2025-05-08 19:16:40,508 - INFO - HTTP Request: POST https://api.telegram.org/bot7679333451:AAGmlWKFP5uSjmUmuqGR0RIHcmuVoyt8A1g/getUpdates "HTTP/1.1 200 OK"
2025-05-08 19:16:50,699 - INFO - HTTP Request: POST https://api.telegram.org/bot7679333451:AAGmlWKFP5uSjmUmuqGR0RIHcmuVoyt8A1g/getUpdates "HTTP/1.1 200 OK"
2025-05-08 19:17:00,887 - INFO - HTTP Request: POST https://api.telegram.org/bot7679333451:AAGmlWKFP5uSjmUmuqGR0RIHcmuVoyt8A1g/getUpdates "HTTP/1.1 200 OK"
2025-05-08 19:17:11,074 - INFO - HTTP Request: POST https://api.telegram.org/bot7679333451:AAGmlWKFP5uSjmUmuqGR0RIHcmuVoyt8A1g/getUpdates "HTTP/1.1 200 OK"
2025-05-08 19:17:21,257 - INFO - HTTP Request: POST https://api.telegram.org/bot7679333451:AAGmlWKFP5uSjmUmuqGR0RIHcmuVoyt8A1g/getUpdates "HTTP/1.1 200 OK"
2025-05-08 19:17:31,438 - INFO - HTTP Request: POST https://api.telegram.org/bot7679333451:AAGmlWKFP5uSjmUmuqGR0RIHcmuVoyt8A1g/getUpdates "HTTP/1.1 200 OK"
2025-05-08 19:17:41,622 - INFO - HTTP Request: POST https://api.telegram.org/bot7679333451:AAGmlWKFP5uSjmUmuqGR0RIHcmuVoyt8A1g/getUpdates "HTTP/1.1 200 OK"
2025-05-08 19:17:51,806 - INFO - HTTP Request: POST https://api.telegram.org/bot7679333451:AAGmlWKFP5uSjmUmuqGR0RIHcmuVoyt8A1g/getUpdates "HTTP/1.1 200 OK"
2025-05-08 19:18:01,990 - INFO - HTTP Request: POST https://api.telegram.org/bot7679333451:AAGmlWKFP5uSjmUmuqGR0RIHcmuVoyt8A1g/getUpdates "HTTP/1.1 200 OK"
2025-05-08 19:18:12,180 - INFO - HTTP Request: POST https://api.telegram.org/bot7679333451:AAGmlWKFP5uSjmUmuqGR0RIHcmuVoyt8A1g/getUpdates "HTTP/1.1 200 OK"
2025-05-08 19:18:22,367 - INFO - HTTP Request: POST https://api.telegram.org/bot7679333451:AAGmlWKFP5uSjmUmuqGR0RIHcmuVoyt8A1g/getUpdates "HTTP/1.1 200 OK"
2025-05-08 19:18:32,549 - INFO - HTTP Request: POST https://api.telegram.org/bot7679333451:AAGmlWKFP5uSjmUmuqGR0RIHcmuVoyt8A1g/getUpdates "HTTP/1.1 200 OK"
2025-05-08 19:18:42,741 - INFO - HTTP Request: POST https://api.telegram.org/bot7679333451:AAGmlWKFP5uSjmUmuqGR0RIHcmuVoyt8A1g/getUpdates "HTTP/1.1 200 OK"
2025-05-08 19:18:52,927 - INFO - HTTP Request: POST https://api.telegram.org/bot7679333451:AAGmlWKFP5uSjmUmuqGR0RIHcmuVoyt8A1g/getUpdates "HTTP/1.1 200 OK"
2025-05-08 19:19:03,110 - INFO - HTTP Request: POST https://api.telegram.org/bot7679333451:AAGmlWKFP5uSjmUmuqGR0RIHcmuVoyt8A1g/getUpdates "HTTP/1.1 200 OK"
2025-05-08 19:19:13,292 - INFO - HTTP Request: POST https://api.telegram.org/bot7679333451:AAGmlWKFP5uSjmUmuqGR0RIHcmuVoyt8A1g/getUpdates "HTTP/1.1 200 OK"
2025-05-08 19:19:23,482 - INFO - HTTP Request: POST https://api.telegram.org/bot7679333451:AAGmlWKFP5uSjmUmuqGR0RIHcmuVoyt8A1g/getUpdates "HTTP/1.1 200 OK"
2025-05-08 19:19:33,668 - INFO - HTTP Request: POST https://api.telegram.org/bot7679333451:AAGmlWKFP5uSjmUmuqGR0RIHcmuVoyt8A1g/getUpdates "HTTP/1.1 200 OK"
2025-05-08 19:19:43,855 - INFO - HTTP Request: POST https://api.telegram.org/bot7679333451:AAGmlWKFP5uSjmUmuqGR0RIHcmuVoyt8A1g/getUpdates "HTTP/1.1 200 OK"
2025-05-08 19:19:54,039 - INFO - HTTP Request: POST https://api.telegram.org/bot7679333451:AAGmlWKFP5uSjmUmuqGR0RIHcmuVoyt8A1g/getUpdates "HTTP/1.1 200 OK"
2025-05-08 19:20:04,224 - INFO - HTTP Request: POST https://api.telegram.org/bot7679333451:AAGmlWKFP5uSjmUmuqGR0RIHcmuVoyt8A1g/getUpdates "HTTP/1.1 200 OK"
2025-05-08 19:20:14,406 - INFO - HTTP Request: POST https://api.telegram.org/bot7679333451:AAGmlWKFP5uSjmUmuqGR0RIHcmuVoyt8A1g/getUpdates "HTTP/1.1 200 OK"
2025-05-08 19:20:24,595 - INFO - HTTP Request: POST https://api.telegram.org/bot7679333451:AAGmlWKFP5uSjmUmuqGR0RIHcmuVoyt8A1g/getUpdates "HTTP/1.1 200 OK"
2025-05-08 19:20:34,779 - INFO - HTTP Request: POST https://api.telegram.org/bot7679333451:AAGmlWKFP5uSjmUmuqGR0RIHcmuVoyt8A1g/getUpdates "HTTP/1.1 200 OK"
2025-05-08 19:20:44,965 - INFO - HTTP Request: POST https://api.telegram.org/bot7679333451:AAGmlWKFP5uSjmUmuqGR0RIHcmuVoyt8A1g/getUpdates "HTTP/1.1 200 OK"
2025-05-08 19:20:55,150 - INFO - HTTP Request: POST https://api.telegram.org/bot7679333451:AAGmlWKFP5uSjmUmuqGR0RIHcmuVoyt8A1g/getUpdates "HTTP/1.1 200 OK"
2025-05-08 19:21:05,332 - INFO - HTTP Request: POST https://api.telegram.org/bot7679333451:AAGmlWKFP5uSjmUmuqGR0RIHcmuVoyt8A1g/getUpdates "HTTP/1.1 200 OK"
2025-05-08 19:21:15,514 - INFO - HTTP Request: POST https://api.telegram.org/bot7679333451:AAGmlWKFP5uSjmUmuqGR0RIHcmuVoyt8A1g/getUpdates "HTTP/1.1 200 OK"
2025-05-08 19:21:25,700 - INFO - HTTP Request: POST https://api.telegram.org/bot7679333451:AAGmlWKFP5uSjmUmuqGR0RIHcmuVoyt8A1g/getUpdates "HTTP/1.1 200 OK"
2025-05-08 19:21:35,883 - INFO - HTTP Request: POST https://api.telegram.org/bot7679333451:AAGmlWKFP5uSjmUmuqGR0RIHcmuVoyt8A1g/getUpdates "HTTP/1.1 200 OK"
2025-05-08 19:21:46,080 - INFO - HTTP Request: POST https://api.telegram.org/bot7679333451:AAGmlWKFP5uSjmUmuqGR0RIHcmuVoyt8A1g/getUpdates "HTTP/1.1 200 OK"
2025-05-08 19:21:56,265 - INFO - HTTP Request: POST https://api.telegram.org/bot7679333451:AAGmlWKFP5uSjmUmuqGR0RIHcmuVoyt8A1g/getUpdates "HTTP/1.1 200 OK"
2025-05-08 19:22:06,447 - INFO - HTTP Request: POST https://api.telegram.org/bot7679333451:AAGmlWKFP5uSjmUmuqGR0RIHcmuVoyt8A1g/getUpdates "HTTP/1.1 200 OK"
2025-05-08 19:22:16,639 - INFO - HTTP Request: POST https://api.telegram.org/bot7679333451:AAGmlWKFP5uSjmUmuqGR0RIHcmuVoyt8A1g/getUpdates "HTTP/1.1 200 OK"
2025-05-08 19:22:26,821 - INFO - HTTP Request: POST https://api.telegram.org/bot7679333451:AAGmlWKFP5uSjmUmuqGR0RIHcmuVoyt8A1g/getUpdates "HTTP/1.1 200 OK"
2025-05-08 19:22:37,005 - INFO - HTTP Request: POST https://api.telegram.org/bot7679333451:AAGmlWKFP5uSjmUmuqGR0RIHcmuVoyt8A1g/getUpdates "HTTP/1.1 200 OK"
2025-05-08 19:22:47,193 - INFO - HTTP Request: POST https://api.telegram.org/bot7679333451:AAGmlWKFP5uSjmUmuqGR0RIHcmuVoyt8A1g/getUpdates "HTTP/1.1 200 OK"
2025-05-08 19:22:57,384 - INFO - HTTP Request: POST https://api.telegram.org/bot7679333451:AAGmlWKFP5uSjmUmuqGR0RIHcmuVoyt8A1g/getUpdates "HTTP/1.1 200 OK"
2025-05-08 19:23:07,566 - INFO - HTTP Request: POST https://api.telegram.org/bot7679333451:AAGmlWKFP5uSjmUmuqGR0RIHcmuVoyt8A1g/getUpdates "HTTP/1.1 200 OK"
2025-05-08 19:23:17,749 - INFO - HTTP Request: POST https://api.telegram.org/bot7679333451:AAGmlWKFP5uSjmUmuqGR0RIHcmuVoyt8A1g/getUpdates "HTTP/1.1 200 OK"
2025-05-08 19:23:27,931 - INFO - HTTP Request: POST https://api.telegram.org/bot7679333451:AAGmlWKFP5uSjmUmuqGR0RIHcmuVoyt8A1g/getUpdates "HTTP/1.1 200 OK"
2025-05-08 19:23:38,126 - INFO - HTTP Request: POST https://api.telegram.org/bot7679333451:AAGmlWKFP5uSjmUmuqGR0RIHcmuVoyt8A1g/getUpdates "HTTP/1.1 200 OK"
2025-05-08 19:23:48,310 - INFO - HTTP Request: POST https://api.telegram.org/bot7679333451:AAGmlWKFP5uSjmUmuqGR0RIHcmuVoyt8A1g/getUpdates "HTTP/1.1 200 OK"
2025-05-08 19:23:58,493 - INFO - HTTP Request: POST https://api.telegram.org/bot7679333451:AAGmlWKFP5uSjmUmuqGR0RIHcmuVoyt8A1g/getUpdates "HTTP/1.1 200 OK"
2025-05-08 19:24:08,678 - INFO - HTTP Request: POST https://api.telegram.org/bot7679333451:AAGmlWKFP5uSjmUmuqGR0RIHcmuVoyt8A1g/getUpdates "HTTP/1.1 200 OK"
2025-05-08 19:24:18,864 - INFO - HTTP Request: POST https://api.telegram.org/bot7679333451:AAGmlWKFP5uSjmUmuqGR0RIHcmuVoyt8A1g/getUpdates "HTTP/1.1 200 OK"
2025-05-08 19:24:29,048 - INFO - HTTP Request: POST https://api.telegram.org/bot7679333451:AAGmlWKFP5uSjmUmuqGR0RIHcmuVoyt8A1g/getUpdates "HTTP/1.1 200 OK"
2025-05-08 19:24:39,245 - INFO - HTTP Request: POST https://api.telegram.org/bot7679333451:AAGmlWKFP5uSjmUmuqGR0RIHcmuVoyt8A1g/getUpdates "HTTP/1.1 200 OK"
2025-05-08 19:24:49,428 - INFO - HTTP Request: POST https://api.telegram.org/bot7679333451:AAGmlWKFP5uSjmUmuqGR0RIHcmuVoyt8A1g/getUpdates "HTTP/1.1 200 OK"
2025-05-08 19:24:59,609 - INFO - HTTP Request: POST https://api.telegram.org/bot7679333451:AAGmlWKFP5uSjmUmuqGR0RIHcmuVoyt8A1g/getUpdates "HTTP/1.1 200 OK"
2025-05-08 19:25:09,798 - INFO - HTTP Request: POST https://api.telegram.org/bot7679333451:AAGmlWKFP5uSjmUmuqGR0RIHcmuVoyt8A1g/getUpdates "HTTP/1.1 200 OK"
2025-05-08 19:25:19,982 - INFO - HTTP Request: POST https://api.telegram.org/bot7679333451:AAGmlWKFP5uSjmUmuqGR0RIHcmuVoyt8A1g/getUpdates "HTTP/1.1 200 OK"
2025-05-08 19:25:30,164 - INFO - HTTP Request: POST https://api.telegram.org/bot7679333451:AAGmlWKFP5uSjmUmuqGR0RIHcmuVoyt8A1g/getUpdates "HTTP/1.1 200 OK"
2025-05-08 19:25:40,370 - INFO - HTTP Request: POST https://api.telegram.org/bot7679333451:AAGmlWKFP5uSjmUmuqGR0RIHcmuVoyt8A1g/getUpdates "HTTP/1.1 200 OK"
2025-05-08 19:25:50,555 - INFO - HTTP Request: POST https://api.telegram.org/bot7679333451:AAGmlWKFP5uSjmUmuqGR0RIHcmuVoyt8A1g/getUpdates "HTTP/1.1 200 OK"
2025-05-08 19:26:00,744 - INFO - HTTP Request: POST https://api.telegram.org/bot7679333451:AAGmlWKFP5uSjmUmuqGR0RIHcmuVoyt8A1g/getUpdates "HTTP/1.1 200 OK"
2025-05-08 19:26:10,925 - INFO - HTTP Request: POST https://api.telegram.org/bot7679333451:AAGmlWKFP5uSjmUmuqGR0RIHcmuVoyt8A1g/getUpdates "HTTP/1.1 200 OK"
2025-05-08 19:26:21,108 - INFO - HTTP Request: POST https://api.telegram.org/bot7679333451:AAGmlWKFP5uSjmUmuqGR0RIHcmuVoyt8A1g/getUpdates "HTTP/1.1 200 OK"
2025-05-08 19:26:31,291 - INFO - HTTP Request: POST https://api.telegram.org/bot7679333451:AAGmlWKFP5uSjmUmuqGR0RIHcmuVoyt8A1g/getUpdates "HTTP/1.1 200 OK"
2025-05-08 19:26:41,475 - INFO - HTTP Request: POST https://api.telegram.org/bot7679333451:AAGmlWKFP5uSjmUmuqGR0RIHcmuVoyt8A1g/getUpdates "HTTP/1.1 200 OK"
2025-05-08 19:26:51,659 - INFO - HTTP Request: POST https://api.telegram.org/bot7679333451:AAGmlWKFP5uSjmUmuqGR0RIHcmuVoyt8A1g/getUpdates "HTTP/1.1 200 OK"
2025-05-08 19:27:01,844 - INFO - HTTP Request: POST https://api.telegram.org/bot7679333451:AAGmlWKFP5uSjmUmuqGR0RIHcmuVoyt8A1g/getUpdates "HTTP/1.1 200 OK"
2025-05-08 19:27:12,031 - INFO - HTTP Request: POST https://api.telegram.org/bot7679333451:AAGmlWKFP5uSjmUmuqGR0RIHcmuVoyt8A1g/getUpdates "HTTP/1.1 200 OK"
2025-05-08 19:27:22,215 - INFO - HTTP Request: POST https://api.telegram.org/bot7679333451:AAGmlWKFP5uSjmUmuqGR0RIHcmuVoyt8A1g/getUpdates "HTTP/1.1 200 OK"
2025-05-08 19:27:32,396 - INFO - HTTP Request: POST https://api.telegram.org/bot7679333451:AAGmlWKFP5uSjmUmuqGR0RIHcmuVoyt8A1g/getUpdates "HTTP/1.1 200 OK"
2025-05-08 19:27:42,577 - INFO - HTTP Request: POST https://api.telegram.org/bot7679333451:AAGmlWKFP5uSjmUmuqGR0RIHcmuVoyt8A1g/getUpdates "HTTP/1.1 200 OK"
2025-05-08 19:27:52,762 - INFO - HTTP Request: POST https://api.telegram.org/bot7679333451:AAGmlWKFP5uSjmUmuqGR0RIHcmuVoyt8A1g/getUpdates "HTTP/1.1 200 OK"
2025-05-08 19:28:02,943 - INFO - HTTP Request: POST https://api.telegram.org/bot7679333451:AAGmlWKFP5uSjmUmuqGR0RIHcmuVoyt8A1g/getUpdates "HTTP/1.1 200 OK"
2025-05-08 19:28:13,130 - INFO - HTTP Request: POST https://api.telegram.org/bot7679333451:AAGmlWKFP5uSjmUmuqGR0RIHcmuVoyt8A1g/getUpdates "HTTP/1.1 200 OK"
2025-05-08 19:28:23,316 - INFO - HTTP Request: POST https://api.telegram.org/bot7679333451:AAGmlWKFP5uSjmUmuqGR0RIHcmuVoyt8A1g/getUpdates "HTTP/1.1 200 OK"
2025-05-08 19:28:33,502 - INFO - HTTP Request: POST https://api.telegram.org/bot7679333451:AAGmlWKFP5uSjmUmuqGR0RIHcmuVoyt8A1g/getUpdates "HTTP/1.1 200 OK"
2025-05-08 19:28:43,686 - INFO - HTTP Request: POST https://api.telegram.org/bot7679333451:AAGmlWKFP5uSjmUmuqGR0RIHcmuVoyt8A1g/getUpdates "HTTP/1.1 200 OK"
2025-05-08 19:28:53,871 - INFO - HTTP Request: POST https://api.telegram.org/bot7679333451:AAGmlWKFP5uSjmUmuqGR0RIHcmuVoyt8A1g/getUpdates "HTTP/1.1 200 OK"
2025-05-08 19:29:04,057 - INFO - HTTP Request: POST https://api.telegram.org/bot7679333451:AAGmlWKFP5uSjmUmuqGR0RIHcmuVoyt8A1g/getUpdates "HTTP/1.1 200 OK"
2025-05-08 19:29:14,246 - INFO - HTTP Request: POST https://api.telegram.org/bot7679333451:AAGmlWKFP5uSjmUmuqGR0RIHcmuVoyt8A1g/getUpdates "HTTP/1.1 200 OK"
2025-05-08 19:29:24,433 - INFO - HTTP Request: POST https://api.telegram.org/bot7679333451:AAGmlWKFP5uSjmUmuqGR0RIHcmuVoyt8A1g/getUpdates "HTTP/1.1 200 OK"
2025-05-08 19:29:39,534 - ERROR - No error handlers are registered, logging exception.
Traceback (most recent call last):
  File "c:\Users\ariyo\AppData\Local\Programs\Python\Python313\Lib\site-packages\httpx\_transports\default.py", line 101, in map_httpcore_exceptions
    yield
  File "c:\Users\ariyo\AppData\Local\Programs\Python\Python313\Lib\site-packages\httpx\_transports\default.py", line 394, in handle_async_request
    resp = await self._pool.handle_async_request(req)
           ^^^^^^^^^^^^^^^^^^^^^^^^^^^^^^^^^^^^^^^^^^
  File "c:\Users\ariyo\AppData\Local\Programs\Python\Python313\Lib\site-packages\httpcore\_async\connection_pool.py", line 256, in handle_async_request
    raise exc from None
  File "c:\Users\ariyo\AppData\Local\Programs\Python\Python313\Lib\site-packages\httpcore\_async\connection_pool.py", line 236, in handle_async_request
    response = await connection.handle_async_request(
               ^^^^^^^^^^^^^^^^^^^^^^^^^^^^^^^^^^^^^^
        pool_request.request
        ^^^^^^^^^^^^^^^^^^^^
    )
    ^
  File "c:\Users\ariyo\AppData\Local\Programs\Python\Python313\Lib\site-packages\httpcore\_async\connection.py", line 101, in handle_async_request
    raise exc
  File "c:\Users\ariyo\AppData\Local\Programs\Python\Python313\Lib\site-packages\httpcore\_async\connection.py", line 78, in handle_async_request
    stream = await self._connect(request)
             ^^^^^^^^^^^^^^^^^^^^^^^^^^^^
  File "c:\Users\ariyo\AppData\Local\Programs\Python\Python313\Lib\site-packages\httpcore\_async\connection.py", line 124, in _connect
    stream = await self._network_backend.connect_tcp(**kwargs)
             ^^^^^^^^^^^^^^^^^^^^^^^^^^^^^^^^^^^^^^^^^^^^^^^^^
  File "c:\Users\ariyo\AppData\Local\Programs\Python\Python313\Lib\site-packages\httpcore\_backends\auto.py", line 31, in connect_tcp
    return await self._backend.connect_tcp(
           ^^^^^^^^^^^^^^^^^^^^^^^^^^^^^^^^
    ...<5 lines>...
    )
    ^
  File "c:\Users\ariyo\AppData\Local\Programs\Python\Python313\Lib\site-packages\httpcore\_backends\anyio.py", line 113, in connect_tcp
    with map_exceptions(exc_map):
         ~~~~~~~~~~~~~~^^^^^^^^^
  File "c:\Users\ariyo\AppData\Local\Programs\Python\Python313\Lib\contextlib.py", line 162, in __exit__
    self.gen.throw(value)
    ~~~~~~~~~~~~~~^^^^^^^
  File "c:\Users\ariyo\AppData\Local\Programs\Python\Python313\Lib\site-packages\httpcore\_exceptions.py", line 14, in map_exceptions
    raise to_exc(exc) from exc
httpcore.ConnectError: [Errno 11001] getaddrinfo failed

The above exception was the direct cause of the following exception:

Traceback (most recent call last):
  File "c:\Users\ariyo\AppData\Local\Programs\Python\Python313\Lib\site-packages\telegram\request\_httpxrequest.py", line 277, in do_request
    res = await self._client.request(
          ^^^^^^^^^^^^^^^^^^^^^^^^^^^
    ...<6 lines>...
    )
    ^
  File "c:\Users\ariyo\AppData\Local\Programs\Python\Python313\Lib\site-packages\httpx\_client.py", line 1540, in request
    return await self.send(request, auth=auth, follow_redirects=follow_redirects)
           ^^^^^^^^^^^^^^^^^^^^^^^^^^^^^^^^^^^^^^^^^^^^^^^^^^^^^^^^^^^^^^^^^^^^^^
  File "c:\Users\ariyo\AppData\Local\Programs\Python\Python313\Lib\site-packages\httpx\_client.py", line 1629, in send
    response = await self._send_handling_auth(
               ^^^^^^^^^^^^^^^^^^^^^^^^^^^^^^^
    ...<4 lines>...
    )
    ^
  File "c:\Users\ariyo\AppData\Local\Programs\Python\Python313\Lib\site-packages\httpx\_client.py", line 1657, in _send_handling_auth
    response = await self._send_handling_redirects(
               ^^^^^^^^^^^^^^^^^^^^^^^^^^^^^^^^^^^^
    ...<3 lines>...
    )
    ^
  File "c:\Users\ariyo\AppData\Local\Programs\Python\Python313\Lib\site-packages\httpx\_client.py", line 1694, in _send_handling_redirects
    response = await self._send_single_request(request)
               ^^^^^^^^^^^^^^^^^^^^^^^^^^^^^^^^^^^^^^^^
  File "c:\Users\ariyo\AppData\Local\Programs\Python\Python313\Lib\site-packages\httpx\_client.py", line 1730, in _send_single_request
    response = await transport.handle_async_request(request)
               ^^^^^^^^^^^^^^^^^^^^^^^^^^^^^^^^^^^^^^^^^^^^^
  File "c:\Users\ariyo\AppData\Local\Programs\Python\Python313\Lib\site-packages\httpx\_transports\default.py", line 393, in handle_async_request
    with map_httpcore_exceptions():
         ~~~~~~~~~~~~~~~~~~~~~~~^^
  File "c:\Users\ariyo\AppData\Local\Programs\Python\Python313\Lib\contextlib.py", line 162, in __exit__
    self.gen.throw(value)
    ~~~~~~~~~~~~~~^^^^^^^
  File "c:\Users\ariyo\AppData\Local\Programs\Python\Python313\Lib\site-packages\httpx\_transports\default.py", line 118, in map_httpcore_exceptions
    raise mapped_exc(message) from exc
httpx.ConnectError: [Errno 11001] getaddrinfo failed

The above exception was the direct cause of the following exception:

Traceback (most recent call last):
  File "c:\Users\ariyo\AppData\Local\Programs\Python\Python313\Lib\site-packages\telegram\ext\_utils\networkloop.py", line 115, in network_retry_loop
    if not await do_action():
           ^^^^^^^^^^^^^^^^^
  File "c:\Users\ariyo\AppData\Local\Programs\Python\Python313\Lib\site-packages\telegram\ext\_utils\networkloop.py", line 108, in do_action
    return action_cb_task.result()
           ~~~~~~~~~~~~~~~~~~~~~^^
  File "c:\Users\ariyo\AppData\Local\Programs\Python\Python313\Lib\site-packages\telegram\ext\_updater.py", line 335, in polling_action_cb
    updates = await self.bot.get_updates(
              ^^^^^^^^^^^^^^^^^^^^^^^^^^^
    ...<3 lines>...
    )
    ^
  File "c:\Users\ariyo\AppData\Local\Programs\Python\Python313\Lib\site-packages\telegram\ext\_extbot.py", line 658, in get_updates
    updates = await super().get_updates(
              ^^^^^^^^^^^^^^^^^^^^^^^^^^
    ...<9 lines>...
    )
    ^
  File "c:\Users\ariyo\AppData\Local\Programs\Python\Python313\Lib\site-packages\telegram\_bot.py", line 4593, in get_updates
    await self._post(
    ^^^^^^^^^^^^^^^^^
    ...<7 lines>...
    ),
    ^
  File "c:\Users\ariyo\AppData\Local\Programs\Python\Python313\Lib\site-packages\telegram\_bot.py", line 691, in _post
    return await self._do_post(
           ^^^^^^^^^^^^^^^^^^^^
    ...<6 lines>...
    )
    ^
  File "c:\Users\ariyo\AppData\Local\Programs\Python\Python313\Lib\site-packages\telegram\ext\_extbot.py", line 362, in _do_post
    return await super()._do_post(
           ^^^^^^^^^^^^^^^^^^^^^^^
    ...<6 lines>...
    )
    ^
  File "c:\Users\ariyo\AppData\Local\Programs\Python\Python313\Lib\site-packages\telegram\_bot.py", line 720, in _do_post
    result = await request.post(
             ^^^^^^^^^^^^^^^^^^^
    ...<6 lines>...
    )
    ^
  File "c:\Users\ariyo\AppData\Local\Programs\Python\Python313\Lib\site-packages\telegram\request\_baserequest.py", line 197, in post
    result = await self._request_wrapper(
             ^^^^^^^^^^^^^^^^^^^^^^^^^^^^
    ...<7 lines>...
    )
    ^
  File "c:\Users\ariyo\AppData\Local\Programs\Python\Python313\Lib\site-packages\telegram\request\_baserequest.py", line 304, in _request_wrapper
    code, payload = await self.do_request(
                    ^^^^^^^^^^^^^^^^^^^^^^
    ...<7 lines>...
    )
    ^
  File "c:\Users\ariyo\AppData\Local\Programs\Python\Python313\Lib\site-packages\telegram\request\_httpxrequest.py", line 301, in do_request
    raise NetworkError(f"httpx.{err.__class__.__name__}: {err}") from err
telegram.error.NetworkError: httpx.ConnectError: [Errno 11001] getaddrinfo failed
2025-05-08 19:29:40,547 - ERROR - No error handlers are registered, logging exception.
Traceback (most recent call last):
  File "c:\Users\ariyo\AppData\Local\Programs\Python\Python313\Lib\site-packages\httpx\_transports\default.py", line 101, in map_httpcore_exceptions
    yield
  File "c:\Users\ariyo\AppData\Local\Programs\Python\Python313\Lib\site-packages\httpx\_transports\default.py", line 394, in handle_async_request
    resp = await self._pool.handle_async_request(req)
           ^^^^^^^^^^^^^^^^^^^^^^^^^^^^^^^^^^^^^^^^^^
  File "c:\Users\ariyo\AppData\Local\Programs\Python\Python313\Lib\site-packages\httpcore\_async\connection_pool.py", line 256, in handle_async_request
    raise exc from None
  File "c:\Users\ariyo\AppData\Local\Programs\Python\Python313\Lib\site-packages\httpcore\_async\connection_pool.py", line 236, in handle_async_request
    response = await connection.handle_async_request(
               ^^^^^^^^^^^^^^^^^^^^^^^^^^^^^^^^^^^^^^
        pool_request.request
        ^^^^^^^^^^^^^^^^^^^^
    )
    ^
  File "c:\Users\ariyo\AppData\Local\Programs\Python\Python313\Lib\site-packages\httpcore\_async\connection.py", line 101, in handle_async_request
    raise exc
  File "c:\Users\ariyo\AppData\Local\Programs\Python\Python313\Lib\site-packages\httpcore\_async\connection.py", line 78, in handle_async_request
    stream = await self._connect(request)
             ^^^^^^^^^^^^^^^^^^^^^^^^^^^^
  File "c:\Users\ariyo\AppData\Local\Programs\Python\Python313\Lib\site-packages\httpcore\_async\connection.py", line 124, in _connect
    stream = await self._network_backend.connect_tcp(**kwargs)
             ^^^^^^^^^^^^^^^^^^^^^^^^^^^^^^^^^^^^^^^^^^^^^^^^^
  File "c:\Users\ariyo\AppData\Local\Programs\Python\Python313\Lib\site-packages\httpcore\_backends\auto.py", line 31, in connect_tcp
    return await self._backend.connect_tcp(
           ^^^^^^^^^^^^^^^^^^^^^^^^^^^^^^^^
    ...<5 lines>...
    )
    ^
  File "c:\Users\ariyo\AppData\Local\Programs\Python\Python313\Lib\site-packages\httpcore\_backends\anyio.py", line 113, in connect_tcp
    with map_exceptions(exc_map):
         ~~~~~~~~~~~~~~^^^^^^^^^
  File "c:\Users\ariyo\AppData\Local\Programs\Python\Python313\Lib\contextlib.py", line 162, in __exit__
    self.gen.throw(value)
    ~~~~~~~~~~~~~~^^^^^^^
  File "c:\Users\ariyo\AppData\Local\Programs\Python\Python313\Lib\site-packages\httpcore\_exceptions.py", line 14, in map_exceptions
    raise to_exc(exc) from exc
httpcore.ConnectError: [Errno 11001] getaddrinfo failed

The above exception was the direct cause of the following exception:

Traceback (most recent call last):
  File "c:\Users\ariyo\AppData\Local\Programs\Python\Python313\Lib\site-packages\telegram\request\_httpxrequest.py", line 277, in do_request
    res = await self._client.request(
          ^^^^^^^^^^^^^^^^^^^^^^^^^^^
    ...<6 lines>...
    )
    ^
  File "c:\Users\ariyo\AppData\Local\Programs\Python\Python313\Lib\site-packages\httpx\_client.py", line 1540, in request
    return await self.send(request, auth=auth, follow_redirects=follow_redirects)
           ^^^^^^^^^^^^^^^^^^^^^^^^^^^^^^^^^^^^^^^^^^^^^^^^^^^^^^^^^^^^^^^^^^^^^^
  File "c:\Users\ariyo\AppData\Local\Programs\Python\Python313\Lib\site-packages\httpx\_client.py", line 1629, in send
    response = await self._send_handling_auth(
               ^^^^^^^^^^^^^^^^^^^^^^^^^^^^^^^
    ...<4 lines>...
    )
    ^
  File "c:\Users\ariyo\AppData\Local\Programs\Python\Python313\Lib\site-packages\httpx\_client.py", line 1657, in _send_handling_auth
    response = await self._send_handling_redirects(
               ^^^^^^^^^^^^^^^^^^^^^^^^^^^^^^^^^^^^
    ...<3 lines>...
    )
    ^
  File "c:\Users\ariyo\AppData\Local\Programs\Python\Python313\Lib\site-packages\httpx\_client.py", line 1694, in _send_handling_redirects
    response = await self._send_single_request(request)
               ^^^^^^^^^^^^^^^^^^^^^^^^^^^^^^^^^^^^^^^^
  File "c:\Users\ariyo\AppData\Local\Programs\Python\Python313\Lib\site-packages\httpx\_client.py", line 1730, in _send_single_request
    response = await transport.handle_async_request(request)
               ^^^^^^^^^^^^^^^^^^^^^^^^^^^^^^^^^^^^^^^^^^^^^
  File "c:\Users\ariyo\AppData\Local\Programs\Python\Python313\Lib\site-packages\httpx\_transports\default.py", line 393, in handle_async_request
    with map_httpcore_exceptions():
         ~~~~~~~~~~~~~~~~~~~~~~~^^
  File "c:\Users\ariyo\AppData\Local\Programs\Python\Python313\Lib\contextlib.py", line 162, in __exit__
    self.gen.throw(value)
    ~~~~~~~~~~~~~~^^^^^^^
  File "c:\Users\ariyo\AppData\Local\Programs\Python\Python313\Lib\site-packages\httpx\_transports\default.py", line 118, in map_httpcore_exceptions
    raise mapped_exc(message) from exc
httpx.ConnectError: [Errno 11001] getaddrinfo failed

The above exception was the direct cause of the following exception:

Traceback (most recent call last):
  File "c:\Users\ariyo\AppData\Local\Programs\Python\Python313\Lib\site-packages\telegram\ext\_utils\networkloop.py", line 115, in network_retry_loop
    if not await do_action():
           ^^^^^^^^^^^^^^^^^
  File "c:\Users\ariyo\AppData\Local\Programs\Python\Python313\Lib\site-packages\telegram\ext\_utils\networkloop.py", line 108, in do_action
    return action_cb_task.result()
           ~~~~~~~~~~~~~~~~~~~~~^^
  File "c:\Users\ariyo\AppData\Local\Programs\Python\Python313\Lib\site-packages\telegram\ext\_updater.py", line 335, in polling_action_cb
    updates = await self.bot.get_updates(
              ^^^^^^^^^^^^^^^^^^^^^^^^^^^
    ...<3 lines>...
    )
    ^
  File "c:\Users\ariyo\AppData\Local\Programs\Python\Python313\Lib\site-packages\telegram\ext\_extbot.py", line 658, in get_updates
    updates = await super().get_updates(
              ^^^^^^^^^^^^^^^^^^^^^^^^^^
    ...<9 lines>...
    )
    ^
  File "c:\Users\ariyo\AppData\Local\Programs\Python\Python313\Lib\site-packages\telegram\_bot.py", line 4593, in get_updates
    await self._post(
    ^^^^^^^^^^^^^^^^^
    ...<7 lines>...
    ),
    ^
  File "c:\Users\ariyo\AppData\Local\Programs\Python\Python313\Lib\site-packages\telegram\_bot.py", line 691, in _post
    return await self._do_post(
           ^^^^^^^^^^^^^^^^^^^^
    ...<6 lines>...
    )
    ^
  File "c:\Users\ariyo\AppData\Local\Programs\Python\Python313\Lib\site-packages\telegram\ext\_extbot.py", line 362, in _do_post
    return await super()._do_post(
           ^^^^^^^^^^^^^^^^^^^^^^^
    ...<6 lines>...
    )
    ^
  File "c:\Users\ariyo\AppData\Local\Programs\Python\Python313\Lib\site-packages\telegram\_bot.py", line 720, in _do_post
    result = await request.post(
             ^^^^^^^^^^^^^^^^^^^
    ...<6 lines>...
    )
    ^
  File "c:\Users\ariyo\AppData\Local\Programs\Python\Python313\Lib\site-packages\telegram\request\_baserequest.py", line 197, in post
    result = await self._request_wrapper(
             ^^^^^^^^^^^^^^^^^^^^^^^^^^^^
    ...<7 lines>...
    )
    ^
  File "c:\Users\ariyo\AppData\Local\Programs\Python\Python313\Lib\site-packages\telegram\request\_baserequest.py", line 304, in _request_wrapper
    code, payload = await self.do_request(
                    ^^^^^^^^^^^^^^^^^^^^^^
    ...<7 lines>...
    )
    ^
  File "c:\Users\ariyo\AppData\Local\Programs\Python\Python313\Lib\site-packages\telegram\request\_httpxrequest.py", line 301, in do_request
    raise NetworkError(f"httpx.{err.__class__.__name__}: {err}") from err
telegram.error.NetworkError: httpx.ConnectError: [Errno 11001] getaddrinfo failed
2025-05-08 19:29:42,062 - ERROR - No error handlers are registered, logging exception.
Traceback (most recent call last):
  File "c:\Users\ariyo\AppData\Local\Programs\Python\Python313\Lib\site-packages\httpx\_transports\default.py", line 101, in map_httpcore_exceptions
    yield
  File "c:\Users\ariyo\AppData\Local\Programs\Python\Python313\Lib\site-packages\httpx\_transports\default.py", line 394, in handle_async_request
    resp = await self._pool.handle_async_request(req)
           ^^^^^^^^^^^^^^^^^^^^^^^^^^^^^^^^^^^^^^^^^^
  File "c:\Users\ariyo\AppData\Local\Programs\Python\Python313\Lib\site-packages\httpcore\_async\connection_pool.py", line 256, in handle_async_request
    raise exc from None
  File "c:\Users\ariyo\AppData\Local\Programs\Python\Python313\Lib\site-packages\httpcore\_async\connection_pool.py", line 236, in handle_async_request
    response = await connection.handle_async_request(
               ^^^^^^^^^^^^^^^^^^^^^^^^^^^^^^^^^^^^^^
        pool_request.request
        ^^^^^^^^^^^^^^^^^^^^
    )
    ^
  File "c:\Users\ariyo\AppData\Local\Programs\Python\Python313\Lib\site-packages\httpcore\_async\connection.py", line 101, in handle_async_request
    raise exc
  File "c:\Users\ariyo\AppData\Local\Programs\Python\Python313\Lib\site-packages\httpcore\_async\connection.py", line 78, in handle_async_request
    stream = await self._connect(request)
             ^^^^^^^^^^^^^^^^^^^^^^^^^^^^
  File "c:\Users\ariyo\AppData\Local\Programs\Python\Python313\Lib\site-packages\httpcore\_async\connection.py", line 124, in _connect
    stream = await self._network_backend.connect_tcp(**kwargs)
             ^^^^^^^^^^^^^^^^^^^^^^^^^^^^^^^^^^^^^^^^^^^^^^^^^
  File "c:\Users\ariyo\AppData\Local\Programs\Python\Python313\Lib\site-packages\httpcore\_backends\auto.py", line 31, in connect_tcp
    return await self._backend.connect_tcp(
           ^^^^^^^^^^^^^^^^^^^^^^^^^^^^^^^^
    ...<5 lines>...
    )
    ^
  File "c:\Users\ariyo\AppData\Local\Programs\Python\Python313\Lib\site-packages\httpcore\_backends\anyio.py", line 113, in connect_tcp
    with map_exceptions(exc_map):
         ~~~~~~~~~~~~~~^^^^^^^^^
  File "c:\Users\ariyo\AppData\Local\Programs\Python\Python313\Lib\contextlib.py", line 162, in __exit__
    self.gen.throw(value)
    ~~~~~~~~~~~~~~^^^^^^^
  File "c:\Users\ariyo\AppData\Local\Programs\Python\Python313\Lib\site-packages\httpcore\_exceptions.py", line 14, in map_exceptions
    raise to_exc(exc) from exc
httpcore.ConnectError: [Errno 11001] getaddrinfo failed

The above exception was the direct cause of the following exception:

Traceback (most recent call last):
  File "c:\Users\ariyo\AppData\Local\Programs\Python\Python313\Lib\site-packages\telegram\request\_httpxrequest.py", line 277, in do_request
    res = await self._client.request(
          ^^^^^^^^^^^^^^^^^^^^^^^^^^^
    ...<6 lines>...
    )
    ^
  File "c:\Users\ariyo\AppData\Local\Programs\Python\Python313\Lib\site-packages\httpx\_client.py", line 1540, in request
    return await self.send(request, auth=auth, follow_redirects=follow_redirects)
           ^^^^^^^^^^^^^^^^^^^^^^^^^^^^^^^^^^^^^^^^^^^^^^^^^^^^^^^^^^^^^^^^^^^^^^
  File "c:\Users\ariyo\AppData\Local\Programs\Python\Python313\Lib\site-packages\httpx\_client.py", line 1629, in send
    response = await self._send_handling_auth(
               ^^^^^^^^^^^^^^^^^^^^^^^^^^^^^^^
    ...<4 lines>...
    )
    ^
  File "c:\Users\ariyo\AppData\Local\Programs\Python\Python313\Lib\site-packages\httpx\_client.py", line 1657, in _send_handling_auth
    response = await self._send_handling_redirects(
               ^^^^^^^^^^^^^^^^^^^^^^^^^^^^^^^^^^^^
    ...<3 lines>...
    )
    ^
  File "c:\Users\ariyo\AppData\Local\Programs\Python\Python313\Lib\site-packages\httpx\_client.py", line 1694, in _send_handling_redirects
    response = await self._send_single_request(request)
               ^^^^^^^^^^^^^^^^^^^^^^^^^^^^^^^^^^^^^^^^
  File "c:\Users\ariyo\AppData\Local\Programs\Python\Python313\Lib\site-packages\httpx\_client.py", line 1730, in _send_single_request
    response = await transport.handle_async_request(request)
               ^^^^^^^^^^^^^^^^^^^^^^^^^^^^^^^^^^^^^^^^^^^^^
  File "c:\Users\ariyo\AppData\Local\Programs\Python\Python313\Lib\site-packages\httpx\_transports\default.py", line 393, in handle_async_request
    with map_httpcore_exceptions():
         ~~~~~~~~~~~~~~~~~~~~~~~^^
  File "c:\Users\ariyo\AppData\Local\Programs\Python\Python313\Lib\contextlib.py", line 162, in __exit__
    self.gen.throw(value)
    ~~~~~~~~~~~~~~^^^^^^^
  File "c:\Users\ariyo\AppData\Local\Programs\Python\Python313\Lib\site-packages\httpx\_transports\default.py", line 118, in map_httpcore_exceptions
    raise mapped_exc(message) from exc
httpx.ConnectError: [Errno 11001] getaddrinfo failed

The above exception was the direct cause of the following exception:

Traceback (most recent call last):
  File "c:\Users\ariyo\AppData\Local\Programs\Python\Python313\Lib\site-packages\telegram\ext\_utils\networkloop.py", line 115, in network_retry_loop
    if not await do_action():
           ^^^^^^^^^^^^^^^^^
  File "c:\Users\ariyo\AppData\Local\Programs\Python\Python313\Lib\site-packages\telegram\ext\_utils\networkloop.py", line 108, in do_action
    return action_cb_task.result()
           ~~~~~~~~~~~~~~~~~~~~~^^
  File "c:\Users\ariyo\AppData\Local\Programs\Python\Python313\Lib\site-packages\telegram\ext\_updater.py", line 335, in polling_action_cb
    updates = await self.bot.get_updates(
              ^^^^^^^^^^^^^^^^^^^^^^^^^^^
    ...<3 lines>...
    )
    ^
  File "c:\Users\ariyo\AppData\Local\Programs\Python\Python313\Lib\site-packages\telegram\ext\_extbot.py", line 658, in get_updates
    updates = await super().get_updates(
              ^^^^^^^^^^^^^^^^^^^^^^^^^^
    ...<9 lines>...
    )
    ^
  File "c:\Users\ariyo\AppData\Local\Programs\Python\Python313\Lib\site-packages\telegram\_bot.py", line 4593, in get_updates
    await self._post(
    ^^^^^^^^^^^^^^^^^
    ...<7 lines>...
    ),
    ^
  File "c:\Users\ariyo\AppData\Local\Programs\Python\Python313\Lib\site-packages\telegram\_bot.py", line 691, in _post
    return await self._do_post(
           ^^^^^^^^^^^^^^^^^^^^
    ...<6 lines>...
    )
    ^
  File "c:\Users\ariyo\AppData\Local\Programs\Python\Python313\Lib\site-packages\telegram\ext\_extbot.py", line 362, in _do_post
    return await super()._do_post(
           ^^^^^^^^^^^^^^^^^^^^^^^
    ...<6 lines>...
    )
    ^
  File "c:\Users\ariyo\AppData\Local\Programs\Python\Python313\Lib\site-packages\telegram\_bot.py", line 720, in _do_post
    result = await request.post(
             ^^^^^^^^^^^^^^^^^^^
    ...<6 lines>...
    )
    ^
  File "c:\Users\ariyo\AppData\Local\Programs\Python\Python313\Lib\site-packages\telegram\request\_baserequest.py", line 197, in post
    result = await self._request_wrapper(
             ^^^^^^^^^^^^^^^^^^^^^^^^^^^^
    ...<7 lines>...
    )
    ^
  File "c:\Users\ariyo\AppData\Local\Programs\Python\Python313\Lib\site-packages\telegram\request\_baserequest.py", line 304, in _request_wrapper
    code, payload = await self.do_request(
                    ^^^^^^^^^^^^^^^^^^^^^^
    ...<7 lines>...
    )
    ^
  File "c:\Users\ariyo\AppData\Local\Programs\Python\Python313\Lib\site-packages\telegram\request\_httpxrequest.py", line 301, in do_request
    raise NetworkError(f"httpx.{err.__class__.__name__}: {err}") from err
telegram.error.NetworkError: httpx.ConnectError: [Errno 11001] getaddrinfo failed
2025-05-08 19:29:44,322 - ERROR - No error handlers are registered, logging exception.
Traceback (most recent call last):
  File "c:\Users\ariyo\AppData\Local\Programs\Python\Python313\Lib\site-packages\httpx\_transports\default.py", line 101, in map_httpcore_exceptions
    yield
  File "c:\Users\ariyo\AppData\Local\Programs\Python\Python313\Lib\site-packages\httpx\_transports\default.py", line 394, in handle_async_request
    resp = await self._pool.handle_async_request(req)
           ^^^^^^^^^^^^^^^^^^^^^^^^^^^^^^^^^^^^^^^^^^
  File "c:\Users\ariyo\AppData\Local\Programs\Python\Python313\Lib\site-packages\httpcore\_async\connection_pool.py", line 256, in handle_async_request
    raise exc from None
  File "c:\Users\ariyo\AppData\Local\Programs\Python\Python313\Lib\site-packages\httpcore\_async\connection_pool.py", line 236, in handle_async_request
    response = await connection.handle_async_request(
               ^^^^^^^^^^^^^^^^^^^^^^^^^^^^^^^^^^^^^^
        pool_request.request
        ^^^^^^^^^^^^^^^^^^^^
    )
    ^
  File "c:\Users\ariyo\AppData\Local\Programs\Python\Python313\Lib\site-packages\httpcore\_async\connection.py", line 101, in handle_async_request
    raise exc
  File "c:\Users\ariyo\AppData\Local\Programs\Python\Python313\Lib\site-packages\httpcore\_async\connection.py", line 78, in handle_async_request
    stream = await self._connect(request)
             ^^^^^^^^^^^^^^^^^^^^^^^^^^^^
  File "c:\Users\ariyo\AppData\Local\Programs\Python\Python313\Lib\site-packages\httpcore\_async\connection.py", line 124, in _connect
    stream = await self._network_backend.connect_tcp(**kwargs)
             ^^^^^^^^^^^^^^^^^^^^^^^^^^^^^^^^^^^^^^^^^^^^^^^^^
  File "c:\Users\ariyo\AppData\Local\Programs\Python\Python313\Lib\site-packages\httpcore\_backends\auto.py", line 31, in connect_tcp
    return await self._backend.connect_tcp(
           ^^^^^^^^^^^^^^^^^^^^^^^^^^^^^^^^
    ...<5 lines>...
    )
    ^
  File "c:\Users\ariyo\AppData\Local\Programs\Python\Python313\Lib\site-packages\httpcore\_backends\anyio.py", line 113, in connect_tcp
    with map_exceptions(exc_map):
         ~~~~~~~~~~~~~~^^^^^^^^^
  File "c:\Users\ariyo\AppData\Local\Programs\Python\Python313\Lib\contextlib.py", line 162, in __exit__
    self.gen.throw(value)
    ~~~~~~~~~~~~~~^^^^^^^
  File "c:\Users\ariyo\AppData\Local\Programs\Python\Python313\Lib\site-packages\httpcore\_exceptions.py", line 14, in map_exceptions
    raise to_exc(exc) from exc
httpcore.ConnectError: [Errno 11001] getaddrinfo failed

The above exception was the direct cause of the following exception:

Traceback (most recent call last):
  File "c:\Users\ariyo\AppData\Local\Programs\Python\Python313\Lib\site-packages\telegram\request\_httpxrequest.py", line 277, in do_request
    res = await self._client.request(
          ^^^^^^^^^^^^^^^^^^^^^^^^^^^
    ...<6 lines>...
    )
    ^
  File "c:\Users\ariyo\AppData\Local\Programs\Python\Python313\Lib\site-packages\httpx\_client.py", line 1540, in request
    return await self.send(request, auth=auth, follow_redirects=follow_redirects)
           ^^^^^^^^^^^^^^^^^^^^^^^^^^^^^^^^^^^^^^^^^^^^^^^^^^^^^^^^^^^^^^^^^^^^^^
  File "c:\Users\ariyo\AppData\Local\Programs\Python\Python313\Lib\site-packages\httpx\_client.py", line 1629, in send
    response = await self._send_handling_auth(
               ^^^^^^^^^^^^^^^^^^^^^^^^^^^^^^^
    ...<4 lines>...
    )
    ^
  File "c:\Users\ariyo\AppData\Local\Programs\Python\Python313\Lib\site-packages\httpx\_client.py", line 1657, in _send_handling_auth
    response = await self._send_handling_redirects(
               ^^^^^^^^^^^^^^^^^^^^^^^^^^^^^^^^^^^^
    ...<3 lines>...
    )
    ^
  File "c:\Users\ariyo\AppData\Local\Programs\Python\Python313\Lib\site-packages\httpx\_client.py", line 1694, in _send_handling_redirects
    response = await self._send_single_request(request)
               ^^^^^^^^^^^^^^^^^^^^^^^^^^^^^^^^^^^^^^^^
  File "c:\Users\ariyo\AppData\Local\Programs\Python\Python313\Lib\site-packages\httpx\_client.py", line 1730, in _send_single_request
    response = await transport.handle_async_request(request)
               ^^^^^^^^^^^^^^^^^^^^^^^^^^^^^^^^^^^^^^^^^^^^^
  File "c:\Users\ariyo\AppData\Local\Programs\Python\Python313\Lib\site-packages\httpx\_transports\default.py", line 393, in handle_async_request
    with map_httpcore_exceptions():
         ~~~~~~~~~~~~~~~~~~~~~~~^^
  File "c:\Users\ariyo\AppData\Local\Programs\Python\Python313\Lib\contextlib.py", line 162, in __exit__
    self.gen.throw(value)
    ~~~~~~~~~~~~~~^^^^^^^
  File "c:\Users\ariyo\AppData\Local\Programs\Python\Python313\Lib\site-packages\httpx\_transports\default.py", line 118, in map_httpcore_exceptions
    raise mapped_exc(message) from exc
httpx.ConnectError: [Errno 11001] getaddrinfo failed

The above exception was the direct cause of the following exception:

Traceback (most recent call last):
  File "c:\Users\ariyo\AppData\Local\Programs\Python\Python313\Lib\site-packages\telegram\ext\_utils\networkloop.py", line 115, in network_retry_loop
    if not await do_action():
           ^^^^^^^^^^^^^^^^^
  File "c:\Users\ariyo\AppData\Local\Programs\Python\Python313\Lib\site-packages\telegram\ext\_utils\networkloop.py", line 108, in do_action
    return action_cb_task.result()
           ~~~~~~~~~~~~~~~~~~~~~^^
  File "c:\Users\ariyo\AppData\Local\Programs\Python\Python313\Lib\site-packages\telegram\ext\_updater.py", line 335, in polling_action_cb
    updates = await self.bot.get_updates(
              ^^^^^^^^^^^^^^^^^^^^^^^^^^^
    ...<3 lines>...
    )
    ^
  File "c:\Users\ariyo\AppData\Local\Programs\Python\Python313\Lib\site-packages\telegram\ext\_extbot.py", line 658, in get_updates
    updates = await super().get_updates(
              ^^^^^^^^^^^^^^^^^^^^^^^^^^
    ...<9 lines>...
    )
    ^
  File "c:\Users\ariyo\AppData\Local\Programs\Python\Python313\Lib\site-packages\telegram\_bot.py", line 4593, in get_updates
    await self._post(
    ^^^^^^^^^^^^^^^^^
    ...<7 lines>...
    ),
    ^
  File "c:\Users\ariyo\AppData\Local\Programs\Python\Python313\Lib\site-packages\telegram\_bot.py", line 691, in _post
    return await self._do_post(
           ^^^^^^^^^^^^^^^^^^^^
    ...<6 lines>...
    )
    ^
  File "c:\Users\ariyo\AppData\Local\Programs\Python\Python313\Lib\site-packages\telegram\ext\_extbot.py", line 362, in _do_post
    return await super()._do_post(
           ^^^^^^^^^^^^^^^^^^^^^^^
    ...<6 lines>...
    )
    ^
  File "c:\Users\ariyo\AppData\Local\Programs\Python\Python313\Lib\site-packages\telegram\_bot.py", line 720, in _do_post
    result = await request.post(
             ^^^^^^^^^^^^^^^^^^^
    ...<6 lines>...
    )
    ^
  File "c:\Users\ariyo\AppData\Local\Programs\Python\Python313\Lib\site-packages\telegram\request\_baserequest.py", line 197, in post
    result = await self._request_wrapper(
             ^^^^^^^^^^^^^^^^^^^^^^^^^^^^
    ...<7 lines>...
    )
    ^
  File "c:\Users\ariyo\AppData\Local\Programs\Python\Python313\Lib\site-packages\telegram\request\_baserequest.py", line 304, in _request_wrapper
    code, payload = await self.do_request(
                    ^^^^^^^^^^^^^^^^^^^^^^
    ...<7 lines>...
    )
    ^
  File "c:\Users\ariyo\AppData\Local\Programs\Python\Python313\Lib\site-packages\telegram\request\_httpxrequest.py", line 301, in do_request
    raise NetworkError(f"httpx.{err.__class__.__name__}: {err}") from err
telegram.error.NetworkError: httpx.ConnectError: [Errno 11001] getaddrinfo failed
2025-05-08 19:29:47,716 - ERROR - No error handlers are registered, logging exception.
Traceback (most recent call last):
  File "c:\Users\ariyo\AppData\Local\Programs\Python\Python313\Lib\site-packages\httpx\_transports\default.py", line 101, in map_httpcore_exceptions
    yield
  File "c:\Users\ariyo\AppData\Local\Programs\Python\Python313\Lib\site-packages\httpx\_transports\default.py", line 394, in handle_async_request
    resp = await self._pool.handle_async_request(req)
           ^^^^^^^^^^^^^^^^^^^^^^^^^^^^^^^^^^^^^^^^^^
  File "c:\Users\ariyo\AppData\Local\Programs\Python\Python313\Lib\site-packages\httpcore\_async\connection_pool.py", line 256, in handle_async_request
    raise exc from None
  File "c:\Users\ariyo\AppData\Local\Programs\Python\Python313\Lib\site-packages\httpcore\_async\connection_pool.py", line 236, in handle_async_request
    response = await connection.handle_async_request(
               ^^^^^^^^^^^^^^^^^^^^^^^^^^^^^^^^^^^^^^
        pool_request.request
        ^^^^^^^^^^^^^^^^^^^^
    )
    ^
  File "c:\Users\ariyo\AppData\Local\Programs\Python\Python313\Lib\site-packages\httpcore\_async\connection.py", line 101, in handle_async_request
    raise exc
  File "c:\Users\ariyo\AppData\Local\Programs\Python\Python313\Lib\site-packages\httpcore\_async\connection.py", line 78, in handle_async_request
    stream = await self._connect(request)
             ^^^^^^^^^^^^^^^^^^^^^^^^^^^^
  File "c:\Users\ariyo\AppData\Local\Programs\Python\Python313\Lib\site-packages\httpcore\_async\connection.py", line 124, in _connect
    stream = await self._network_backend.connect_tcp(**kwargs)
             ^^^^^^^^^^^^^^^^^^^^^^^^^^^^^^^^^^^^^^^^^^^^^^^^^
  File "c:\Users\ariyo\AppData\Local\Programs\Python\Python313\Lib\site-packages\httpcore\_backends\auto.py", line 31, in connect_tcp
    return await self._backend.connect_tcp(
           ^^^^^^^^^^^^^^^^^^^^^^^^^^^^^^^^
    ...<5 lines>...
    )
    ^
  File "c:\Users\ariyo\AppData\Local\Programs\Python\Python313\Lib\site-packages\httpcore\_backends\anyio.py", line 113, in connect_tcp
    with map_exceptions(exc_map):
         ~~~~~~~~~~~~~~^^^^^^^^^
  File "c:\Users\ariyo\AppData\Local\Programs\Python\Python313\Lib\contextlib.py", line 162, in __exit__
    self.gen.throw(value)
    ~~~~~~~~~~~~~~^^^^^^^
  File "c:\Users\ariyo\AppData\Local\Programs\Python\Python313\Lib\site-packages\httpcore\_exceptions.py", line 14, in map_exceptions
    raise to_exc(exc) from exc
httpcore.ConnectError: [Errno 11001] getaddrinfo failed

The above exception was the direct cause of the following exception:

Traceback (most recent call last):
  File "c:\Users\ariyo\AppData\Local\Programs\Python\Python313\Lib\site-packages\telegram\request\_httpxrequest.py", line 277, in do_request
    res = await self._client.request(
          ^^^^^^^^^^^^^^^^^^^^^^^^^^^
    ...<6 lines>...
    )
    ^
  File "c:\Users\ariyo\AppData\Local\Programs\Python\Python313\Lib\site-packages\httpx\_client.py", line 1540, in request
    return await self.send(request, auth=auth, follow_redirects=follow_redirects)
           ^^^^^^^^^^^^^^^^^^^^^^^^^^^^^^^^^^^^^^^^^^^^^^^^^^^^^^^^^^^^^^^^^^^^^^
  File "c:\Users\ariyo\AppData\Local\Programs\Python\Python313\Lib\site-packages\httpx\_client.py", line 1629, in send
    response = await self._send_handling_auth(
               ^^^^^^^^^^^^^^^^^^^^^^^^^^^^^^^
    ...<4 lines>...
    )
    ^
  File "c:\Users\ariyo\AppData\Local\Programs\Python\Python313\Lib\site-packages\httpx\_client.py", line 1657, in _send_handling_auth
    response = await self._send_handling_redirects(
               ^^^^^^^^^^^^^^^^^^^^^^^^^^^^^^^^^^^^
    ...<3 lines>...
    )
    ^
  File "c:\Users\ariyo\AppData\Local\Programs\Python\Python313\Lib\site-packages\httpx\_client.py", line 1694, in _send_handling_redirects
    response = await self._send_single_request(request)
               ^^^^^^^^^^^^^^^^^^^^^^^^^^^^^^^^^^^^^^^^
  File "c:\Users\ariyo\AppData\Local\Programs\Python\Python313\Lib\site-packages\httpx\_client.py", line 1730, in _send_single_request
    response = await transport.handle_async_request(request)
               ^^^^^^^^^^^^^^^^^^^^^^^^^^^^^^^^^^^^^^^^^^^^^
  File "c:\Users\ariyo\AppData\Local\Programs\Python\Python313\Lib\site-packages\httpx\_transports\default.py", line 393, in handle_async_request
    with map_httpcore_exceptions():
         ~~~~~~~~~~~~~~~~~~~~~~~^^
  File "c:\Users\ariyo\AppData\Local\Programs\Python\Python313\Lib\contextlib.py", line 162, in __exit__
    self.gen.throw(value)
    ~~~~~~~~~~~~~~^^^^^^^
  File "c:\Users\ariyo\AppData\Local\Programs\Python\Python313\Lib\site-packages\httpx\_transports\default.py", line 118, in map_httpcore_exceptions
    raise mapped_exc(message) from exc
httpx.ConnectError: [Errno 11001] getaddrinfo failed

The above exception was the direct cause of the following exception:

Traceback (most recent call last):
  File "c:\Users\ariyo\AppData\Local\Programs\Python\Python313\Lib\site-packages\telegram\ext\_utils\networkloop.py", line 115, in network_retry_loop
    if not await do_action():
           ^^^^^^^^^^^^^^^^^
  File "c:\Users\ariyo\AppData\Local\Programs\Python\Python313\Lib\site-packages\telegram\ext\_utils\networkloop.py", line 108, in do_action
    return action_cb_task.result()
           ~~~~~~~~~~~~~~~~~~~~~^^
  File "c:\Users\ariyo\AppData\Local\Programs\Python\Python313\Lib\site-packages\telegram\ext\_updater.py", line 335, in polling_action_cb
    updates = await self.bot.get_updates(
              ^^^^^^^^^^^^^^^^^^^^^^^^^^^
    ...<3 lines>...
    )
    ^
  File "c:\Users\ariyo\AppData\Local\Programs\Python\Python313\Lib\site-packages\telegram\ext\_extbot.py", line 658, in get_updates
    updates = await super().get_updates(
              ^^^^^^^^^^^^^^^^^^^^^^^^^^
    ...<9 lines>...
    )
    ^
  File "c:\Users\ariyo\AppData\Local\Programs\Python\Python313\Lib\site-packages\telegram\_bot.py", line 4593, in get_updates
    await self._post(
    ^^^^^^^^^^^^^^^^^
    ...<7 lines>...
    ),
    ^
  File "c:\Users\ariyo\AppData\Local\Programs\Python\Python313\Lib\site-packages\telegram\_bot.py", line 691, in _post
    return await self._do_post(
           ^^^^^^^^^^^^^^^^^^^^
    ...<6 lines>...
    )
    ^
  File "c:\Users\ariyo\AppData\Local\Programs\Python\Python313\Lib\site-packages\telegram\ext\_extbot.py", line 362, in _do_post
    return await super()._do_post(
           ^^^^^^^^^^^^^^^^^^^^^^^
    ...<6 lines>...
    )
    ^
  File "c:\Users\ariyo\AppData\Local\Programs\Python\Python313\Lib\site-packages\telegram\_bot.py", line 720, in _do_post
    result = await request.post(
             ^^^^^^^^^^^^^^^^^^^
    ...<6 lines>...
    )
    ^
  File "c:\Users\ariyo\AppData\Local\Programs\Python\Python313\Lib\site-packages\telegram\request\_baserequest.py", line 197, in post
    result = await self._request_wrapper(
             ^^^^^^^^^^^^^^^^^^^^^^^^^^^^
    ...<7 lines>...
    )
    ^
  File "c:\Users\ariyo\AppData\Local\Programs\Python\Python313\Lib\site-packages\telegram\request\_baserequest.py", line 304, in _request_wrapper
    code, payload = await self.do_request(
                    ^^^^^^^^^^^^^^^^^^^^^^
    ...<7 lines>...
    )
    ^
  File "c:\Users\ariyo\AppData\Local\Programs\Python\Python313\Lib\site-packages\telegram\request\_httpxrequest.py", line 301, in do_request
    raise NetworkError(f"httpx.{err.__class__.__name__}: {err}") from err
telegram.error.NetworkError: httpx.ConnectError: [Errno 11001] getaddrinfo failed
2025-05-08 19:29:52,802 - ERROR - No error handlers are registered, logging exception.
Traceback (most recent call last):
  File "c:\Users\ariyo\AppData\Local\Programs\Python\Python313\Lib\site-packages\httpx\_transports\default.py", line 101, in map_httpcore_exceptions
    yield
  File "c:\Users\ariyo\AppData\Local\Programs\Python\Python313\Lib\site-packages\httpx\_transports\default.py", line 394, in handle_async_request
    resp = await self._pool.handle_async_request(req)
           ^^^^^^^^^^^^^^^^^^^^^^^^^^^^^^^^^^^^^^^^^^
  File "c:\Users\ariyo\AppData\Local\Programs\Python\Python313\Lib\site-packages\httpcore\_async\connection_pool.py", line 256, in handle_async_request
    raise exc from None
  File "c:\Users\ariyo\AppData\Local\Programs\Python\Python313\Lib\site-packages\httpcore\_async\connection_pool.py", line 236, in handle_async_request
    response = await connection.handle_async_request(
               ^^^^^^^^^^^^^^^^^^^^^^^^^^^^^^^^^^^^^^
        pool_request.request
        ^^^^^^^^^^^^^^^^^^^^
    )
    ^
  File "c:\Users\ariyo\AppData\Local\Programs\Python\Python313\Lib\site-packages\httpcore\_async\connection.py", line 101, in handle_async_request
    raise exc
  File "c:\Users\ariyo\AppData\Local\Programs\Python\Python313\Lib\site-packages\httpcore\_async\connection.py", line 78, in handle_async_request
    stream = await self._connect(request)
             ^^^^^^^^^^^^^^^^^^^^^^^^^^^^
  File "c:\Users\ariyo\AppData\Local\Programs\Python\Python313\Lib\site-packages\httpcore\_async\connection.py", line 124, in _connect
    stream = await self._network_backend.connect_tcp(**kwargs)
             ^^^^^^^^^^^^^^^^^^^^^^^^^^^^^^^^^^^^^^^^^^^^^^^^^
  File "c:\Users\ariyo\AppData\Local\Programs\Python\Python313\Lib\site-packages\httpcore\_backends\auto.py", line 31, in connect_tcp
    return await self._backend.connect_tcp(
           ^^^^^^^^^^^^^^^^^^^^^^^^^^^^^^^^
    ...<5 lines>...
    )
    ^
  File "c:\Users\ariyo\AppData\Local\Programs\Python\Python313\Lib\site-packages\httpcore\_backends\anyio.py", line 113, in connect_tcp
    with map_exceptions(exc_map):
         ~~~~~~~~~~~~~~^^^^^^^^^
  File "c:\Users\ariyo\AppData\Local\Programs\Python\Python313\Lib\contextlib.py", line 162, in __exit__
    self.gen.throw(value)
    ~~~~~~~~~~~~~~^^^^^^^
  File "c:\Users\ariyo\AppData\Local\Programs\Python\Python313\Lib\site-packages\httpcore\_exceptions.py", line 14, in map_exceptions
    raise to_exc(exc) from exc
httpcore.ConnectError: [Errno 11001] getaddrinfo failed

The above exception was the direct cause of the following exception:

Traceback (most recent call last):
  File "c:\Users\ariyo\AppData\Local\Programs\Python\Python313\Lib\site-packages\telegram\request\_httpxrequest.py", line 277, in do_request
    res = await self._client.request(
          ^^^^^^^^^^^^^^^^^^^^^^^^^^^
    ...<6 lines>...
    )
    ^
  File "c:\Users\ariyo\AppData\Local\Programs\Python\Python313\Lib\site-packages\httpx\_client.py", line 1540, in request
    return await self.send(request, auth=auth, follow_redirects=follow_redirects)
           ^^^^^^^^^^^^^^^^^^^^^^^^^^^^^^^^^^^^^^^^^^^^^^^^^^^^^^^^^^^^^^^^^^^^^^
  File "c:\Users\ariyo\AppData\Local\Programs\Python\Python313\Lib\site-packages\httpx\_client.py", line 1629, in send
    response = await self._send_handling_auth(
               ^^^^^^^^^^^^^^^^^^^^^^^^^^^^^^^
    ...<4 lines>...
    )
    ^
  File "c:\Users\ariyo\AppData\Local\Programs\Python\Python313\Lib\site-packages\httpx\_client.py", line 1657, in _send_handling_auth
    response = await self._send_handling_redirects(
               ^^^^^^^^^^^^^^^^^^^^^^^^^^^^^^^^^^^^
    ...<3 lines>...
    )
    ^
  File "c:\Users\ariyo\AppData\Local\Programs\Python\Python313\Lib\site-packages\httpx\_client.py", line 1694, in _send_handling_redirects
    response = await self._send_single_request(request)
               ^^^^^^^^^^^^^^^^^^^^^^^^^^^^^^^^^^^^^^^^
  File "c:\Users\ariyo\AppData\Local\Programs\Python\Python313\Lib\site-packages\httpx\_client.py", line 1730, in _send_single_request
    response = await transport.handle_async_request(request)
               ^^^^^^^^^^^^^^^^^^^^^^^^^^^^^^^^^^^^^^^^^^^^^
  File "c:\Users\ariyo\AppData\Local\Programs\Python\Python313\Lib\site-packages\httpx\_transports\default.py", line 393, in handle_async_request
    with map_httpcore_exceptions():
         ~~~~~~~~~~~~~~~~~~~~~~~^^
  File "c:\Users\ariyo\AppData\Local\Programs\Python\Python313\Lib\contextlib.py", line 162, in __exit__
    self.gen.throw(value)
    ~~~~~~~~~~~~~~^^^^^^^
  File "c:\Users\ariyo\AppData\Local\Programs\Python\Python313\Lib\site-packages\httpx\_transports\default.py", line 118, in map_httpcore_exceptions
    raise mapped_exc(message) from exc
httpx.ConnectError: [Errno 11001] getaddrinfo failed

The above exception was the direct cause of the following exception:

Traceback (most recent call last):
  File "c:\Users\ariyo\AppData\Local\Programs\Python\Python313\Lib\site-packages\telegram\ext\_utils\networkloop.py", line 115, in network_retry_loop
    if not await do_action():
           ^^^^^^^^^^^^^^^^^
  File "c:\Users\ariyo\AppData\Local\Programs\Python\Python313\Lib\site-packages\telegram\ext\_utils\networkloop.py", line 108, in do_action
    return action_cb_task.result()
           ~~~~~~~~~~~~~~~~~~~~~^^
  File "c:\Users\ariyo\AppData\Local\Programs\Python\Python313\Lib\site-packages\telegram\ext\_updater.py", line 335, in polling_action_cb
    updates = await self.bot.get_updates(
              ^^^^^^^^^^^^^^^^^^^^^^^^^^^
    ...<3 lines>...
    )
    ^
  File "c:\Users\ariyo\AppData\Local\Programs\Python\Python313\Lib\site-packages\telegram\ext\_extbot.py", line 658, in get_updates
    updates = await super().get_updates(
              ^^^^^^^^^^^^^^^^^^^^^^^^^^
    ...<9 lines>...
    )
    ^
  File "c:\Users\ariyo\AppData\Local\Programs\Python\Python313\Lib\site-packages\telegram\_bot.py", line 4593, in get_updates
    await self._post(
    ^^^^^^^^^^^^^^^^^
    ...<7 lines>...
    ),
    ^
  File "c:\Users\ariyo\AppData\Local\Programs\Python\Python313\Lib\site-packages\telegram\_bot.py", line 691, in _post
    return await self._do_post(
           ^^^^^^^^^^^^^^^^^^^^
    ...<6 lines>...
    )
    ^
  File "c:\Users\ariyo\AppData\Local\Programs\Python\Python313\Lib\site-packages\telegram\ext\_extbot.py", line 362, in _do_post
    return await super()._do_post(
           ^^^^^^^^^^^^^^^^^^^^^^^
    ...<6 lines>...
    )
    ^
  File "c:\Users\ariyo\AppData\Local\Programs\Python\Python313\Lib\site-packages\telegram\_bot.py", line 720, in _do_post
    result = await request.post(
             ^^^^^^^^^^^^^^^^^^^
    ...<6 lines>...
    )
    ^
  File "c:\Users\ariyo\AppData\Local\Programs\Python\Python313\Lib\site-packages\telegram\request\_baserequest.py", line 197, in post
    result = await self._request_wrapper(
             ^^^^^^^^^^^^^^^^^^^^^^^^^^^^
    ...<7 lines>...
    )
    ^
  File "c:\Users\ariyo\AppData\Local\Programs\Python\Python313\Lib\site-packages\telegram\request\_baserequest.py", line 304, in _request_wrapper
    code, payload = await self.do_request(
                    ^^^^^^^^^^^^^^^^^^^^^^
    ...<7 lines>...
    )
    ^
  File "c:\Users\ariyo\AppData\Local\Programs\Python\Python313\Lib\site-packages\telegram\request\_httpxrequest.py", line 301, in do_request
    raise NetworkError(f"httpx.{err.__class__.__name__}: {err}") from err
telegram.error.NetworkError: httpx.ConnectError: [Errno 11001] getaddrinfo failed
2025-05-08 19:30:00,404 - ERROR - No error handlers are registered, logging exception.
Traceback (most recent call last):
  File "c:\Users\ariyo\AppData\Local\Programs\Python\Python313\Lib\site-packages\httpx\_transports\default.py", line 101, in map_httpcore_exceptions
    yield
  File "c:\Users\ariyo\AppData\Local\Programs\Python\Python313\Lib\site-packages\httpx\_transports\default.py", line 394, in handle_async_request
    resp = await self._pool.handle_async_request(req)
           ^^^^^^^^^^^^^^^^^^^^^^^^^^^^^^^^^^^^^^^^^^
  File "c:\Users\ariyo\AppData\Local\Programs\Python\Python313\Lib\site-packages\httpcore\_async\connection_pool.py", line 256, in handle_async_request
    raise exc from None
  File "c:\Users\ariyo\AppData\Local\Programs\Python\Python313\Lib\site-packages\httpcore\_async\connection_pool.py", line 236, in handle_async_request
    response = await connection.handle_async_request(
               ^^^^^^^^^^^^^^^^^^^^^^^^^^^^^^^^^^^^^^
        pool_request.request
        ^^^^^^^^^^^^^^^^^^^^
    )
    ^
  File "c:\Users\ariyo\AppData\Local\Programs\Python\Python313\Lib\site-packages\httpcore\_async\connection.py", line 101, in handle_async_request
    raise exc
  File "c:\Users\ariyo\AppData\Local\Programs\Python\Python313\Lib\site-packages\httpcore\_async\connection.py", line 78, in handle_async_request
    stream = await self._connect(request)
             ^^^^^^^^^^^^^^^^^^^^^^^^^^^^
  File "c:\Users\ariyo\AppData\Local\Programs\Python\Python313\Lib\site-packages\httpcore\_async\connection.py", line 124, in _connect
    stream = await self._network_backend.connect_tcp(**kwargs)
             ^^^^^^^^^^^^^^^^^^^^^^^^^^^^^^^^^^^^^^^^^^^^^^^^^
  File "c:\Users\ariyo\AppData\Local\Programs\Python\Python313\Lib\site-packages\httpcore\_backends\auto.py", line 31, in connect_tcp
    return await self._backend.connect_tcp(
           ^^^^^^^^^^^^^^^^^^^^^^^^^^^^^^^^
    ...<5 lines>...
    )
    ^
  File "c:\Users\ariyo\AppData\Local\Programs\Python\Python313\Lib\site-packages\httpcore\_backends\anyio.py", line 113, in connect_tcp
    with map_exceptions(exc_map):
         ~~~~~~~~~~~~~~^^^^^^^^^
  File "c:\Users\ariyo\AppData\Local\Programs\Python\Python313\Lib\contextlib.py", line 162, in __exit__
    self.gen.throw(value)
    ~~~~~~~~~~~~~~^^^^^^^
  File "c:\Users\ariyo\AppData\Local\Programs\Python\Python313\Lib\site-packages\httpcore\_exceptions.py", line 14, in map_exceptions
    raise to_exc(exc) from exc
httpcore.ConnectError: [Errno 11001] getaddrinfo failed

The above exception was the direct cause of the following exception:

Traceback (most recent call last):
  File "c:\Users\ariyo\AppData\Local\Programs\Python\Python313\Lib\site-packages\telegram\request\_httpxrequest.py", line 277, in do_request
    res = await self._client.request(
          ^^^^^^^^^^^^^^^^^^^^^^^^^^^
    ...<6 lines>...
    )
    ^
  File "c:\Users\ariyo\AppData\Local\Programs\Python\Python313\Lib\site-packages\httpx\_client.py", line 1540, in request
    return await self.send(request, auth=auth, follow_redirects=follow_redirects)
           ^^^^^^^^^^^^^^^^^^^^^^^^^^^^^^^^^^^^^^^^^^^^^^^^^^^^^^^^^^^^^^^^^^^^^^
  File "c:\Users\ariyo\AppData\Local\Programs\Python\Python313\Lib\site-packages\httpx\_client.py", line 1629, in send
    response = await self._send_handling_auth(
               ^^^^^^^^^^^^^^^^^^^^^^^^^^^^^^^
    ...<4 lines>...
    )
    ^
  File "c:\Users\ariyo\AppData\Local\Programs\Python\Python313\Lib\site-packages\httpx\_client.py", line 1657, in _send_handling_auth
    response = await self._send_handling_redirects(
               ^^^^^^^^^^^^^^^^^^^^^^^^^^^^^^^^^^^^
    ...<3 lines>...
    )
    ^
  File "c:\Users\ariyo\AppData\Local\Programs\Python\Python313\Lib\site-packages\httpx\_client.py", line 1694, in _send_handling_redirects
    response = await self._send_single_request(request)
               ^^^^^^^^^^^^^^^^^^^^^^^^^^^^^^^^^^^^^^^^
  File "c:\Users\ariyo\AppData\Local\Programs\Python\Python313\Lib\site-packages\httpx\_client.py", line 1730, in _send_single_request
    response = await transport.handle_async_request(request)
               ^^^^^^^^^^^^^^^^^^^^^^^^^^^^^^^^^^^^^^^^^^^^^
  File "c:\Users\ariyo\AppData\Local\Programs\Python\Python313\Lib\site-packages\httpx\_transports\default.py", line 393, in handle_async_request
    with map_httpcore_exceptions():
         ~~~~~~~~~~~~~~~~~~~~~~~^^
  File "c:\Users\ariyo\AppData\Local\Programs\Python\Python313\Lib\contextlib.py", line 162, in __exit__
    self.gen.throw(value)
    ~~~~~~~~~~~~~~^^^^^^^
  File "c:\Users\ariyo\AppData\Local\Programs\Python\Python313\Lib\site-packages\httpx\_transports\default.py", line 118, in map_httpcore_exceptions
    raise mapped_exc(message) from exc
httpx.ConnectError: [Errno 11001] getaddrinfo failed

The above exception was the direct cause of the following exception:

Traceback (most recent call last):
  File "c:\Users\ariyo\AppData\Local\Programs\Python\Python313\Lib\site-packages\telegram\ext\_utils\networkloop.py", line 115, in network_retry_loop
    if not await do_action():
           ^^^^^^^^^^^^^^^^^
  File "c:\Users\ariyo\AppData\Local\Programs\Python\Python313\Lib\site-packages\telegram\ext\_utils\networkloop.py", line 108, in do_action
    return action_cb_task.result()
           ~~~~~~~~~~~~~~~~~~~~~^^
  File "c:\Users\ariyo\AppData\Local\Programs\Python\Python313\Lib\site-packages\telegram\ext\_updater.py", line 335, in polling_action_cb
    updates = await self.bot.get_updates(
              ^^^^^^^^^^^^^^^^^^^^^^^^^^^
    ...<3 lines>...
    )
    ^
  File "c:\Users\ariyo\AppData\Local\Programs\Python\Python313\Lib\site-packages\telegram\ext\_extbot.py", line 658, in get_updates
    updates = await super().get_updates(
              ^^^^^^^^^^^^^^^^^^^^^^^^^^
    ...<9 lines>...
    )
    ^
  File "c:\Users\ariyo\AppData\Local\Programs\Python\Python313\Lib\site-packages\telegram\_bot.py", line 4593, in get_updates
    await self._post(
    ^^^^^^^^^^^^^^^^^
    ...<7 lines>...
    ),
    ^
  File "c:\Users\ariyo\AppData\Local\Programs\Python\Python313\Lib\site-packages\telegram\_bot.py", line 691, in _post
    return await self._do_post(
           ^^^^^^^^^^^^^^^^^^^^
    ...<6 lines>...
    )
    ^
  File "c:\Users\ariyo\AppData\Local\Programs\Python\Python313\Lib\site-packages\telegram\ext\_extbot.py", line 362, in _do_post
    return await super()._do_post(
           ^^^^^^^^^^^^^^^^^^^^^^^
    ...<6 lines>...
    )
    ^
  File "c:\Users\ariyo\AppData\Local\Programs\Python\Python313\Lib\site-packages\telegram\_bot.py", line 720, in _do_post
    result = await request.post(
             ^^^^^^^^^^^^^^^^^^^
    ...<6 lines>...
    )
    ^
  File "c:\Users\ariyo\AppData\Local\Programs\Python\Python313\Lib\site-packages\telegram\request\_baserequest.py", line 197, in post
    result = await self._request_wrapper(
             ^^^^^^^^^^^^^^^^^^^^^^^^^^^^
    ...<7 lines>...
    )
    ^
  File "c:\Users\ariyo\AppData\Local\Programs\Python\Python313\Lib\site-packages\telegram\request\_baserequest.py", line 304, in _request_wrapper
    code, payload = await self.do_request(
                    ^^^^^^^^^^^^^^^^^^^^^^
    ...<7 lines>...
    )
    ^
  File "c:\Users\ariyo\AppData\Local\Programs\Python\Python313\Lib\site-packages\telegram\request\_httpxrequest.py", line 301, in do_request
    raise NetworkError(f"httpx.{err.__class__.__name__}: {err}") from err
telegram.error.NetworkError: httpx.ConnectError: [Errno 11001] getaddrinfo failed
2025-05-08 19:30:11,800 - ERROR - No error handlers are registered, logging exception.
Traceback (most recent call last):
  File "c:\Users\ariyo\AppData\Local\Programs\Python\Python313\Lib\site-packages\httpx\_transports\default.py", line 101, in map_httpcore_exceptions
    yield
  File "c:\Users\ariyo\AppData\Local\Programs\Python\Python313\Lib\site-packages\httpx\_transports\default.py", line 394, in handle_async_request
    resp = await self._pool.handle_async_request(req)
           ^^^^^^^^^^^^^^^^^^^^^^^^^^^^^^^^^^^^^^^^^^
  File "c:\Users\ariyo\AppData\Local\Programs\Python\Python313\Lib\site-packages\httpcore\_async\connection_pool.py", line 256, in handle_async_request
    raise exc from None
  File "c:\Users\ariyo\AppData\Local\Programs\Python\Python313\Lib\site-packages\httpcore\_async\connection_pool.py", line 236, in handle_async_request
    response = await connection.handle_async_request(
               ^^^^^^^^^^^^^^^^^^^^^^^^^^^^^^^^^^^^^^
        pool_request.request
        ^^^^^^^^^^^^^^^^^^^^
    )
    ^
  File "c:\Users\ariyo\AppData\Local\Programs\Python\Python313\Lib\site-packages\httpcore\_async\connection.py", line 101, in handle_async_request
    raise exc
  File "c:\Users\ariyo\AppData\Local\Programs\Python\Python313\Lib\site-packages\httpcore\_async\connection.py", line 78, in handle_async_request
    stream = await self._connect(request)
             ^^^^^^^^^^^^^^^^^^^^^^^^^^^^
  File "c:\Users\ariyo\AppData\Local\Programs\Python\Python313\Lib\site-packages\httpcore\_async\connection.py", line 124, in _connect
    stream = await self._network_backend.connect_tcp(**kwargs)
             ^^^^^^^^^^^^^^^^^^^^^^^^^^^^^^^^^^^^^^^^^^^^^^^^^
  File "c:\Users\ariyo\AppData\Local\Programs\Python\Python313\Lib\site-packages\httpcore\_backends\auto.py", line 31, in connect_tcp
    return await self._backend.connect_tcp(
           ^^^^^^^^^^^^^^^^^^^^^^^^^^^^^^^^
    ...<5 lines>...
    )
    ^
  File "c:\Users\ariyo\AppData\Local\Programs\Python\Python313\Lib\site-packages\httpcore\_backends\anyio.py", line 113, in connect_tcp
    with map_exceptions(exc_map):
         ~~~~~~~~~~~~~~^^^^^^^^^
  File "c:\Users\ariyo\AppData\Local\Programs\Python\Python313\Lib\contextlib.py", line 162, in __exit__
    self.gen.throw(value)
    ~~~~~~~~~~~~~~^^^^^^^
  File "c:\Users\ariyo\AppData\Local\Programs\Python\Python313\Lib\site-packages\httpcore\_exceptions.py", line 14, in map_exceptions
    raise to_exc(exc) from exc
httpcore.ConnectError: [Errno 11001] getaddrinfo failed

The above exception was the direct cause of the following exception:

Traceback (most recent call last):
  File "c:\Users\ariyo\AppData\Local\Programs\Python\Python313\Lib\site-packages\telegram\request\_httpxrequest.py", line 277, in do_request
    res = await self._client.request(
          ^^^^^^^^^^^^^^^^^^^^^^^^^^^
    ...<6 lines>...
    )
    ^
  File "c:\Users\ariyo\AppData\Local\Programs\Python\Python313\Lib\site-packages\httpx\_client.py", line 1540, in request
    return await self.send(request, auth=auth, follow_redirects=follow_redirects)
           ^^^^^^^^^^^^^^^^^^^^^^^^^^^^^^^^^^^^^^^^^^^^^^^^^^^^^^^^^^^^^^^^^^^^^^
  File "c:\Users\ariyo\AppData\Local\Programs\Python\Python313\Lib\site-packages\httpx\_client.py", line 1629, in send
    response = await self._send_handling_auth(
               ^^^^^^^^^^^^^^^^^^^^^^^^^^^^^^^
    ...<4 lines>...
    )
    ^
  File "c:\Users\ariyo\AppData\Local\Programs\Python\Python313\Lib\site-packages\httpx\_client.py", line 1657, in _send_handling_auth
    response = await self._send_handling_redirects(
               ^^^^^^^^^^^^^^^^^^^^^^^^^^^^^^^^^^^^
    ...<3 lines>...
    )
    ^
  File "c:\Users\ariyo\AppData\Local\Programs\Python\Python313\Lib\site-packages\httpx\_client.py", line 1694, in _send_handling_redirects
    response = await self._send_single_request(request)
               ^^^^^^^^^^^^^^^^^^^^^^^^^^^^^^^^^^^^^^^^
  File "c:\Users\ariyo\AppData\Local\Programs\Python\Python313\Lib\site-packages\httpx\_client.py", line 1730, in _send_single_request
    response = await transport.handle_async_request(request)
               ^^^^^^^^^^^^^^^^^^^^^^^^^^^^^^^^^^^^^^^^^^^^^
  File "c:\Users\ariyo\AppData\Local\Programs\Python\Python313\Lib\site-packages\httpx\_transports\default.py", line 393, in handle_async_request
    with map_httpcore_exceptions():
         ~~~~~~~~~~~~~~~~~~~~~~~^^
  File "c:\Users\ariyo\AppData\Local\Programs\Python\Python313\Lib\contextlib.py", line 162, in __exit__
    self.gen.throw(value)
    ~~~~~~~~~~~~~~^^^^^^^
  File "c:\Users\ariyo\AppData\Local\Programs\Python\Python313\Lib\site-packages\httpx\_transports\default.py", line 118, in map_httpcore_exceptions
    raise mapped_exc(message) from exc
httpx.ConnectError: [Errno 11001] getaddrinfo failed

The above exception was the direct cause of the following exception:

Traceback (most recent call last):
  File "c:\Users\ariyo\AppData\Local\Programs\Python\Python313\Lib\site-packages\telegram\ext\_utils\networkloop.py", line 115, in network_retry_loop
    if not await do_action():
           ^^^^^^^^^^^^^^^^^
  File "c:\Users\ariyo\AppData\Local\Programs\Python\Python313\Lib\site-packages\telegram\ext\_utils\networkloop.py", line 108, in do_action
    return action_cb_task.result()
           ~~~~~~~~~~~~~~~~~~~~~^^
  File "c:\Users\ariyo\AppData\Local\Programs\Python\Python313\Lib\site-packages\telegram\ext\_updater.py", line 335, in polling_action_cb
    updates = await self.bot.get_updates(
              ^^^^^^^^^^^^^^^^^^^^^^^^^^^
    ...<3 lines>...
    )
    ^
  File "c:\Users\ariyo\AppData\Local\Programs\Python\Python313\Lib\site-packages\telegram\ext\_extbot.py", line 658, in get_updates
    updates = await super().get_updates(
              ^^^^^^^^^^^^^^^^^^^^^^^^^^
    ...<9 lines>...
    )
    ^
  File "c:\Users\ariyo\AppData\Local\Programs\Python\Python313\Lib\site-packages\telegram\_bot.py", line 4593, in get_updates
    await self._post(
    ^^^^^^^^^^^^^^^^^
    ...<7 lines>...
    ),
    ^
  File "c:\Users\ariyo\AppData\Local\Programs\Python\Python313\Lib\site-packages\telegram\_bot.py", line 691, in _post
    return await self._do_post(
           ^^^^^^^^^^^^^^^^^^^^
    ...<6 lines>...
    )
    ^
  File "c:\Users\ariyo\AppData\Local\Programs\Python\Python313\Lib\site-packages\telegram\ext\_extbot.py", line 362, in _do_post
    return await super()._do_post(
           ^^^^^^^^^^^^^^^^^^^^^^^
    ...<6 lines>...
    )
    ^
  File "c:\Users\ariyo\AppData\Local\Programs\Python\Python313\Lib\site-packages\telegram\_bot.py", line 720, in _do_post
    result = await request.post(
             ^^^^^^^^^^^^^^^^^^^
    ...<6 lines>...
    )
    ^
  File "c:\Users\ariyo\AppData\Local\Programs\Python\Python313\Lib\site-packages\telegram\request\_baserequest.py", line 197, in post
    result = await self._request_wrapper(
             ^^^^^^^^^^^^^^^^^^^^^^^^^^^^
    ...<7 lines>...
    )
    ^
  File "c:\Users\ariyo\AppData\Local\Programs\Python\Python313\Lib\site-packages\telegram\request\_baserequest.py", line 304, in _request_wrapper
    code, payload = await self.do_request(
                    ^^^^^^^^^^^^^^^^^^^^^^
    ...<7 lines>...
    )
    ^
  File "c:\Users\ariyo\AppData\Local\Programs\Python\Python313\Lib\site-packages\telegram\request\_httpxrequest.py", line 301, in do_request
    raise NetworkError(f"httpx.{err.__class__.__name__}: {err}") from err
telegram.error.NetworkError: httpx.ConnectError: [Errno 11001] getaddrinfo failed
2025-05-08 19:30:28,903 - ERROR - No error handlers are registered, logging exception.
Traceback (most recent call last):
  File "c:\Users\ariyo\AppData\Local\Programs\Python\Python313\Lib\site-packages\httpx\_transports\default.py", line 101, in map_httpcore_exceptions
    yield
  File "c:\Users\ariyo\AppData\Local\Programs\Python\Python313\Lib\site-packages\httpx\_transports\default.py", line 394, in handle_async_request
    resp = await self._pool.handle_async_request(req)
           ^^^^^^^^^^^^^^^^^^^^^^^^^^^^^^^^^^^^^^^^^^
  File "c:\Users\ariyo\AppData\Local\Programs\Python\Python313\Lib\site-packages\httpcore\_async\connection_pool.py", line 256, in handle_async_request
    raise exc from None
  File "c:\Users\ariyo\AppData\Local\Programs\Python\Python313\Lib\site-packages\httpcore\_async\connection_pool.py", line 236, in handle_async_request
    response = await connection.handle_async_request(
               ^^^^^^^^^^^^^^^^^^^^^^^^^^^^^^^^^^^^^^
        pool_request.request
        ^^^^^^^^^^^^^^^^^^^^
    )
    ^
  File "c:\Users\ariyo\AppData\Local\Programs\Python\Python313\Lib\site-packages\httpcore\_async\connection.py", line 101, in handle_async_request
    raise exc
  File "c:\Users\ariyo\AppData\Local\Programs\Python\Python313\Lib\site-packages\httpcore\_async\connection.py", line 78, in handle_async_request
    stream = await self._connect(request)
             ^^^^^^^^^^^^^^^^^^^^^^^^^^^^
  File "c:\Users\ariyo\AppData\Local\Programs\Python\Python313\Lib\site-packages\httpcore\_async\connection.py", line 124, in _connect
    stream = await self._network_backend.connect_tcp(**kwargs)
             ^^^^^^^^^^^^^^^^^^^^^^^^^^^^^^^^^^^^^^^^^^^^^^^^^
  File "c:\Users\ariyo\AppData\Local\Programs\Python\Python313\Lib\site-packages\httpcore\_backends\auto.py", line 31, in connect_tcp
    return await self._backend.connect_tcp(
           ^^^^^^^^^^^^^^^^^^^^^^^^^^^^^^^^
    ...<5 lines>...
    )
    ^
  File "c:\Users\ariyo\AppData\Local\Programs\Python\Python313\Lib\site-packages\httpcore\_backends\anyio.py", line 113, in connect_tcp
    with map_exceptions(exc_map):
         ~~~~~~~~~~~~~~^^^^^^^^^
  File "c:\Users\ariyo\AppData\Local\Programs\Python\Python313\Lib\contextlib.py", line 162, in __exit__
    self.gen.throw(value)
    ~~~~~~~~~~~~~~^^^^^^^
  File "c:\Users\ariyo\AppData\Local\Programs\Python\Python313\Lib\site-packages\httpcore\_exceptions.py", line 14, in map_exceptions
    raise to_exc(exc) from exc
httpcore.ConnectError: [Errno 11001] getaddrinfo failed

The above exception was the direct cause of the following exception:

Traceback (most recent call last):
  File "c:\Users\ariyo\AppData\Local\Programs\Python\Python313\Lib\site-packages\telegram\request\_httpxrequest.py", line 277, in do_request
    res = await self._client.request(
          ^^^^^^^^^^^^^^^^^^^^^^^^^^^
    ...<6 lines>...
    )
    ^
  File "c:\Users\ariyo\AppData\Local\Programs\Python\Python313\Lib\site-packages\httpx\_client.py", line 1540, in request
    return await self.send(request, auth=auth, follow_redirects=follow_redirects)
           ^^^^^^^^^^^^^^^^^^^^^^^^^^^^^^^^^^^^^^^^^^^^^^^^^^^^^^^^^^^^^^^^^^^^^^
  File "c:\Users\ariyo\AppData\Local\Programs\Python\Python313\Lib\site-packages\httpx\_client.py", line 1629, in send
    response = await self._send_handling_auth(
               ^^^^^^^^^^^^^^^^^^^^^^^^^^^^^^^
    ...<4 lines>...
    )
    ^
  File "c:\Users\ariyo\AppData\Local\Programs\Python\Python313\Lib\site-packages\httpx\_client.py", line 1657, in _send_handling_auth
    response = await self._send_handling_redirects(
               ^^^^^^^^^^^^^^^^^^^^^^^^^^^^^^^^^^^^
    ...<3 lines>...
    )
    ^
  File "c:\Users\ariyo\AppData\Local\Programs\Python\Python313\Lib\site-packages\httpx\_client.py", line 1694, in _send_handling_redirects
    response = await self._send_single_request(request)
               ^^^^^^^^^^^^^^^^^^^^^^^^^^^^^^^^^^^^^^^^
  File "c:\Users\ariyo\AppData\Local\Programs\Python\Python313\Lib\site-packages\httpx\_client.py", line 1730, in _send_single_request
    response = await transport.handle_async_request(request)
               ^^^^^^^^^^^^^^^^^^^^^^^^^^^^^^^^^^^^^^^^^^^^^
  File "c:\Users\ariyo\AppData\Local\Programs\Python\Python313\Lib\site-packages\httpx\_transports\default.py", line 393, in handle_async_request
    with map_httpcore_exceptions():
         ~~~~~~~~~~~~~~~~~~~~~~~^^
  File "c:\Users\ariyo\AppData\Local\Programs\Python\Python313\Lib\contextlib.py", line 162, in __exit__
    self.gen.throw(value)
    ~~~~~~~~~~~~~~^^^^^^^
  File "c:\Users\ariyo\AppData\Local\Programs\Python\Python313\Lib\site-packages\httpx\_transports\default.py", line 118, in map_httpcore_exceptions
    raise mapped_exc(message) from exc
httpx.ConnectError: [Errno 11001] getaddrinfo failed

The above exception was the direct cause of the following exception:

Traceback (most recent call last):
  File "c:\Users\ariyo\AppData\Local\Programs\Python\Python313\Lib\site-packages\telegram\ext\_utils\networkloop.py", line 115, in network_retry_loop
    if not await do_action():
           ^^^^^^^^^^^^^^^^^
  File "c:\Users\ariyo\AppData\Local\Programs\Python\Python313\Lib\site-packages\telegram\ext\_utils\networkloop.py", line 108, in do_action
    return action_cb_task.result()
           ~~~~~~~~~~~~~~~~~~~~~^^
  File "c:\Users\ariyo\AppData\Local\Programs\Python\Python313\Lib\site-packages\telegram\ext\_updater.py", line 335, in polling_action_cb
    updates = await self.bot.get_updates(
              ^^^^^^^^^^^^^^^^^^^^^^^^^^^
    ...<3 lines>...
    )
    ^
  File "c:\Users\ariyo\AppData\Local\Programs\Python\Python313\Lib\site-packages\telegram\ext\_extbot.py", line 658, in get_updates
    updates = await super().get_updates(
              ^^^^^^^^^^^^^^^^^^^^^^^^^^
    ...<9 lines>...
    )
    ^
  File "c:\Users\ariyo\AppData\Local\Programs\Python\Python313\Lib\site-packages\telegram\_bot.py", line 4593, in get_updates
    await self._post(
    ^^^^^^^^^^^^^^^^^
    ...<7 lines>...
    ),
    ^
  File "c:\Users\ariyo\AppData\Local\Programs\Python\Python313\Lib\site-packages\telegram\_bot.py", line 691, in _post
    return await self._do_post(
           ^^^^^^^^^^^^^^^^^^^^
    ...<6 lines>...
    )
    ^
  File "c:\Users\ariyo\AppData\Local\Programs\Python\Python313\Lib\site-packages\telegram\ext\_extbot.py", line 362, in _do_post
    return await super()._do_post(
           ^^^^^^^^^^^^^^^^^^^^^^^
    ...<6 lines>...
    )
    ^
  File "c:\Users\ariyo\AppData\Local\Programs\Python\Python313\Lib\site-packages\telegram\_bot.py", line 720, in _do_post
    result = await request.post(
             ^^^^^^^^^^^^^^^^^^^
    ...<6 lines>...
    )
    ^
  File "c:\Users\ariyo\AppData\Local\Programs\Python\Python313\Lib\site-packages\telegram\request\_baserequest.py", line 197, in post
    result = await self._request_wrapper(
             ^^^^^^^^^^^^^^^^^^^^^^^^^^^^
    ...<7 lines>...
    )
    ^
  File "c:\Users\ariyo\AppData\Local\Programs\Python\Python313\Lib\site-packages\telegram\request\_baserequest.py", line 304, in _request_wrapper
    code, payload = await self.do_request(
                    ^^^^^^^^^^^^^^^^^^^^^^
    ...<7 lines>...
    )
    ^
  File "c:\Users\ariyo\AppData\Local\Programs\Python\Python313\Lib\site-packages\telegram\request\_httpxrequest.py", line 301, in do_request
    raise NetworkError(f"httpx.{err.__class__.__name__}: {err}") from err
telegram.error.NetworkError: httpx.ConnectError: [Errno 11001] getaddrinfo failed
2025-05-08 19:30:54,542 - ERROR - No error handlers are registered, logging exception.
Traceback (most recent call last):
  File "c:\Users\ariyo\AppData\Local\Programs\Python\Python313\Lib\site-packages\httpx\_transports\default.py", line 101, in map_httpcore_exceptions
    yield
  File "c:\Users\ariyo\AppData\Local\Programs\Python\Python313\Lib\site-packages\httpx\_transports\default.py", line 394, in handle_async_request
    resp = await self._pool.handle_async_request(req)
           ^^^^^^^^^^^^^^^^^^^^^^^^^^^^^^^^^^^^^^^^^^
  File "c:\Users\ariyo\AppData\Local\Programs\Python\Python313\Lib\site-packages\httpcore\_async\connection_pool.py", line 256, in handle_async_request
    raise exc from None
  File "c:\Users\ariyo\AppData\Local\Programs\Python\Python313\Lib\site-packages\httpcore\_async\connection_pool.py", line 236, in handle_async_request
    response = await connection.handle_async_request(
               ^^^^^^^^^^^^^^^^^^^^^^^^^^^^^^^^^^^^^^
        pool_request.request
        ^^^^^^^^^^^^^^^^^^^^
    )
    ^
  File "c:\Users\ariyo\AppData\Local\Programs\Python\Python313\Lib\site-packages\httpcore\_async\connection.py", line 101, in handle_async_request
    raise exc
  File "c:\Users\ariyo\AppData\Local\Programs\Python\Python313\Lib\site-packages\httpcore\_async\connection.py", line 78, in handle_async_request
    stream = await self._connect(request)
             ^^^^^^^^^^^^^^^^^^^^^^^^^^^^
  File "c:\Users\ariyo\AppData\Local\Programs\Python\Python313\Lib\site-packages\httpcore\_async\connection.py", line 124, in _connect
    stream = await self._network_backend.connect_tcp(**kwargs)
             ^^^^^^^^^^^^^^^^^^^^^^^^^^^^^^^^^^^^^^^^^^^^^^^^^
  File "c:\Users\ariyo\AppData\Local\Programs\Python\Python313\Lib\site-packages\httpcore\_backends\auto.py", line 31, in connect_tcp
    return await self._backend.connect_tcp(
           ^^^^^^^^^^^^^^^^^^^^^^^^^^^^^^^^
    ...<5 lines>...
    )
    ^
  File "c:\Users\ariyo\AppData\Local\Programs\Python\Python313\Lib\site-packages\httpcore\_backends\anyio.py", line 113, in connect_tcp
    with map_exceptions(exc_map):
         ~~~~~~~~~~~~~~^^^^^^^^^
  File "c:\Users\ariyo\AppData\Local\Programs\Python\Python313\Lib\contextlib.py", line 162, in __exit__
    self.gen.throw(value)
    ~~~~~~~~~~~~~~^^^^^^^
  File "c:\Users\ariyo\AppData\Local\Programs\Python\Python313\Lib\site-packages\httpcore\_exceptions.py", line 14, in map_exceptions
    raise to_exc(exc) from exc
httpcore.ConnectError: [Errno 11001] getaddrinfo failed

The above exception was the direct cause of the following exception:

Traceback (most recent call last):
  File "c:\Users\ariyo\AppData\Local\Programs\Python\Python313\Lib\site-packages\telegram\request\_httpxrequest.py", line 277, in do_request
    res = await self._client.request(
          ^^^^^^^^^^^^^^^^^^^^^^^^^^^
    ...<6 lines>...
    )
    ^
  File "c:\Users\ariyo\AppData\Local\Programs\Python\Python313\Lib\site-packages\httpx\_client.py", line 1540, in request
    return await self.send(request, auth=auth, follow_redirects=follow_redirects)
           ^^^^^^^^^^^^^^^^^^^^^^^^^^^^^^^^^^^^^^^^^^^^^^^^^^^^^^^^^^^^^^^^^^^^^^
  File "c:\Users\ariyo\AppData\Local\Programs\Python\Python313\Lib\site-packages\httpx\_client.py", line 1629, in send
    response = await self._send_handling_auth(
               ^^^^^^^^^^^^^^^^^^^^^^^^^^^^^^^
    ...<4 lines>...
    )
    ^
  File "c:\Users\ariyo\AppData\Local\Programs\Python\Python313\Lib\site-packages\httpx\_client.py", line 1657, in _send_handling_auth
    response = await self._send_handling_redirects(
               ^^^^^^^^^^^^^^^^^^^^^^^^^^^^^^^^^^^^
    ...<3 lines>...
    )
    ^
  File "c:\Users\ariyo\AppData\Local\Programs\Python\Python313\Lib\site-packages\httpx\_client.py", line 1694, in _send_handling_redirects
    response = await self._send_single_request(request)
               ^^^^^^^^^^^^^^^^^^^^^^^^^^^^^^^^^^^^^^^^
  File "c:\Users\ariyo\AppData\Local\Programs\Python\Python313\Lib\site-packages\httpx\_client.py", line 1730, in _send_single_request
    response = await transport.handle_async_request(request)
               ^^^^^^^^^^^^^^^^^^^^^^^^^^^^^^^^^^^^^^^^^^^^^
  File "c:\Users\ariyo\AppData\Local\Programs\Python\Python313\Lib\site-packages\httpx\_transports\default.py", line 393, in handle_async_request
    with map_httpcore_exceptions():
         ~~~~~~~~~~~~~~~~~~~~~~~^^
  File "c:\Users\ariyo\AppData\Local\Programs\Python\Python313\Lib\contextlib.py", line 162, in __exit__
    self.gen.throw(value)
    ~~~~~~~~~~~~~~^^^^^^^
  File "c:\Users\ariyo\AppData\Local\Programs\Python\Python313\Lib\site-packages\httpx\_transports\default.py", line 118, in map_httpcore_exceptions
    raise mapped_exc(message) from exc
httpx.ConnectError: [Errno 11001] getaddrinfo failed

The above exception was the direct cause of the following exception:

Traceback (most recent call last):
  File "c:\Users\ariyo\AppData\Local\Programs\Python\Python313\Lib\site-packages\telegram\ext\_utils\networkloop.py", line 115, in network_retry_loop
    if not await do_action():
           ^^^^^^^^^^^^^^^^^
  File "c:\Users\ariyo\AppData\Local\Programs\Python\Python313\Lib\site-packages\telegram\ext\_utils\networkloop.py", line 108, in do_action
    return action_cb_task.result()
           ~~~~~~~~~~~~~~~~~~~~~^^
  File "c:\Users\ariyo\AppData\Local\Programs\Python\Python313\Lib\site-packages\telegram\ext\_updater.py", line 335, in polling_action_cb
    updates = await self.bot.get_updates(
              ^^^^^^^^^^^^^^^^^^^^^^^^^^^
    ...<3 lines>...
    )
    ^
  File "c:\Users\ariyo\AppData\Local\Programs\Python\Python313\Lib\site-packages\telegram\ext\_extbot.py", line 658, in get_updates
    updates = await super().get_updates(
              ^^^^^^^^^^^^^^^^^^^^^^^^^^
    ...<9 lines>...
    )
    ^
  File "c:\Users\ariyo\AppData\Local\Programs\Python\Python313\Lib\site-packages\telegram\_bot.py", line 4593, in get_updates
    await self._post(
    ^^^^^^^^^^^^^^^^^
    ...<7 lines>...
    ),
    ^
  File "c:\Users\ariyo\AppData\Local\Programs\Python\Python313\Lib\site-packages\telegram\_bot.py", line 691, in _post
    return await self._do_post(
           ^^^^^^^^^^^^^^^^^^^^
    ...<6 lines>...
    )
    ^
  File "c:\Users\ariyo\AppData\Local\Programs\Python\Python313\Lib\site-packages\telegram\ext\_extbot.py", line 362, in _do_post
    return await super()._do_post(
           ^^^^^^^^^^^^^^^^^^^^^^^
    ...<6 lines>...
    )
    ^
  File "c:\Users\ariyo\AppData\Local\Programs\Python\Python313\Lib\site-packages\telegram\_bot.py", line 720, in _do_post
    result = await request.post(
             ^^^^^^^^^^^^^^^^^^^
    ...<6 lines>...
    )
    ^
  File "c:\Users\ariyo\AppData\Local\Programs\Python\Python313\Lib\site-packages\telegram\request\_baserequest.py", line 197, in post
    result = await self._request_wrapper(
             ^^^^^^^^^^^^^^^^^^^^^^^^^^^^
    ...<7 lines>...
    )
    ^
  File "c:\Users\ariyo\AppData\Local\Programs\Python\Python313\Lib\site-packages\telegram\request\_baserequest.py", line 304, in _request_wrapper
    code, payload = await self.do_request(
                    ^^^^^^^^^^^^^^^^^^^^^^
    ...<7 lines>...
    )
    ^
  File "c:\Users\ariyo\AppData\Local\Programs\Python\Python313\Lib\site-packages\telegram\request\_httpxrequest.py", line 301, in do_request
    raise NetworkError(f"httpx.{err.__class__.__name__}: {err}") from err
telegram.error.NetworkError: httpx.ConnectError: [Errno 11001] getaddrinfo failed
2025-05-08 19:31:24,554 - ERROR - No error handlers are registered, logging exception.
Traceback (most recent call last):
  File "c:\Users\ariyo\AppData\Local\Programs\Python\Python313\Lib\site-packages\httpx\_transports\default.py", line 101, in map_httpcore_exceptions
    yield
  File "c:\Users\ariyo\AppData\Local\Programs\Python\Python313\Lib\site-packages\httpx\_transports\default.py", line 394, in handle_async_request
    resp = await self._pool.handle_async_request(req)
           ^^^^^^^^^^^^^^^^^^^^^^^^^^^^^^^^^^^^^^^^^^
  File "c:\Users\ariyo\AppData\Local\Programs\Python\Python313\Lib\site-packages\httpcore\_async\connection_pool.py", line 256, in handle_async_request
    raise exc from None
  File "c:\Users\ariyo\AppData\Local\Programs\Python\Python313\Lib\site-packages\httpcore\_async\connection_pool.py", line 236, in handle_async_request
    response = await connection.handle_async_request(
               ^^^^^^^^^^^^^^^^^^^^^^^^^^^^^^^^^^^^^^
        pool_request.request
        ^^^^^^^^^^^^^^^^^^^^
    )
    ^
  File "c:\Users\ariyo\AppData\Local\Programs\Python\Python313\Lib\site-packages\httpcore\_async\connection.py", line 101, in handle_async_request
    raise exc
  File "c:\Users\ariyo\AppData\Local\Programs\Python\Python313\Lib\site-packages\httpcore\_async\connection.py", line 78, in handle_async_request
    stream = await self._connect(request)
             ^^^^^^^^^^^^^^^^^^^^^^^^^^^^
  File "c:\Users\ariyo\AppData\Local\Programs\Python\Python313\Lib\site-packages\httpcore\_async\connection.py", line 124, in _connect
    stream = await self._network_backend.connect_tcp(**kwargs)
             ^^^^^^^^^^^^^^^^^^^^^^^^^^^^^^^^^^^^^^^^^^^^^^^^^
  File "c:\Users\ariyo\AppData\Local\Programs\Python\Python313\Lib\site-packages\httpcore\_backends\auto.py", line 31, in connect_tcp
    return await self._backend.connect_tcp(
           ^^^^^^^^^^^^^^^^^^^^^^^^^^^^^^^^
    ...<5 lines>...
    )
    ^
  File "c:\Users\ariyo\AppData\Local\Programs\Python\Python313\Lib\site-packages\httpcore\_backends\anyio.py", line 113, in connect_tcp
    with map_exceptions(exc_map):
         ~~~~~~~~~~~~~~^^^^^^^^^
  File "c:\Users\ariyo\AppData\Local\Programs\Python\Python313\Lib\contextlib.py", line 162, in __exit__
    self.gen.throw(value)
    ~~~~~~~~~~~~~~^^^^^^^
  File "c:\Users\ariyo\AppData\Local\Programs\Python\Python313\Lib\site-packages\httpcore\_exceptions.py", line 14, in map_exceptions
    raise to_exc(exc) from exc
httpcore.ConnectError: [Errno 11001] getaddrinfo failed

The above exception was the direct cause of the following exception:

Traceback (most recent call last):
  File "c:\Users\ariyo\AppData\Local\Programs\Python\Python313\Lib\site-packages\telegram\request\_httpxrequest.py", line 277, in do_request
    res = await self._client.request(
          ^^^^^^^^^^^^^^^^^^^^^^^^^^^
    ...<6 lines>...
    )
    ^
  File "c:\Users\ariyo\AppData\Local\Programs\Python\Python313\Lib\site-packages\httpx\_client.py", line 1540, in request
    return await self.send(request, auth=auth, follow_redirects=follow_redirects)
           ^^^^^^^^^^^^^^^^^^^^^^^^^^^^^^^^^^^^^^^^^^^^^^^^^^^^^^^^^^^^^^^^^^^^^^
  File "c:\Users\ariyo\AppData\Local\Programs\Python\Python313\Lib\site-packages\httpx\_client.py", line 1629, in send
    response = await self._send_handling_auth(
               ^^^^^^^^^^^^^^^^^^^^^^^^^^^^^^^
    ...<4 lines>...
    )
    ^
  File "c:\Users\ariyo\AppData\Local\Programs\Python\Python313\Lib\site-packages\httpx\_client.py", line 1657, in _send_handling_auth
    response = await self._send_handling_redirects(
               ^^^^^^^^^^^^^^^^^^^^^^^^^^^^^^^^^^^^
    ...<3 lines>...
    )
    ^
  File "c:\Users\ariyo\AppData\Local\Programs\Python\Python313\Lib\site-packages\httpx\_client.py", line 1694, in _send_handling_redirects
    response = await self._send_single_request(request)
               ^^^^^^^^^^^^^^^^^^^^^^^^^^^^^^^^^^^^^^^^
  File "c:\Users\ariyo\AppData\Local\Programs\Python\Python313\Lib\site-packages\httpx\_client.py", line 1730, in _send_single_request
    response = await transport.handle_async_request(request)
               ^^^^^^^^^^^^^^^^^^^^^^^^^^^^^^^^^^^^^^^^^^^^^
  File "c:\Users\ariyo\AppData\Local\Programs\Python\Python313\Lib\site-packages\httpx\_transports\default.py", line 393, in handle_async_request
    with map_httpcore_exceptions():
         ~~~~~~~~~~~~~~~~~~~~~~~^^
  File "c:\Users\ariyo\AppData\Local\Programs\Python\Python313\Lib\contextlib.py", line 162, in __exit__
    self.gen.throw(value)
    ~~~~~~~~~~~~~~^^^^^^^
  File "c:\Users\ariyo\AppData\Local\Programs\Python\Python313\Lib\site-packages\httpx\_transports\default.py", line 118, in map_httpcore_exceptions
    raise mapped_exc(message) from exc
httpx.ConnectError: [Errno 11001] getaddrinfo failed

The above exception was the direct cause of the following exception:

Traceback (most recent call last):
  File "c:\Users\ariyo\AppData\Local\Programs\Python\Python313\Lib\site-packages\telegram\ext\_utils\networkloop.py", line 115, in network_retry_loop
    if not await do_action():
           ^^^^^^^^^^^^^^^^^
  File "c:\Users\ariyo\AppData\Local\Programs\Python\Python313\Lib\site-packages\telegram\ext\_utils\networkloop.py", line 108, in do_action
    return action_cb_task.result()
           ~~~~~~~~~~~~~~~~~~~~~^^
  File "c:\Users\ariyo\AppData\Local\Programs\Python\Python313\Lib\site-packages\telegram\ext\_updater.py", line 335, in polling_action_cb
    updates = await self.bot.get_updates(
              ^^^^^^^^^^^^^^^^^^^^^^^^^^^
    ...<3 lines>...
    )
    ^
  File "c:\Users\ariyo\AppData\Local\Programs\Python\Python313\Lib\site-packages\telegram\ext\_extbot.py", line 658, in get_updates
    updates = await super().get_updates(
              ^^^^^^^^^^^^^^^^^^^^^^^^^^
    ...<9 lines>...
    )
    ^
  File "c:\Users\ariyo\AppData\Local\Programs\Python\Python313\Lib\site-packages\telegram\_bot.py", line 4593, in get_updates
    await self._post(
    ^^^^^^^^^^^^^^^^^
    ...<7 lines>...
    ),
    ^
  File "c:\Users\ariyo\AppData\Local\Programs\Python\Python313\Lib\site-packages\telegram\_bot.py", line 691, in _post
    return await self._do_post(
           ^^^^^^^^^^^^^^^^^^^^
    ...<6 lines>...
    )
    ^
  File "c:\Users\ariyo\AppData\Local\Programs\Python\Python313\Lib\site-packages\telegram\ext\_extbot.py", line 362, in _do_post
    return await super()._do_post(
           ^^^^^^^^^^^^^^^^^^^^^^^
    ...<6 lines>...
    )
    ^
  File "c:\Users\ariyo\AppData\Local\Programs\Python\Python313\Lib\site-packages\telegram\_bot.py", line 720, in _do_post
    result = await request.post(
             ^^^^^^^^^^^^^^^^^^^
    ...<6 lines>...
    )
    ^
  File "c:\Users\ariyo\AppData\Local\Programs\Python\Python313\Lib\site-packages\telegram\request\_baserequest.py", line 197, in post
    result = await self._request_wrapper(
             ^^^^^^^^^^^^^^^^^^^^^^^^^^^^
    ...<7 lines>...
    )
    ^
  File "c:\Users\ariyo\AppData\Local\Programs\Python\Python313\Lib\site-packages\telegram\request\_baserequest.py", line 304, in _request_wrapper
    code, payload = await self.do_request(
                    ^^^^^^^^^^^^^^^^^^^^^^
    ...<7 lines>...
    )
    ^
  File "c:\Users\ariyo\AppData\Local\Programs\Python\Python313\Lib\site-packages\telegram\request\_httpxrequest.py", line 301, in do_request
    raise NetworkError(f"httpx.{err.__class__.__name__}: {err}") from err
telegram.error.NetworkError: httpx.ConnectError: [Errno 11001] getaddrinfo failed
2025-05-08 19:31:54,576 - ERROR - No error handlers are registered, logging exception.
Traceback (most recent call last):
  File "c:\Users\ariyo\AppData\Local\Programs\Python\Python313\Lib\site-packages\httpx\_transports\default.py", line 101, in map_httpcore_exceptions
    yield
  File "c:\Users\ariyo\AppData\Local\Programs\Python\Python313\Lib\site-packages\httpx\_transports\default.py", line 394, in handle_async_request
    resp = await self._pool.handle_async_request(req)
           ^^^^^^^^^^^^^^^^^^^^^^^^^^^^^^^^^^^^^^^^^^
  File "c:\Users\ariyo\AppData\Local\Programs\Python\Python313\Lib\site-packages\httpcore\_async\connection_pool.py", line 256, in handle_async_request
    raise exc from None
  File "c:\Users\ariyo\AppData\Local\Programs\Python\Python313\Lib\site-packages\httpcore\_async\connection_pool.py", line 236, in handle_async_request
    response = await connection.handle_async_request(
               ^^^^^^^^^^^^^^^^^^^^^^^^^^^^^^^^^^^^^^
        pool_request.request
        ^^^^^^^^^^^^^^^^^^^^
    )
    ^
  File "c:\Users\ariyo\AppData\Local\Programs\Python\Python313\Lib\site-packages\httpcore\_async\connection.py", line 101, in handle_async_request
    raise exc
  File "c:\Users\ariyo\AppData\Local\Programs\Python\Python313\Lib\site-packages\httpcore\_async\connection.py", line 78, in handle_async_request
    stream = await self._connect(request)
             ^^^^^^^^^^^^^^^^^^^^^^^^^^^^
  File "c:\Users\ariyo\AppData\Local\Programs\Python\Python313\Lib\site-packages\httpcore\_async\connection.py", line 124, in _connect
    stream = await self._network_backend.connect_tcp(**kwargs)
             ^^^^^^^^^^^^^^^^^^^^^^^^^^^^^^^^^^^^^^^^^^^^^^^^^
  File "c:\Users\ariyo\AppData\Local\Programs\Python\Python313\Lib\site-packages\httpcore\_backends\auto.py", line 31, in connect_tcp
    return await self._backend.connect_tcp(
           ^^^^^^^^^^^^^^^^^^^^^^^^^^^^^^^^
    ...<5 lines>...
    )
    ^
  File "c:\Users\ariyo\AppData\Local\Programs\Python\Python313\Lib\site-packages\httpcore\_backends\anyio.py", line 113, in connect_tcp
    with map_exceptions(exc_map):
         ~~~~~~~~~~~~~~^^^^^^^^^
  File "c:\Users\ariyo\AppData\Local\Programs\Python\Python313\Lib\contextlib.py", line 162, in __exit__
    self.gen.throw(value)
    ~~~~~~~~~~~~~~^^^^^^^
  File "c:\Users\ariyo\AppData\Local\Programs\Python\Python313\Lib\site-packages\httpcore\_exceptions.py", line 14, in map_exceptions
    raise to_exc(exc) from exc
httpcore.ConnectError: [Errno 11001] getaddrinfo failed

The above exception was the direct cause of the following exception:

Traceback (most recent call last):
  File "c:\Users\ariyo\AppData\Local\Programs\Python\Python313\Lib\site-packages\telegram\request\_httpxrequest.py", line 277, in do_request
    res = await self._client.request(
          ^^^^^^^^^^^^^^^^^^^^^^^^^^^
    ...<6 lines>...
    )
    ^
  File "c:\Users\ariyo\AppData\Local\Programs\Python\Python313\Lib\site-packages\httpx\_client.py", line 1540, in request
    return await self.send(request, auth=auth, follow_redirects=follow_redirects)
           ^^^^^^^^^^^^^^^^^^^^^^^^^^^^^^^^^^^^^^^^^^^^^^^^^^^^^^^^^^^^^^^^^^^^^^
  File "c:\Users\ariyo\AppData\Local\Programs\Python\Python313\Lib\site-packages\httpx\_client.py", line 1629, in send
    response = await self._send_handling_auth(
               ^^^^^^^^^^^^^^^^^^^^^^^^^^^^^^^
    ...<4 lines>...
    )
    ^
  File "c:\Users\ariyo\AppData\Local\Programs\Python\Python313\Lib\site-packages\httpx\_client.py", line 1657, in _send_handling_auth
    response = await self._send_handling_redirects(
               ^^^^^^^^^^^^^^^^^^^^^^^^^^^^^^^^^^^^
    ...<3 lines>...
    )
    ^
  File "c:\Users\ariyo\AppData\Local\Programs\Python\Python313\Lib\site-packages\httpx\_client.py", line 1694, in _send_handling_redirects
    response = await self._send_single_request(request)
               ^^^^^^^^^^^^^^^^^^^^^^^^^^^^^^^^^^^^^^^^
  File "c:\Users\ariyo\AppData\Local\Programs\Python\Python313\Lib\site-packages\httpx\_client.py", line 1730, in _send_single_request
    response = await transport.handle_async_request(request)
               ^^^^^^^^^^^^^^^^^^^^^^^^^^^^^^^^^^^^^^^^^^^^^
  File "c:\Users\ariyo\AppData\Local\Programs\Python\Python313\Lib\site-packages\httpx\_transports\default.py", line 393, in handle_async_request
    with map_httpcore_exceptions():
         ~~~~~~~~~~~~~~~~~~~~~~~^^
  File "c:\Users\ariyo\AppData\Local\Programs\Python\Python313\Lib\contextlib.py", line 162, in __exit__
    self.gen.throw(value)
    ~~~~~~~~~~~~~~^^^^^^^
  File "c:\Users\ariyo\AppData\Local\Programs\Python\Python313\Lib\site-packages\httpx\_transports\default.py", line 118, in map_httpcore_exceptions
    raise mapped_exc(message) from exc
httpx.ConnectError: [Errno 11001] getaddrinfo failed

The above exception was the direct cause of the following exception:

Traceback (most recent call last):
  File "c:\Users\ariyo\AppData\Local\Programs\Python\Python313\Lib\site-packages\telegram\ext\_utils\networkloop.py", line 115, in network_retry_loop
    if not await do_action():
           ^^^^^^^^^^^^^^^^^
  File "c:\Users\ariyo\AppData\Local\Programs\Python\Python313\Lib\site-packages\telegram\ext\_utils\networkloop.py", line 108, in do_action
    return action_cb_task.result()
           ~~~~~~~~~~~~~~~~~~~~~^^
  File "c:\Users\ariyo\AppData\Local\Programs\Python\Python313\Lib\site-packages\telegram\ext\_updater.py", line 335, in polling_action_cb
    updates = await self.bot.get_updates(
              ^^^^^^^^^^^^^^^^^^^^^^^^^^^
    ...<3 lines>...
    )
    ^
  File "c:\Users\ariyo\AppData\Local\Programs\Python\Python313\Lib\site-packages\telegram\ext\_extbot.py", line 658, in get_updates
    updates = await super().get_updates(
              ^^^^^^^^^^^^^^^^^^^^^^^^^^
    ...<9 lines>...
    )
    ^
  File "c:\Users\ariyo\AppData\Local\Programs\Python\Python313\Lib\site-packages\telegram\_bot.py", line 4593, in get_updates
    await self._post(
    ^^^^^^^^^^^^^^^^^
    ...<7 lines>...
    ),
    ^
  File "c:\Users\ariyo\AppData\Local\Programs\Python\Python313\Lib\site-packages\telegram\_bot.py", line 691, in _post
    return await self._do_post(
           ^^^^^^^^^^^^^^^^^^^^
    ...<6 lines>...
    )
    ^
  File "c:\Users\ariyo\AppData\Local\Programs\Python\Python313\Lib\site-packages\telegram\ext\_extbot.py", line 362, in _do_post
    return await super()._do_post(
           ^^^^^^^^^^^^^^^^^^^^^^^
    ...<6 lines>...
    )
    ^
  File "c:\Users\ariyo\AppData\Local\Programs\Python\Python313\Lib\site-packages\telegram\_bot.py", line 720, in _do_post
    result = await request.post(
             ^^^^^^^^^^^^^^^^^^^
    ...<6 lines>...
    )
    ^
  File "c:\Users\ariyo\AppData\Local\Programs\Python\Python313\Lib\site-packages\telegram\request\_baserequest.py", line 197, in post
    result = await self._request_wrapper(
             ^^^^^^^^^^^^^^^^^^^^^^^^^^^^
    ...<7 lines>...
    )
    ^
  File "c:\Users\ariyo\AppData\Local\Programs\Python\Python313\Lib\site-packages\telegram\request\_baserequest.py", line 304, in _request_wrapper
    code, payload = await self.do_request(
                    ^^^^^^^^^^^^^^^^^^^^^^
    ...<7 lines>...
    )
    ^
  File "c:\Users\ariyo\AppData\Local\Programs\Python\Python313\Lib\site-packages\telegram\request\_httpxrequest.py", line 301, in do_request
    raise NetworkError(f"httpx.{err.__class__.__name__}: {err}") from err
telegram.error.NetworkError: httpx.ConnectError: [Errno 11001] getaddrinfo failed
2025-05-08 19:32:24,597 - ERROR - No error handlers are registered, logging exception.
Traceback (most recent call last):
  File "c:\Users\ariyo\AppData\Local\Programs\Python\Python313\Lib\site-packages\httpx\_transports\default.py", line 101, in map_httpcore_exceptions
    yield
  File "c:\Users\ariyo\AppData\Local\Programs\Python\Python313\Lib\site-packages\httpx\_transports\default.py", line 394, in handle_async_request
    resp = await self._pool.handle_async_request(req)
           ^^^^^^^^^^^^^^^^^^^^^^^^^^^^^^^^^^^^^^^^^^
  File "c:\Users\ariyo\AppData\Local\Programs\Python\Python313\Lib\site-packages\httpcore\_async\connection_pool.py", line 256, in handle_async_request
    raise exc from None
  File "c:\Users\ariyo\AppData\Local\Programs\Python\Python313\Lib\site-packages\httpcore\_async\connection_pool.py", line 236, in handle_async_request
    response = await connection.handle_async_request(
               ^^^^^^^^^^^^^^^^^^^^^^^^^^^^^^^^^^^^^^
        pool_request.request
        ^^^^^^^^^^^^^^^^^^^^
    )
    ^
  File "c:\Users\ariyo\AppData\Local\Programs\Python\Python313\Lib\site-packages\httpcore\_async\connection.py", line 101, in handle_async_request
    raise exc
  File "c:\Users\ariyo\AppData\Local\Programs\Python\Python313\Lib\site-packages\httpcore\_async\connection.py", line 78, in handle_async_request
    stream = await self._connect(request)
             ^^^^^^^^^^^^^^^^^^^^^^^^^^^^
  File "c:\Users\ariyo\AppData\Local\Programs\Python\Python313\Lib\site-packages\httpcore\_async\connection.py", line 124, in _connect
    stream = await self._network_backend.connect_tcp(**kwargs)
             ^^^^^^^^^^^^^^^^^^^^^^^^^^^^^^^^^^^^^^^^^^^^^^^^^
  File "c:\Users\ariyo\AppData\Local\Programs\Python\Python313\Lib\site-packages\httpcore\_backends\auto.py", line 31, in connect_tcp
    return await self._backend.connect_tcp(
           ^^^^^^^^^^^^^^^^^^^^^^^^^^^^^^^^
    ...<5 lines>...
    )
    ^
  File "c:\Users\ariyo\AppData\Local\Programs\Python\Python313\Lib\site-packages\httpcore\_backends\anyio.py", line 113, in connect_tcp
    with map_exceptions(exc_map):
         ~~~~~~~~~~~~~~^^^^^^^^^
  File "c:\Users\ariyo\AppData\Local\Programs\Python\Python313\Lib\contextlib.py", line 162, in __exit__
    self.gen.throw(value)
    ~~~~~~~~~~~~~~^^^^^^^
  File "c:\Users\ariyo\AppData\Local\Programs\Python\Python313\Lib\site-packages\httpcore\_exceptions.py", line 14, in map_exceptions
    raise to_exc(exc) from exc
httpcore.ConnectError: [Errno 11001] getaddrinfo failed

The above exception was the direct cause of the following exception:

Traceback (most recent call last):
  File "c:\Users\ariyo\AppData\Local\Programs\Python\Python313\Lib\site-packages\telegram\request\_httpxrequest.py", line 277, in do_request
    res = await self._client.request(
          ^^^^^^^^^^^^^^^^^^^^^^^^^^^
    ...<6 lines>...
    )
    ^
  File "c:\Users\ariyo\AppData\Local\Programs\Python\Python313\Lib\site-packages\httpx\_client.py", line 1540, in request
    return await self.send(request, auth=auth, follow_redirects=follow_redirects)
           ^^^^^^^^^^^^^^^^^^^^^^^^^^^^^^^^^^^^^^^^^^^^^^^^^^^^^^^^^^^^^^^^^^^^^^
  File "c:\Users\ariyo\AppData\Local\Programs\Python\Python313\Lib\site-packages\httpx\_client.py", line 1629, in send
    response = await self._send_handling_auth(
               ^^^^^^^^^^^^^^^^^^^^^^^^^^^^^^^
    ...<4 lines>...
    )
    ^
  File "c:\Users\ariyo\AppData\Local\Programs\Python\Python313\Lib\site-packages\httpx\_client.py", line 1657, in _send_handling_auth
    response = await self._send_handling_redirects(
               ^^^^^^^^^^^^^^^^^^^^^^^^^^^^^^^^^^^^
    ...<3 lines>...
    )
    ^
  File "c:\Users\ariyo\AppData\Local\Programs\Python\Python313\Lib\site-packages\httpx\_client.py", line 1694, in _send_handling_redirects
    response = await self._send_single_request(request)
               ^^^^^^^^^^^^^^^^^^^^^^^^^^^^^^^^^^^^^^^^
  File "c:\Users\ariyo\AppData\Local\Programs\Python\Python313\Lib\site-packages\httpx\_client.py", line 1730, in _send_single_request
    response = await transport.handle_async_request(request)
               ^^^^^^^^^^^^^^^^^^^^^^^^^^^^^^^^^^^^^^^^^^^^^
  File "c:\Users\ariyo\AppData\Local\Programs\Python\Python313\Lib\site-packages\httpx\_transports\default.py", line 393, in handle_async_request
    with map_httpcore_exceptions():
         ~~~~~~~~~~~~~~~~~~~~~~~^^
  File "c:\Users\ariyo\AppData\Local\Programs\Python\Python313\Lib\contextlib.py", line 162, in __exit__
    self.gen.throw(value)
    ~~~~~~~~~~~~~~^^^^^^^
  File "c:\Users\ariyo\AppData\Local\Programs\Python\Python313\Lib\site-packages\httpx\_transports\default.py", line 118, in map_httpcore_exceptions
    raise mapped_exc(message) from exc
httpx.ConnectError: [Errno 11001] getaddrinfo failed

The above exception was the direct cause of the following exception:

Traceback (most recent call last):
  File "c:\Users\ariyo\AppData\Local\Programs\Python\Python313\Lib\site-packages\telegram\ext\_utils\networkloop.py", line 115, in network_retry_loop
    if not await do_action():
           ^^^^^^^^^^^^^^^^^
  File "c:\Users\ariyo\AppData\Local\Programs\Python\Python313\Lib\site-packages\telegram\ext\_utils\networkloop.py", line 108, in do_action
    return action_cb_task.result()
           ~~~~~~~~~~~~~~~~~~~~~^^
  File "c:\Users\ariyo\AppData\Local\Programs\Python\Python313\Lib\site-packages\telegram\ext\_updater.py", line 335, in polling_action_cb
    updates = await self.bot.get_updates(
              ^^^^^^^^^^^^^^^^^^^^^^^^^^^
    ...<3 lines>...
    )
    ^
  File "c:\Users\ariyo\AppData\Local\Programs\Python\Python313\Lib\site-packages\telegram\ext\_extbot.py", line 658, in get_updates
    updates = await super().get_updates(
              ^^^^^^^^^^^^^^^^^^^^^^^^^^
    ...<9 lines>...
    )
    ^
  File "c:\Users\ariyo\AppData\Local\Programs\Python\Python313\Lib\site-packages\telegram\_bot.py", line 4593, in get_updates
    await self._post(
    ^^^^^^^^^^^^^^^^^
    ...<7 lines>...
    ),
    ^
  File "c:\Users\ariyo\AppData\Local\Programs\Python\Python313\Lib\site-packages\telegram\_bot.py", line 691, in _post
    return await self._do_post(
           ^^^^^^^^^^^^^^^^^^^^
    ...<6 lines>...
    )
    ^
  File "c:\Users\ariyo\AppData\Local\Programs\Python\Python313\Lib\site-packages\telegram\ext\_extbot.py", line 362, in _do_post
    return await super()._do_post(
           ^^^^^^^^^^^^^^^^^^^^^^^
    ...<6 lines>...
    )
    ^
  File "c:\Users\ariyo\AppData\Local\Programs\Python\Python313\Lib\site-packages\telegram\_bot.py", line 720, in _do_post
    result = await request.post(
             ^^^^^^^^^^^^^^^^^^^
    ...<6 lines>...
    )
    ^
  File "c:\Users\ariyo\AppData\Local\Programs\Python\Python313\Lib\site-packages\telegram\request\_baserequest.py", line 197, in post
    result = await self._request_wrapper(
             ^^^^^^^^^^^^^^^^^^^^^^^^^^^^
    ...<7 lines>...
    )
    ^
  File "c:\Users\ariyo\AppData\Local\Programs\Python\Python313\Lib\site-packages\telegram\request\_baserequest.py", line 304, in _request_wrapper
    code, payload = await self.do_request(
                    ^^^^^^^^^^^^^^^^^^^^^^
    ...<7 lines>...
    )
    ^
  File "c:\Users\ariyo\AppData\Local\Programs\Python\Python313\Lib\site-packages\telegram\request\_httpxrequest.py", line 301, in do_request
    raise NetworkError(f"httpx.{err.__class__.__name__}: {err}") from err
telegram.error.NetworkError: httpx.ConnectError: [Errno 11001] getaddrinfo failed
2025-05-08 19:32:54,607 - ERROR - No error handlers are registered, logging exception.
Traceback (most recent call last):
  File "c:\Users\ariyo\AppData\Local\Programs\Python\Python313\Lib\site-packages\httpx\_transports\default.py", line 101, in map_httpcore_exceptions
    yield
  File "c:\Users\ariyo\AppData\Local\Programs\Python\Python313\Lib\site-packages\httpx\_transports\default.py", line 394, in handle_async_request
    resp = await self._pool.handle_async_request(req)
           ^^^^^^^^^^^^^^^^^^^^^^^^^^^^^^^^^^^^^^^^^^
  File "c:\Users\ariyo\AppData\Local\Programs\Python\Python313\Lib\site-packages\httpcore\_async\connection_pool.py", line 256, in handle_async_request
    raise exc from None
  File "c:\Users\ariyo\AppData\Local\Programs\Python\Python313\Lib\site-packages\httpcore\_async\connection_pool.py", line 236, in handle_async_request
    response = await connection.handle_async_request(
               ^^^^^^^^^^^^^^^^^^^^^^^^^^^^^^^^^^^^^^
        pool_request.request
        ^^^^^^^^^^^^^^^^^^^^
    )
    ^
  File "c:\Users\ariyo\AppData\Local\Programs\Python\Python313\Lib\site-packages\httpcore\_async\connection.py", line 101, in handle_async_request
    raise exc
  File "c:\Users\ariyo\AppData\Local\Programs\Python\Python313\Lib\site-packages\httpcore\_async\connection.py", line 78, in handle_async_request
    stream = await self._connect(request)
             ^^^^^^^^^^^^^^^^^^^^^^^^^^^^
  File "c:\Users\ariyo\AppData\Local\Programs\Python\Python313\Lib\site-packages\httpcore\_async\connection.py", line 124, in _connect
    stream = await self._network_backend.connect_tcp(**kwargs)
             ^^^^^^^^^^^^^^^^^^^^^^^^^^^^^^^^^^^^^^^^^^^^^^^^^
  File "c:\Users\ariyo\AppData\Local\Programs\Python\Python313\Lib\site-packages\httpcore\_backends\auto.py", line 31, in connect_tcp
    return await self._backend.connect_tcp(
           ^^^^^^^^^^^^^^^^^^^^^^^^^^^^^^^^
    ...<5 lines>...
    )
    ^
  File "c:\Users\ariyo\AppData\Local\Programs\Python\Python313\Lib\site-packages\httpcore\_backends\anyio.py", line 113, in connect_tcp
    with map_exceptions(exc_map):
         ~~~~~~~~~~~~~~^^^^^^^^^
  File "c:\Users\ariyo\AppData\Local\Programs\Python\Python313\Lib\contextlib.py", line 162, in __exit__
    self.gen.throw(value)
    ~~~~~~~~~~~~~~^^^^^^^
  File "c:\Users\ariyo\AppData\Local\Programs\Python\Python313\Lib\site-packages\httpcore\_exceptions.py", line 14, in map_exceptions
    raise to_exc(exc) from exc
httpcore.ConnectError: [Errno 11001] getaddrinfo failed

The above exception was the direct cause of the following exception:

Traceback (most recent call last):
  File "c:\Users\ariyo\AppData\Local\Programs\Python\Python313\Lib\site-packages\telegram\request\_httpxrequest.py", line 277, in do_request
    res = await self._client.request(
          ^^^^^^^^^^^^^^^^^^^^^^^^^^^
    ...<6 lines>...
    )
    ^
  File "c:\Users\ariyo\AppData\Local\Programs\Python\Python313\Lib\site-packages\httpx\_client.py", line 1540, in request
    return await self.send(request, auth=auth, follow_redirects=follow_redirects)
           ^^^^^^^^^^^^^^^^^^^^^^^^^^^^^^^^^^^^^^^^^^^^^^^^^^^^^^^^^^^^^^^^^^^^^^
  File "c:\Users\ariyo\AppData\Local\Programs\Python\Python313\Lib\site-packages\httpx\_client.py", line 1629, in send
    response = await self._send_handling_auth(
               ^^^^^^^^^^^^^^^^^^^^^^^^^^^^^^^
    ...<4 lines>...
    )
    ^
  File "c:\Users\ariyo\AppData\Local\Programs\Python\Python313\Lib\site-packages\httpx\_client.py", line 1657, in _send_handling_auth
    response = await self._send_handling_redirects(
               ^^^^^^^^^^^^^^^^^^^^^^^^^^^^^^^^^^^^
    ...<3 lines>...
    )
    ^
  File "c:\Users\ariyo\AppData\Local\Programs\Python\Python313\Lib\site-packages\httpx\_client.py", line 1694, in _send_handling_redirects
    response = await self._send_single_request(request)
               ^^^^^^^^^^^^^^^^^^^^^^^^^^^^^^^^^^^^^^^^
  File "c:\Users\ariyo\AppData\Local\Programs\Python\Python313\Lib\site-packages\httpx\_client.py", line 1730, in _send_single_request
    response = await transport.handle_async_request(request)
               ^^^^^^^^^^^^^^^^^^^^^^^^^^^^^^^^^^^^^^^^^^^^^
  File "c:\Users\ariyo\AppData\Local\Programs\Python\Python313\Lib\site-packages\httpx\_transports\default.py", line 393, in handle_async_request
    with map_httpcore_exceptions():
         ~~~~~~~~~~~~~~~~~~~~~~~^^
  File "c:\Users\ariyo\AppData\Local\Programs\Python\Python313\Lib\contextlib.py", line 162, in __exit__
    self.gen.throw(value)
    ~~~~~~~~~~~~~~^^^^^^^
  File "c:\Users\ariyo\AppData\Local\Programs\Python\Python313\Lib\site-packages\httpx\_transports\default.py", line 118, in map_httpcore_exceptions
    raise mapped_exc(message) from exc
httpx.ConnectError: [Errno 11001] getaddrinfo failed

The above exception was the direct cause of the following exception:

Traceback (most recent call last):
  File "c:\Users\ariyo\AppData\Local\Programs\Python\Python313\Lib\site-packages\telegram\ext\_utils\networkloop.py", line 115, in network_retry_loop
    if not await do_action():
           ^^^^^^^^^^^^^^^^^
  File "c:\Users\ariyo\AppData\Local\Programs\Python\Python313\Lib\site-packages\telegram\ext\_utils\networkloop.py", line 108, in do_action
    return action_cb_task.result()
           ~~~~~~~~~~~~~~~~~~~~~^^
  File "c:\Users\ariyo\AppData\Local\Programs\Python\Python313\Lib\site-packages\telegram\ext\_updater.py", line 335, in polling_action_cb
    updates = await self.bot.get_updates(
              ^^^^^^^^^^^^^^^^^^^^^^^^^^^
    ...<3 lines>...
    )
    ^
  File "c:\Users\ariyo\AppData\Local\Programs\Python\Python313\Lib\site-packages\telegram\ext\_extbot.py", line 658, in get_updates
    updates = await super().get_updates(
              ^^^^^^^^^^^^^^^^^^^^^^^^^^
    ...<9 lines>...
    )
    ^
  File "c:\Users\ariyo\AppData\Local\Programs\Python\Python313\Lib\site-packages\telegram\_bot.py", line 4593, in get_updates
    await self._post(
    ^^^^^^^^^^^^^^^^^
    ...<7 lines>...
    ),
    ^
  File "c:\Users\ariyo\AppData\Local\Programs\Python\Python313\Lib\site-packages\telegram\_bot.py", line 691, in _post
    return await self._do_post(
           ^^^^^^^^^^^^^^^^^^^^
    ...<6 lines>...
    )
    ^
  File "c:\Users\ariyo\AppData\Local\Programs\Python\Python313\Lib\site-packages\telegram\ext\_extbot.py", line 362, in _do_post
    return await super()._do_post(
           ^^^^^^^^^^^^^^^^^^^^^^^
    ...<6 lines>...
    )
    ^
  File "c:\Users\ariyo\AppData\Local\Programs\Python\Python313\Lib\site-packages\telegram\_bot.py", line 720, in _do_post
    result = await request.post(
             ^^^^^^^^^^^^^^^^^^^
    ...<6 lines>...
    )
    ^
  File "c:\Users\ariyo\AppData\Local\Programs\Python\Python313\Lib\site-packages\telegram\request\_baserequest.py", line 197, in post
    result = await self._request_wrapper(
             ^^^^^^^^^^^^^^^^^^^^^^^^^^^^
    ...<7 lines>...
    )
    ^
  File "c:\Users\ariyo\AppData\Local\Programs\Python\Python313\Lib\site-packages\telegram\request\_baserequest.py", line 304, in _request_wrapper
    code, payload = await self.do_request(
                    ^^^^^^^^^^^^^^^^^^^^^^
    ...<7 lines>...
    )
    ^
  File "c:\Users\ariyo\AppData\Local\Programs\Python\Python313\Lib\site-packages\telegram\request\_httpxrequest.py", line 301, in do_request
    raise NetworkError(f"httpx.{err.__class__.__name__}: {err}") from err
telegram.error.NetworkError: httpx.ConnectError: [Errno 11001] getaddrinfo failed
2025-05-08 19:33:24,614 - ERROR - No error handlers are registered, logging exception.
Traceback (most recent call last):
  File "c:\Users\ariyo\AppData\Local\Programs\Python\Python313\Lib\site-packages\httpx\_transports\default.py", line 101, in map_httpcore_exceptions
    yield
  File "c:\Users\ariyo\AppData\Local\Programs\Python\Python313\Lib\site-packages\httpx\_transports\default.py", line 394, in handle_async_request
    resp = await self._pool.handle_async_request(req)
           ^^^^^^^^^^^^^^^^^^^^^^^^^^^^^^^^^^^^^^^^^^
  File "c:\Users\ariyo\AppData\Local\Programs\Python\Python313\Lib\site-packages\httpcore\_async\connection_pool.py", line 256, in handle_async_request
    raise exc from None
  File "c:\Users\ariyo\AppData\Local\Programs\Python\Python313\Lib\site-packages\httpcore\_async\connection_pool.py", line 236, in handle_async_request
    response = await connection.handle_async_request(
               ^^^^^^^^^^^^^^^^^^^^^^^^^^^^^^^^^^^^^^
        pool_request.request
        ^^^^^^^^^^^^^^^^^^^^
    )
    ^
  File "c:\Users\ariyo\AppData\Local\Programs\Python\Python313\Lib\site-packages\httpcore\_async\connection.py", line 101, in handle_async_request
    raise exc
  File "c:\Users\ariyo\AppData\Local\Programs\Python\Python313\Lib\site-packages\httpcore\_async\connection.py", line 78, in handle_async_request
    stream = await self._connect(request)
             ^^^^^^^^^^^^^^^^^^^^^^^^^^^^
  File "c:\Users\ariyo\AppData\Local\Programs\Python\Python313\Lib\site-packages\httpcore\_async\connection.py", line 124, in _connect
    stream = await self._network_backend.connect_tcp(**kwargs)
             ^^^^^^^^^^^^^^^^^^^^^^^^^^^^^^^^^^^^^^^^^^^^^^^^^
  File "c:\Users\ariyo\AppData\Local\Programs\Python\Python313\Lib\site-packages\httpcore\_backends\auto.py", line 31, in connect_tcp
    return await self._backend.connect_tcp(
           ^^^^^^^^^^^^^^^^^^^^^^^^^^^^^^^^
    ...<5 lines>...
    )
    ^
  File "c:\Users\ariyo\AppData\Local\Programs\Python\Python313\Lib\site-packages\httpcore\_backends\anyio.py", line 113, in connect_tcp
    with map_exceptions(exc_map):
         ~~~~~~~~~~~~~~^^^^^^^^^
  File "c:\Users\ariyo\AppData\Local\Programs\Python\Python313\Lib\contextlib.py", line 162, in __exit__
    self.gen.throw(value)
    ~~~~~~~~~~~~~~^^^^^^^
  File "c:\Users\ariyo\AppData\Local\Programs\Python\Python313\Lib\site-packages\httpcore\_exceptions.py", line 14, in map_exceptions
    raise to_exc(exc) from exc
httpcore.ConnectError: [Errno 11001] getaddrinfo failed

The above exception was the direct cause of the following exception:

Traceback (most recent call last):
  File "c:\Users\ariyo\AppData\Local\Programs\Python\Python313\Lib\site-packages\telegram\request\_httpxrequest.py", line 277, in do_request
    res = await self._client.request(
          ^^^^^^^^^^^^^^^^^^^^^^^^^^^
    ...<6 lines>...
    )
    ^
  File "c:\Users\ariyo\AppData\Local\Programs\Python\Python313\Lib\site-packages\httpx\_client.py", line 1540, in request
    return await self.send(request, auth=auth, follow_redirects=follow_redirects)
           ^^^^^^^^^^^^^^^^^^^^^^^^^^^^^^^^^^^^^^^^^^^^^^^^^^^^^^^^^^^^^^^^^^^^^^
  File "c:\Users\ariyo\AppData\Local\Programs\Python\Python313\Lib\site-packages\httpx\_client.py", line 1629, in send
    response = await self._send_handling_auth(
               ^^^^^^^^^^^^^^^^^^^^^^^^^^^^^^^
    ...<4 lines>...
    )
    ^
  File "c:\Users\ariyo\AppData\Local\Programs\Python\Python313\Lib\site-packages\httpx\_client.py", line 1657, in _send_handling_auth
    response = await self._send_handling_redirects(
               ^^^^^^^^^^^^^^^^^^^^^^^^^^^^^^^^^^^^
    ...<3 lines>...
    )
    ^
  File "c:\Users\ariyo\AppData\Local\Programs\Python\Python313\Lib\site-packages\httpx\_client.py", line 1694, in _send_handling_redirects
    response = await self._send_single_request(request)
               ^^^^^^^^^^^^^^^^^^^^^^^^^^^^^^^^^^^^^^^^
  File "c:\Users\ariyo\AppData\Local\Programs\Python\Python313\Lib\site-packages\httpx\_client.py", line 1730, in _send_single_request
    response = await transport.handle_async_request(request)
               ^^^^^^^^^^^^^^^^^^^^^^^^^^^^^^^^^^^^^^^^^^^^^
  File "c:\Users\ariyo\AppData\Local\Programs\Python\Python313\Lib\site-packages\httpx\_transports\default.py", line 393, in handle_async_request
    with map_httpcore_exceptions():
         ~~~~~~~~~~~~~~~~~~~~~~~^^
  File "c:\Users\ariyo\AppData\Local\Programs\Python\Python313\Lib\contextlib.py", line 162, in __exit__
    self.gen.throw(value)
    ~~~~~~~~~~~~~~^^^^^^^
  File "c:\Users\ariyo\AppData\Local\Programs\Python\Python313\Lib\site-packages\httpx\_transports\default.py", line 118, in map_httpcore_exceptions
    raise mapped_exc(message) from exc
httpx.ConnectError: [Errno 11001] getaddrinfo failed

The above exception was the direct cause of the following exception:

Traceback (most recent call last):
  File "c:\Users\ariyo\AppData\Local\Programs\Python\Python313\Lib\site-packages\telegram\ext\_utils\networkloop.py", line 115, in network_retry_loop
    if not await do_action():
           ^^^^^^^^^^^^^^^^^
  File "c:\Users\ariyo\AppData\Local\Programs\Python\Python313\Lib\site-packages\telegram\ext\_utils\networkloop.py", line 108, in do_action
    return action_cb_task.result()
           ~~~~~~~~~~~~~~~~~~~~~^^
  File "c:\Users\ariyo\AppData\Local\Programs\Python\Python313\Lib\site-packages\telegram\ext\_updater.py", line 335, in polling_action_cb
    updates = await self.bot.get_updates(
              ^^^^^^^^^^^^^^^^^^^^^^^^^^^
    ...<3 lines>...
    )
    ^
  File "c:\Users\ariyo\AppData\Local\Programs\Python\Python313\Lib\site-packages\telegram\ext\_extbot.py", line 658, in get_updates
    updates = await super().get_updates(
              ^^^^^^^^^^^^^^^^^^^^^^^^^^
    ...<9 lines>...
    )
    ^
  File "c:\Users\ariyo\AppData\Local\Programs\Python\Python313\Lib\site-packages\telegram\_bot.py", line 4593, in get_updates
    await self._post(
    ^^^^^^^^^^^^^^^^^
    ...<7 lines>...
    ),
    ^
  File "c:\Users\ariyo\AppData\Local\Programs\Python\Python313\Lib\site-packages\telegram\_bot.py", line 691, in _post
    return await self._do_post(
           ^^^^^^^^^^^^^^^^^^^^
    ...<6 lines>...
    )
    ^
  File "c:\Users\ariyo\AppData\Local\Programs\Python\Python313\Lib\site-packages\telegram\ext\_extbot.py", line 362, in _do_post
    return await super()._do_post(
           ^^^^^^^^^^^^^^^^^^^^^^^
    ...<6 lines>...
    )
    ^
  File "c:\Users\ariyo\AppData\Local\Programs\Python\Python313\Lib\site-packages\telegram\_bot.py", line 720, in _do_post
    result = await request.post(
             ^^^^^^^^^^^^^^^^^^^
    ...<6 lines>...
    )
    ^
  File "c:\Users\ariyo\AppData\Local\Programs\Python\Python313\Lib\site-packages\telegram\request\_baserequest.py", line 197, in post
    result = await self._request_wrapper(
             ^^^^^^^^^^^^^^^^^^^^^^^^^^^^
    ...<7 lines>...
    )
    ^
  File "c:\Users\ariyo\AppData\Local\Programs\Python\Python313\Lib\site-packages\telegram\request\_baserequest.py", line 304, in _request_wrapper
    code, payload = await self.do_request(
                    ^^^^^^^^^^^^^^^^^^^^^^
    ...<7 lines>...
    )
    ^
  File "c:\Users\ariyo\AppData\Local\Programs\Python\Python313\Lib\site-packages\telegram\request\_httpxrequest.py", line 301, in do_request
    raise NetworkError(f"httpx.{err.__class__.__name__}: {err}") from err
telegram.error.NetworkError: httpx.ConnectError: [Errno 11001] getaddrinfo failed
2025-05-08 19:33:54,633 - ERROR - No error handlers are registered, logging exception.
Traceback (most recent call last):
  File "c:\Users\ariyo\AppData\Local\Programs\Python\Python313\Lib\site-packages\httpx\_transports\default.py", line 101, in map_httpcore_exceptions
    yield
  File "c:\Users\ariyo\AppData\Local\Programs\Python\Python313\Lib\site-packages\httpx\_transports\default.py", line 394, in handle_async_request
    resp = await self._pool.handle_async_request(req)
           ^^^^^^^^^^^^^^^^^^^^^^^^^^^^^^^^^^^^^^^^^^
  File "c:\Users\ariyo\AppData\Local\Programs\Python\Python313\Lib\site-packages\httpcore\_async\connection_pool.py", line 256, in handle_async_request
    raise exc from None
  File "c:\Users\ariyo\AppData\Local\Programs\Python\Python313\Lib\site-packages\httpcore\_async\connection_pool.py", line 236, in handle_async_request
    response = await connection.handle_async_request(
               ^^^^^^^^^^^^^^^^^^^^^^^^^^^^^^^^^^^^^^
        pool_request.request
        ^^^^^^^^^^^^^^^^^^^^
    )
    ^
  File "c:\Users\ariyo\AppData\Local\Programs\Python\Python313\Lib\site-packages\httpcore\_async\connection.py", line 101, in handle_async_request
    raise exc
  File "c:\Users\ariyo\AppData\Local\Programs\Python\Python313\Lib\site-packages\httpcore\_async\connection.py", line 78, in handle_async_request
    stream = await self._connect(request)
             ^^^^^^^^^^^^^^^^^^^^^^^^^^^^
  File "c:\Users\ariyo\AppData\Local\Programs\Python\Python313\Lib\site-packages\httpcore\_async\connection.py", line 124, in _connect
    stream = await self._network_backend.connect_tcp(**kwargs)
             ^^^^^^^^^^^^^^^^^^^^^^^^^^^^^^^^^^^^^^^^^^^^^^^^^
  File "c:\Users\ariyo\AppData\Local\Programs\Python\Python313\Lib\site-packages\httpcore\_backends\auto.py", line 31, in connect_tcp
    return await self._backend.connect_tcp(
           ^^^^^^^^^^^^^^^^^^^^^^^^^^^^^^^^
    ...<5 lines>...
    )
    ^
  File "c:\Users\ariyo\AppData\Local\Programs\Python\Python313\Lib\site-packages\httpcore\_backends\anyio.py", line 113, in connect_tcp
    with map_exceptions(exc_map):
         ~~~~~~~~~~~~~~^^^^^^^^^
  File "c:\Users\ariyo\AppData\Local\Programs\Python\Python313\Lib\contextlib.py", line 162, in __exit__
    self.gen.throw(value)
    ~~~~~~~~~~~~~~^^^^^^^
  File "c:\Users\ariyo\AppData\Local\Programs\Python\Python313\Lib\site-packages\httpcore\_exceptions.py", line 14, in map_exceptions
    raise to_exc(exc) from exc
httpcore.ConnectError: [Errno 11001] getaddrinfo failed

The above exception was the direct cause of the following exception:

Traceback (most recent call last):
  File "c:\Users\ariyo\AppData\Local\Programs\Python\Python313\Lib\site-packages\telegram\request\_httpxrequest.py", line 277, in do_request
    res = await self._client.request(
          ^^^^^^^^^^^^^^^^^^^^^^^^^^^
    ...<6 lines>...
    )
    ^
  File "c:\Users\ariyo\AppData\Local\Programs\Python\Python313\Lib\site-packages\httpx\_client.py", line 1540, in request
    return await self.send(request, auth=auth, follow_redirects=follow_redirects)
           ^^^^^^^^^^^^^^^^^^^^^^^^^^^^^^^^^^^^^^^^^^^^^^^^^^^^^^^^^^^^^^^^^^^^^^
  File "c:\Users\ariyo\AppData\Local\Programs\Python\Python313\Lib\site-packages\httpx\_client.py", line 1629, in send
    response = await self._send_handling_auth(
               ^^^^^^^^^^^^^^^^^^^^^^^^^^^^^^^
    ...<4 lines>...
    )
    ^
  File "c:\Users\ariyo\AppData\Local\Programs\Python\Python313\Lib\site-packages\httpx\_client.py", line 1657, in _send_handling_auth
    response = await self._send_handling_redirects(
               ^^^^^^^^^^^^^^^^^^^^^^^^^^^^^^^^^^^^
    ...<3 lines>...
    )
    ^
  File "c:\Users\ariyo\AppData\Local\Programs\Python\Python313\Lib\site-packages\httpx\_client.py", line 1694, in _send_handling_redirects
    response = await self._send_single_request(request)
               ^^^^^^^^^^^^^^^^^^^^^^^^^^^^^^^^^^^^^^^^
  File "c:\Users\ariyo\AppData\Local\Programs\Python\Python313\Lib\site-packages\httpx\_client.py", line 1730, in _send_single_request
    response = await transport.handle_async_request(request)
               ^^^^^^^^^^^^^^^^^^^^^^^^^^^^^^^^^^^^^^^^^^^^^
  File "c:\Users\ariyo\AppData\Local\Programs\Python\Python313\Lib\site-packages\httpx\_transports\default.py", line 393, in handle_async_request
    with map_httpcore_exceptions():
         ~~~~~~~~~~~~~~~~~~~~~~~^^
  File "c:\Users\ariyo\AppData\Local\Programs\Python\Python313\Lib\contextlib.py", line 162, in __exit__
    self.gen.throw(value)
    ~~~~~~~~~~~~~~^^^^^^^
  File "c:\Users\ariyo\AppData\Local\Programs\Python\Python313\Lib\site-packages\httpx\_transports\default.py", line 118, in map_httpcore_exceptions
    raise mapped_exc(message) from exc
httpx.ConnectError: [Errno 11001] getaddrinfo failed

The above exception was the direct cause of the following exception:

Traceback (most recent call last):
  File "c:\Users\ariyo\AppData\Local\Programs\Python\Python313\Lib\site-packages\telegram\ext\_utils\networkloop.py", line 115, in network_retry_loop
    if not await do_action():
           ^^^^^^^^^^^^^^^^^
  File "c:\Users\ariyo\AppData\Local\Programs\Python\Python313\Lib\site-packages\telegram\ext\_utils\networkloop.py", line 108, in do_action
    return action_cb_task.result()
           ~~~~~~~~~~~~~~~~~~~~~^^
  File "c:\Users\ariyo\AppData\Local\Programs\Python\Python313\Lib\site-packages\telegram\ext\_updater.py", line 335, in polling_action_cb
    updates = await self.bot.get_updates(
              ^^^^^^^^^^^^^^^^^^^^^^^^^^^
    ...<3 lines>...
    )
    ^
  File "c:\Users\ariyo\AppData\Local\Programs\Python\Python313\Lib\site-packages\telegram\ext\_extbot.py", line 658, in get_updates
    updates = await super().get_updates(
              ^^^^^^^^^^^^^^^^^^^^^^^^^^
    ...<9 lines>...
    )
    ^
  File "c:\Users\ariyo\AppData\Local\Programs\Python\Python313\Lib\site-packages\telegram\_bot.py", line 4593, in get_updates
    await self._post(
    ^^^^^^^^^^^^^^^^^
    ...<7 lines>...
    ),
    ^
  File "c:\Users\ariyo\AppData\Local\Programs\Python\Python313\Lib\site-packages\telegram\_bot.py", line 691, in _post
    return await self._do_post(
           ^^^^^^^^^^^^^^^^^^^^
    ...<6 lines>...
    )
    ^
  File "c:\Users\ariyo\AppData\Local\Programs\Python\Python313\Lib\site-packages\telegram\ext\_extbot.py", line 362, in _do_post
    return await super()._do_post(
           ^^^^^^^^^^^^^^^^^^^^^^^
    ...<6 lines>...
    )
    ^
  File "c:\Users\ariyo\AppData\Local\Programs\Python\Python313\Lib\site-packages\telegram\_bot.py", line 720, in _do_post
    result = await request.post(
             ^^^^^^^^^^^^^^^^^^^
    ...<6 lines>...
    )
    ^
  File "c:\Users\ariyo\AppData\Local\Programs\Python\Python313\Lib\site-packages\telegram\request\_baserequest.py", line 197, in post
    result = await self._request_wrapper(
             ^^^^^^^^^^^^^^^^^^^^^^^^^^^^
    ...<7 lines>...
    )
    ^
  File "c:\Users\ariyo\AppData\Local\Programs\Python\Python313\Lib\site-packages\telegram\request\_baserequest.py", line 304, in _request_wrapper
    code, payload = await self.do_request(
                    ^^^^^^^^^^^^^^^^^^^^^^
    ...<7 lines>...
    )
    ^
  File "c:\Users\ariyo\AppData\Local\Programs\Python\Python313\Lib\site-packages\telegram\request\_httpxrequest.py", line 301, in do_request
    raise NetworkError(f"httpx.{err.__class__.__name__}: {err}") from err
telegram.error.NetworkError: httpx.ConnectError: [Errno 11001] getaddrinfo failed
2025-05-08 19:34:24,642 - ERROR - No error handlers are registered, logging exception.
Traceback (most recent call last):
  File "c:\Users\ariyo\AppData\Local\Programs\Python\Python313\Lib\site-packages\httpx\_transports\default.py", line 101, in map_httpcore_exceptions
    yield
  File "c:\Users\ariyo\AppData\Local\Programs\Python\Python313\Lib\site-packages\httpx\_transports\default.py", line 394, in handle_async_request
    resp = await self._pool.handle_async_request(req)
           ^^^^^^^^^^^^^^^^^^^^^^^^^^^^^^^^^^^^^^^^^^
  File "c:\Users\ariyo\AppData\Local\Programs\Python\Python313\Lib\site-packages\httpcore\_async\connection_pool.py", line 256, in handle_async_request
    raise exc from None
  File "c:\Users\ariyo\AppData\Local\Programs\Python\Python313\Lib\site-packages\httpcore\_async\connection_pool.py", line 236, in handle_async_request
    response = await connection.handle_async_request(
               ^^^^^^^^^^^^^^^^^^^^^^^^^^^^^^^^^^^^^^
        pool_request.request
        ^^^^^^^^^^^^^^^^^^^^
    )
    ^
  File "c:\Users\ariyo\AppData\Local\Programs\Python\Python313\Lib\site-packages\httpcore\_async\connection.py", line 101, in handle_async_request
    raise exc
  File "c:\Users\ariyo\AppData\Local\Programs\Python\Python313\Lib\site-packages\httpcore\_async\connection.py", line 78, in handle_async_request
    stream = await self._connect(request)
             ^^^^^^^^^^^^^^^^^^^^^^^^^^^^
  File "c:\Users\ariyo\AppData\Local\Programs\Python\Python313\Lib\site-packages\httpcore\_async\connection.py", line 124, in _connect
    stream = await self._network_backend.connect_tcp(**kwargs)
             ^^^^^^^^^^^^^^^^^^^^^^^^^^^^^^^^^^^^^^^^^^^^^^^^^
  File "c:\Users\ariyo\AppData\Local\Programs\Python\Python313\Lib\site-packages\httpcore\_backends\auto.py", line 31, in connect_tcp
    return await self._backend.connect_tcp(
           ^^^^^^^^^^^^^^^^^^^^^^^^^^^^^^^^
    ...<5 lines>...
    )
    ^
  File "c:\Users\ariyo\AppData\Local\Programs\Python\Python313\Lib\site-packages\httpcore\_backends\anyio.py", line 113, in connect_tcp
    with map_exceptions(exc_map):
         ~~~~~~~~~~~~~~^^^^^^^^^
  File "c:\Users\ariyo\AppData\Local\Programs\Python\Python313\Lib\contextlib.py", line 162, in __exit__
    self.gen.throw(value)
    ~~~~~~~~~~~~~~^^^^^^^
  File "c:\Users\ariyo\AppData\Local\Programs\Python\Python313\Lib\site-packages\httpcore\_exceptions.py", line 14, in map_exceptions
    raise to_exc(exc) from exc
httpcore.ConnectError: [Errno 11001] getaddrinfo failed

The above exception was the direct cause of the following exception:

Traceback (most recent call last):
  File "c:\Users\ariyo\AppData\Local\Programs\Python\Python313\Lib\site-packages\telegram\request\_httpxrequest.py", line 277, in do_request
    res = await self._client.request(
          ^^^^^^^^^^^^^^^^^^^^^^^^^^^
    ...<6 lines>...
    )
    ^
  File "c:\Users\ariyo\AppData\Local\Programs\Python\Python313\Lib\site-packages\httpx\_client.py", line 1540, in request
    return await self.send(request, auth=auth, follow_redirects=follow_redirects)
           ^^^^^^^^^^^^^^^^^^^^^^^^^^^^^^^^^^^^^^^^^^^^^^^^^^^^^^^^^^^^^^^^^^^^^^
  File "c:\Users\ariyo\AppData\Local\Programs\Python\Python313\Lib\site-packages\httpx\_client.py", line 1629, in send
    response = await self._send_handling_auth(
               ^^^^^^^^^^^^^^^^^^^^^^^^^^^^^^^
    ...<4 lines>...
    )
    ^
  File "c:\Users\ariyo\AppData\Local\Programs\Python\Python313\Lib\site-packages\httpx\_client.py", line 1657, in _send_handling_auth
    response = await self._send_handling_redirects(
               ^^^^^^^^^^^^^^^^^^^^^^^^^^^^^^^^^^^^
    ...<3 lines>...
    )
    ^
  File "c:\Users\ariyo\AppData\Local\Programs\Python\Python313\Lib\site-packages\httpx\_client.py", line 1694, in _send_handling_redirects
    response = await self._send_single_request(request)
               ^^^^^^^^^^^^^^^^^^^^^^^^^^^^^^^^^^^^^^^^
  File "c:\Users\ariyo\AppData\Local\Programs\Python\Python313\Lib\site-packages\httpx\_client.py", line 1730, in _send_single_request
    response = await transport.handle_async_request(request)
               ^^^^^^^^^^^^^^^^^^^^^^^^^^^^^^^^^^^^^^^^^^^^^
  File "c:\Users\ariyo\AppData\Local\Programs\Python\Python313\Lib\site-packages\httpx\_transports\default.py", line 393, in handle_async_request
    with map_httpcore_exceptions():
         ~~~~~~~~~~~~~~~~~~~~~~~^^
  File "c:\Users\ariyo\AppData\Local\Programs\Python\Python313\Lib\contextlib.py", line 162, in __exit__
    self.gen.throw(value)
    ~~~~~~~~~~~~~~^^^^^^^
  File "c:\Users\ariyo\AppData\Local\Programs\Python\Python313\Lib\site-packages\httpx\_transports\default.py", line 118, in map_httpcore_exceptions
    raise mapped_exc(message) from exc
httpx.ConnectError: [Errno 11001] getaddrinfo failed

The above exception was the direct cause of the following exception:

Traceback (most recent call last):
  File "c:\Users\ariyo\AppData\Local\Programs\Python\Python313\Lib\site-packages\telegram\ext\_utils\networkloop.py", line 115, in network_retry_loop
    if not await do_action():
           ^^^^^^^^^^^^^^^^^
  File "c:\Users\ariyo\AppData\Local\Programs\Python\Python313\Lib\site-packages\telegram\ext\_utils\networkloop.py", line 108, in do_action
    return action_cb_task.result()
           ~~~~~~~~~~~~~~~~~~~~~^^
  File "c:\Users\ariyo\AppData\Local\Programs\Python\Python313\Lib\site-packages\telegram\ext\_updater.py", line 335, in polling_action_cb
    updates = await self.bot.get_updates(
              ^^^^^^^^^^^^^^^^^^^^^^^^^^^
    ...<3 lines>...
    )
    ^
  File "c:\Users\ariyo\AppData\Local\Programs\Python\Python313\Lib\site-packages\telegram\ext\_extbot.py", line 658, in get_updates
    updates = await super().get_updates(
              ^^^^^^^^^^^^^^^^^^^^^^^^^^
    ...<9 lines>...
    )
    ^
  File "c:\Users\ariyo\AppData\Local\Programs\Python\Python313\Lib\site-packages\telegram\_bot.py", line 4593, in get_updates
    await self._post(
    ^^^^^^^^^^^^^^^^^
    ...<7 lines>...
    ),
    ^
  File "c:\Users\ariyo\AppData\Local\Programs\Python\Python313\Lib\site-packages\telegram\_bot.py", line 691, in _post
    return await self._do_post(
           ^^^^^^^^^^^^^^^^^^^^
    ...<6 lines>...
    )
    ^
  File "c:\Users\ariyo\AppData\Local\Programs\Python\Python313\Lib\site-packages\telegram\ext\_extbot.py", line 362, in _do_post
    return await super()._do_post(
           ^^^^^^^^^^^^^^^^^^^^^^^
    ...<6 lines>...
    )
    ^
  File "c:\Users\ariyo\AppData\Local\Programs\Python\Python313\Lib\site-packages\telegram\_bot.py", line 720, in _do_post
    result = await request.post(
             ^^^^^^^^^^^^^^^^^^^
    ...<6 lines>...
    )
    ^
  File "c:\Users\ariyo\AppData\Local\Programs\Python\Python313\Lib\site-packages\telegram\request\_baserequest.py", line 197, in post
    result = await self._request_wrapper(
             ^^^^^^^^^^^^^^^^^^^^^^^^^^^^
    ...<7 lines>...
    )
    ^
  File "c:\Users\ariyo\AppData\Local\Programs\Python\Python313\Lib\site-packages\telegram\request\_baserequest.py", line 304, in _request_wrapper
    code, payload = await self.do_request(
                    ^^^^^^^^^^^^^^^^^^^^^^
    ...<7 lines>...
    )
    ^
  File "c:\Users\ariyo\AppData\Local\Programs\Python\Python313\Lib\site-packages\telegram\request\_httpxrequest.py", line 301, in do_request
    raise NetworkError(f"httpx.{err.__class__.__name__}: {err}") from err
telegram.error.NetworkError: httpx.ConnectError: [Errno 11001] getaddrinfo failed
2025-05-08 19:34:54,652 - ERROR - No error handlers are registered, logging exception.
Traceback (most recent call last):
  File "c:\Users\ariyo\AppData\Local\Programs\Python\Python313\Lib\site-packages\httpx\_transports\default.py", line 101, in map_httpcore_exceptions
    yield
  File "c:\Users\ariyo\AppData\Local\Programs\Python\Python313\Lib\site-packages\httpx\_transports\default.py", line 394, in handle_async_request
    resp = await self._pool.handle_async_request(req)
           ^^^^^^^^^^^^^^^^^^^^^^^^^^^^^^^^^^^^^^^^^^
  File "c:\Users\ariyo\AppData\Local\Programs\Python\Python313\Lib\site-packages\httpcore\_async\connection_pool.py", line 256, in handle_async_request
    raise exc from None
  File "c:\Users\ariyo\AppData\Local\Programs\Python\Python313\Lib\site-packages\httpcore\_async\connection_pool.py", line 236, in handle_async_request
    response = await connection.handle_async_request(
               ^^^^^^^^^^^^^^^^^^^^^^^^^^^^^^^^^^^^^^
        pool_request.request
        ^^^^^^^^^^^^^^^^^^^^
    )
    ^
  File "c:\Users\ariyo\AppData\Local\Programs\Python\Python313\Lib\site-packages\httpcore\_async\connection.py", line 101, in handle_async_request
    raise exc
  File "c:\Users\ariyo\AppData\Local\Programs\Python\Python313\Lib\site-packages\httpcore\_async\connection.py", line 78, in handle_async_request
    stream = await self._connect(request)
             ^^^^^^^^^^^^^^^^^^^^^^^^^^^^
  File "c:\Users\ariyo\AppData\Local\Programs\Python\Python313\Lib\site-packages\httpcore\_async\connection.py", line 124, in _connect
    stream = await self._network_backend.connect_tcp(**kwargs)
             ^^^^^^^^^^^^^^^^^^^^^^^^^^^^^^^^^^^^^^^^^^^^^^^^^
  File "c:\Users\ariyo\AppData\Local\Programs\Python\Python313\Lib\site-packages\httpcore\_backends\auto.py", line 31, in connect_tcp
    return await self._backend.connect_tcp(
           ^^^^^^^^^^^^^^^^^^^^^^^^^^^^^^^^
    ...<5 lines>...
    )
    ^
  File "c:\Users\ariyo\AppData\Local\Programs\Python\Python313\Lib\site-packages\httpcore\_backends\anyio.py", line 113, in connect_tcp
    with map_exceptions(exc_map):
         ~~~~~~~~~~~~~~^^^^^^^^^
  File "c:\Users\ariyo\AppData\Local\Programs\Python\Python313\Lib\contextlib.py", line 162, in __exit__
    self.gen.throw(value)
    ~~~~~~~~~~~~~~^^^^^^^
  File "c:\Users\ariyo\AppData\Local\Programs\Python\Python313\Lib\site-packages\httpcore\_exceptions.py", line 14, in map_exceptions
    raise to_exc(exc) from exc
httpcore.ConnectError: [Errno 11001] getaddrinfo failed

The above exception was the direct cause of the following exception:

Traceback (most recent call last):
  File "c:\Users\ariyo\AppData\Local\Programs\Python\Python313\Lib\site-packages\telegram\request\_httpxrequest.py", line 277, in do_request
    res = await self._client.request(
          ^^^^^^^^^^^^^^^^^^^^^^^^^^^
    ...<6 lines>...
    )
    ^
  File "c:\Users\ariyo\AppData\Local\Programs\Python\Python313\Lib\site-packages\httpx\_client.py", line 1540, in request
    return await self.send(request, auth=auth, follow_redirects=follow_redirects)
           ^^^^^^^^^^^^^^^^^^^^^^^^^^^^^^^^^^^^^^^^^^^^^^^^^^^^^^^^^^^^^^^^^^^^^^
  File "c:\Users\ariyo\AppData\Local\Programs\Python\Python313\Lib\site-packages\httpx\_client.py", line 1629, in send
    response = await self._send_handling_auth(
               ^^^^^^^^^^^^^^^^^^^^^^^^^^^^^^^
    ...<4 lines>...
    )
    ^
  File "c:\Users\ariyo\AppData\Local\Programs\Python\Python313\Lib\site-packages\httpx\_client.py", line 1657, in _send_handling_auth
    response = await self._send_handling_redirects(
               ^^^^^^^^^^^^^^^^^^^^^^^^^^^^^^^^^^^^
    ...<3 lines>...
    )
    ^
  File "c:\Users\ariyo\AppData\Local\Programs\Python\Python313\Lib\site-packages\httpx\_client.py", line 1694, in _send_handling_redirects
    response = await self._send_single_request(request)
               ^^^^^^^^^^^^^^^^^^^^^^^^^^^^^^^^^^^^^^^^
  File "c:\Users\ariyo\AppData\Local\Programs\Python\Python313\Lib\site-packages\httpx\_client.py", line 1730, in _send_single_request
    response = await transport.handle_async_request(request)
               ^^^^^^^^^^^^^^^^^^^^^^^^^^^^^^^^^^^^^^^^^^^^^
  File "c:\Users\ariyo\AppData\Local\Programs\Python\Python313\Lib\site-packages\httpx\_transports\default.py", line 393, in handle_async_request
    with map_httpcore_exceptions():
         ~~~~~~~~~~~~~~~~~~~~~~~^^
  File "c:\Users\ariyo\AppData\Local\Programs\Python\Python313\Lib\contextlib.py", line 162, in __exit__
    self.gen.throw(value)
    ~~~~~~~~~~~~~~^^^^^^^
  File "c:\Users\ariyo\AppData\Local\Programs\Python\Python313\Lib\site-packages\httpx\_transports\default.py", line 118, in map_httpcore_exceptions
    raise mapped_exc(message) from exc
httpx.ConnectError: [Errno 11001] getaddrinfo failed

The above exception was the direct cause of the following exception:

Traceback (most recent call last):
  File "c:\Users\ariyo\AppData\Local\Programs\Python\Python313\Lib\site-packages\telegram\ext\_utils\networkloop.py", line 115, in network_retry_loop
    if not await do_action():
           ^^^^^^^^^^^^^^^^^
  File "c:\Users\ariyo\AppData\Local\Programs\Python\Python313\Lib\site-packages\telegram\ext\_utils\networkloop.py", line 108, in do_action
    return action_cb_task.result()
           ~~~~~~~~~~~~~~~~~~~~~^^
  File "c:\Users\ariyo\AppData\Local\Programs\Python\Python313\Lib\site-packages\telegram\ext\_updater.py", line 335, in polling_action_cb
    updates = await self.bot.get_updates(
              ^^^^^^^^^^^^^^^^^^^^^^^^^^^
    ...<3 lines>...
    )
    ^
  File "c:\Users\ariyo\AppData\Local\Programs\Python\Python313\Lib\site-packages\telegram\ext\_extbot.py", line 658, in get_updates
    updates = await super().get_updates(
              ^^^^^^^^^^^^^^^^^^^^^^^^^^
    ...<9 lines>...
    )
    ^
  File "c:\Users\ariyo\AppData\Local\Programs\Python\Python313\Lib\site-packages\telegram\_bot.py", line 4593, in get_updates
    await self._post(
    ^^^^^^^^^^^^^^^^^
    ...<7 lines>...
    ),
    ^
  File "c:\Users\ariyo\AppData\Local\Programs\Python\Python313\Lib\site-packages\telegram\_bot.py", line 691, in _post
    return await self._do_post(
           ^^^^^^^^^^^^^^^^^^^^
    ...<6 lines>...
    )
    ^
  File "c:\Users\ariyo\AppData\Local\Programs\Python\Python313\Lib\site-packages\telegram\ext\_extbot.py", line 362, in _do_post
    return await super()._do_post(
           ^^^^^^^^^^^^^^^^^^^^^^^
    ...<6 lines>...
    )
    ^
  File "c:\Users\ariyo\AppData\Local\Programs\Python\Python313\Lib\site-packages\telegram\_bot.py", line 720, in _do_post
    result = await request.post(
             ^^^^^^^^^^^^^^^^^^^
    ...<6 lines>...
    )
    ^
  File "c:\Users\ariyo\AppData\Local\Programs\Python\Python313\Lib\site-packages\telegram\request\_baserequest.py", line 197, in post
    result = await self._request_wrapper(
             ^^^^^^^^^^^^^^^^^^^^^^^^^^^^
    ...<7 lines>...
    )
    ^
  File "c:\Users\ariyo\AppData\Local\Programs\Python\Python313\Lib\site-packages\telegram\request\_baserequest.py", line 304, in _request_wrapper
    code, payload = await self.do_request(
                    ^^^^^^^^^^^^^^^^^^^^^^
    ...<7 lines>...
    )
    ^
  File "c:\Users\ariyo\AppData\Local\Programs\Python\Python313\Lib\site-packages\telegram\request\_httpxrequest.py", line 301, in do_request
    raise NetworkError(f"httpx.{err.__class__.__name__}: {err}") from err
telegram.error.NetworkError: httpx.ConnectError: [Errno 11001] getaddrinfo failed
2025-05-08 19:35:24,664 - ERROR - No error handlers are registered, logging exception.
Traceback (most recent call last):
  File "c:\Users\ariyo\AppData\Local\Programs\Python\Python313\Lib\site-packages\httpx\_transports\default.py", line 101, in map_httpcore_exceptions
    yield
  File "c:\Users\ariyo\AppData\Local\Programs\Python\Python313\Lib\site-packages\httpx\_transports\default.py", line 394, in handle_async_request
    resp = await self._pool.handle_async_request(req)
           ^^^^^^^^^^^^^^^^^^^^^^^^^^^^^^^^^^^^^^^^^^
  File "c:\Users\ariyo\AppData\Local\Programs\Python\Python313\Lib\site-packages\httpcore\_async\connection_pool.py", line 256, in handle_async_request
    raise exc from None
  File "c:\Users\ariyo\AppData\Local\Programs\Python\Python313\Lib\site-packages\httpcore\_async\connection_pool.py", line 236, in handle_async_request
    response = await connection.handle_async_request(
               ^^^^^^^^^^^^^^^^^^^^^^^^^^^^^^^^^^^^^^
        pool_request.request
        ^^^^^^^^^^^^^^^^^^^^
    )
    ^
  File "c:\Users\ariyo\AppData\Local\Programs\Python\Python313\Lib\site-packages\httpcore\_async\connection.py", line 101, in handle_async_request
    raise exc
  File "c:\Users\ariyo\AppData\Local\Programs\Python\Python313\Lib\site-packages\httpcore\_async\connection.py", line 78, in handle_async_request
    stream = await self._connect(request)
             ^^^^^^^^^^^^^^^^^^^^^^^^^^^^
  File "c:\Users\ariyo\AppData\Local\Programs\Python\Python313\Lib\site-packages\httpcore\_async\connection.py", line 124, in _connect
    stream = await self._network_backend.connect_tcp(**kwargs)
             ^^^^^^^^^^^^^^^^^^^^^^^^^^^^^^^^^^^^^^^^^^^^^^^^^
  File "c:\Users\ariyo\AppData\Local\Programs\Python\Python313\Lib\site-packages\httpcore\_backends\auto.py", line 31, in connect_tcp
    return await self._backend.connect_tcp(
           ^^^^^^^^^^^^^^^^^^^^^^^^^^^^^^^^
    ...<5 lines>...
    )
    ^
  File "c:\Users\ariyo\AppData\Local\Programs\Python\Python313\Lib\site-packages\httpcore\_backends\anyio.py", line 113, in connect_tcp
    with map_exceptions(exc_map):
         ~~~~~~~~~~~~~~^^^^^^^^^
  File "c:\Users\ariyo\AppData\Local\Programs\Python\Python313\Lib\contextlib.py", line 162, in __exit__
    self.gen.throw(value)
    ~~~~~~~~~~~~~~^^^^^^^
  File "c:\Users\ariyo\AppData\Local\Programs\Python\Python313\Lib\site-packages\httpcore\_exceptions.py", line 14, in map_exceptions
    raise to_exc(exc) from exc
httpcore.ConnectError: [Errno 11001] getaddrinfo failed

The above exception was the direct cause of the following exception:

Traceback (most recent call last):
  File "c:\Users\ariyo\AppData\Local\Programs\Python\Python313\Lib\site-packages\telegram\request\_httpxrequest.py", line 277, in do_request
    res = await self._client.request(
          ^^^^^^^^^^^^^^^^^^^^^^^^^^^
    ...<6 lines>...
    )
    ^
  File "c:\Users\ariyo\AppData\Local\Programs\Python\Python313\Lib\site-packages\httpx\_client.py", line 1540, in request
    return await self.send(request, auth=auth, follow_redirects=follow_redirects)
           ^^^^^^^^^^^^^^^^^^^^^^^^^^^^^^^^^^^^^^^^^^^^^^^^^^^^^^^^^^^^^^^^^^^^^^
  File "c:\Users\ariyo\AppData\Local\Programs\Python\Python313\Lib\site-packages\httpx\_client.py", line 1629, in send
    response = await self._send_handling_auth(
               ^^^^^^^^^^^^^^^^^^^^^^^^^^^^^^^
    ...<4 lines>...
    )
    ^
  File "c:\Users\ariyo\AppData\Local\Programs\Python\Python313\Lib\site-packages\httpx\_client.py", line 1657, in _send_handling_auth
    response = await self._send_handling_redirects(
               ^^^^^^^^^^^^^^^^^^^^^^^^^^^^^^^^^^^^
    ...<3 lines>...
    )
    ^
  File "c:\Users\ariyo\AppData\Local\Programs\Python\Python313\Lib\site-packages\httpx\_client.py", line 1694, in _send_handling_redirects
    response = await self._send_single_request(request)
               ^^^^^^^^^^^^^^^^^^^^^^^^^^^^^^^^^^^^^^^^
  File "c:\Users\ariyo\AppData\Local\Programs\Python\Python313\Lib\site-packages\httpx\_client.py", line 1730, in _send_single_request
    response = await transport.handle_async_request(request)
               ^^^^^^^^^^^^^^^^^^^^^^^^^^^^^^^^^^^^^^^^^^^^^
  File "c:\Users\ariyo\AppData\Local\Programs\Python\Python313\Lib\site-packages\httpx\_transports\default.py", line 393, in handle_async_request
    with map_httpcore_exceptions():
         ~~~~~~~~~~~~~~~~~~~~~~~^^
  File "c:\Users\ariyo\AppData\Local\Programs\Python\Python313\Lib\contextlib.py", line 162, in __exit__
    self.gen.throw(value)
    ~~~~~~~~~~~~~~^^^^^^^
  File "c:\Users\ariyo\AppData\Local\Programs\Python\Python313\Lib\site-packages\httpx\_transports\default.py", line 118, in map_httpcore_exceptions
    raise mapped_exc(message) from exc
httpx.ConnectError: [Errno 11001] getaddrinfo failed

The above exception was the direct cause of the following exception:

Traceback (most recent call last):
  File "c:\Users\ariyo\AppData\Local\Programs\Python\Python313\Lib\site-packages\telegram\ext\_utils\networkloop.py", line 115, in network_retry_loop
    if not await do_action():
           ^^^^^^^^^^^^^^^^^
  File "c:\Users\ariyo\AppData\Local\Programs\Python\Python313\Lib\site-packages\telegram\ext\_utils\networkloop.py", line 108, in do_action
    return action_cb_task.result()
           ~~~~~~~~~~~~~~~~~~~~~^^
  File "c:\Users\ariyo\AppData\Local\Programs\Python\Python313\Lib\site-packages\telegram\ext\_updater.py", line 335, in polling_action_cb
    updates = await self.bot.get_updates(
              ^^^^^^^^^^^^^^^^^^^^^^^^^^^
    ...<3 lines>...
    )
    ^
  File "c:\Users\ariyo\AppData\Local\Programs\Python\Python313\Lib\site-packages\telegram\ext\_extbot.py", line 658, in get_updates
    updates = await super().get_updates(
              ^^^^^^^^^^^^^^^^^^^^^^^^^^
    ...<9 lines>...
    )
    ^
  File "c:\Users\ariyo\AppData\Local\Programs\Python\Python313\Lib\site-packages\telegram\_bot.py", line 4593, in get_updates
    await self._post(
    ^^^^^^^^^^^^^^^^^
    ...<7 lines>...
    ),
    ^
  File "c:\Users\ariyo\AppData\Local\Programs\Python\Python313\Lib\site-packages\telegram\_bot.py", line 691, in _post
    return await self._do_post(
           ^^^^^^^^^^^^^^^^^^^^
    ...<6 lines>...
    )
    ^
  File "c:\Users\ariyo\AppData\Local\Programs\Python\Python313\Lib\site-packages\telegram\ext\_extbot.py", line 362, in _do_post
    return await super()._do_post(
           ^^^^^^^^^^^^^^^^^^^^^^^
    ...<6 lines>...
    )
    ^
  File "c:\Users\ariyo\AppData\Local\Programs\Python\Python313\Lib\site-packages\telegram\_bot.py", line 720, in _do_post
    result = await request.post(
             ^^^^^^^^^^^^^^^^^^^
    ...<6 lines>...
    )
    ^
  File "c:\Users\ariyo\AppData\Local\Programs\Python\Python313\Lib\site-packages\telegram\request\_baserequest.py", line 197, in post
    result = await self._request_wrapper(
             ^^^^^^^^^^^^^^^^^^^^^^^^^^^^
    ...<7 lines>...
    )
    ^
  File "c:\Users\ariyo\AppData\Local\Programs\Python\Python313\Lib\site-packages\telegram\request\_baserequest.py", line 304, in _request_wrapper
    code, payload = await self.do_request(
                    ^^^^^^^^^^^^^^^^^^^^^^
    ...<7 lines>...
    )
    ^
  File "c:\Users\ariyo\AppData\Local\Programs\Python\Python313\Lib\site-packages\telegram\request\_httpxrequest.py", line 301, in do_request
    raise NetworkError(f"httpx.{err.__class__.__name__}: {err}") from err
telegram.error.NetworkError: httpx.ConnectError: [Errno 11001] getaddrinfo failed
2025-05-08 19:35:54,671 - ERROR - No error handlers are registered, logging exception.
Traceback (most recent call last):
  File "c:\Users\ariyo\AppData\Local\Programs\Python\Python313\Lib\site-packages\httpx\_transports\default.py", line 101, in map_httpcore_exceptions
    yield
  File "c:\Users\ariyo\AppData\Local\Programs\Python\Python313\Lib\site-packages\httpx\_transports\default.py", line 394, in handle_async_request
    resp = await self._pool.handle_async_request(req)
           ^^^^^^^^^^^^^^^^^^^^^^^^^^^^^^^^^^^^^^^^^^
  File "c:\Users\ariyo\AppData\Local\Programs\Python\Python313\Lib\site-packages\httpcore\_async\connection_pool.py", line 256, in handle_async_request
    raise exc from None
  File "c:\Users\ariyo\AppData\Local\Programs\Python\Python313\Lib\site-packages\httpcore\_async\connection_pool.py", line 236, in handle_async_request
    response = await connection.handle_async_request(
               ^^^^^^^^^^^^^^^^^^^^^^^^^^^^^^^^^^^^^^
        pool_request.request
        ^^^^^^^^^^^^^^^^^^^^
    )
    ^
  File "c:\Users\ariyo\AppData\Local\Programs\Python\Python313\Lib\site-packages\httpcore\_async\connection.py", line 101, in handle_async_request
    raise exc
  File "c:\Users\ariyo\AppData\Local\Programs\Python\Python313\Lib\site-packages\httpcore\_async\connection.py", line 78, in handle_async_request
    stream = await self._connect(request)
             ^^^^^^^^^^^^^^^^^^^^^^^^^^^^
  File "c:\Users\ariyo\AppData\Local\Programs\Python\Python313\Lib\site-packages\httpcore\_async\connection.py", line 124, in _connect
    stream = await self._network_backend.connect_tcp(**kwargs)
             ^^^^^^^^^^^^^^^^^^^^^^^^^^^^^^^^^^^^^^^^^^^^^^^^^
  File "c:\Users\ariyo\AppData\Local\Programs\Python\Python313\Lib\site-packages\httpcore\_backends\auto.py", line 31, in connect_tcp
    return await self._backend.connect_tcp(
           ^^^^^^^^^^^^^^^^^^^^^^^^^^^^^^^^
    ...<5 lines>...
    )
    ^
  File "c:\Users\ariyo\AppData\Local\Programs\Python\Python313\Lib\site-packages\httpcore\_backends\anyio.py", line 113, in connect_tcp
    with map_exceptions(exc_map):
         ~~~~~~~~~~~~~~^^^^^^^^^
  File "c:\Users\ariyo\AppData\Local\Programs\Python\Python313\Lib\contextlib.py", line 162, in __exit__
    self.gen.throw(value)
    ~~~~~~~~~~~~~~^^^^^^^
  File "c:\Users\ariyo\AppData\Local\Programs\Python\Python313\Lib\site-packages\httpcore\_exceptions.py", line 14, in map_exceptions
    raise to_exc(exc) from exc
httpcore.ConnectError: [Errno 11001] getaddrinfo failed

The above exception was the direct cause of the following exception:

Traceback (most recent call last):
  File "c:\Users\ariyo\AppData\Local\Programs\Python\Python313\Lib\site-packages\telegram\request\_httpxrequest.py", line 277, in do_request
    res = await self._client.request(
          ^^^^^^^^^^^^^^^^^^^^^^^^^^^
    ...<6 lines>...
    )
    ^
  File "c:\Users\ariyo\AppData\Local\Programs\Python\Python313\Lib\site-packages\httpx\_client.py", line 1540, in request
    return await self.send(request, auth=auth, follow_redirects=follow_redirects)
           ^^^^^^^^^^^^^^^^^^^^^^^^^^^^^^^^^^^^^^^^^^^^^^^^^^^^^^^^^^^^^^^^^^^^^^
  File "c:\Users\ariyo\AppData\Local\Programs\Python\Python313\Lib\site-packages\httpx\_client.py", line 1629, in send
    response = await self._send_handling_auth(
               ^^^^^^^^^^^^^^^^^^^^^^^^^^^^^^^
    ...<4 lines>...
    )
    ^
  File "c:\Users\ariyo\AppData\Local\Programs\Python\Python313\Lib\site-packages\httpx\_client.py", line 1657, in _send_handling_auth
    response = await self._send_handling_redirects(
               ^^^^^^^^^^^^^^^^^^^^^^^^^^^^^^^^^^^^
    ...<3 lines>...
    )
    ^
  File "c:\Users\ariyo\AppData\Local\Programs\Python\Python313\Lib\site-packages\httpx\_client.py", line 1694, in _send_handling_redirects
    response = await self._send_single_request(request)
               ^^^^^^^^^^^^^^^^^^^^^^^^^^^^^^^^^^^^^^^^
  File "c:\Users\ariyo\AppData\Local\Programs\Python\Python313\Lib\site-packages\httpx\_client.py", line 1730, in _send_single_request
    response = await transport.handle_async_request(request)
               ^^^^^^^^^^^^^^^^^^^^^^^^^^^^^^^^^^^^^^^^^^^^^
  File "c:\Users\ariyo\AppData\Local\Programs\Python\Python313\Lib\site-packages\httpx\_transports\default.py", line 393, in handle_async_request
    with map_httpcore_exceptions():
         ~~~~~~~~~~~~~~~~~~~~~~~^^
  File "c:\Users\ariyo\AppData\Local\Programs\Python\Python313\Lib\contextlib.py", line 162, in __exit__
    self.gen.throw(value)
    ~~~~~~~~~~~~~~^^^^^^^
  File "c:\Users\ariyo\AppData\Local\Programs\Python\Python313\Lib\site-packages\httpx\_transports\default.py", line 118, in map_httpcore_exceptions
    raise mapped_exc(message) from exc
httpx.ConnectError: [Errno 11001] getaddrinfo failed

The above exception was the direct cause of the following exception:

Traceback (most recent call last):
  File "c:\Users\ariyo\AppData\Local\Programs\Python\Python313\Lib\site-packages\telegram\ext\_utils\networkloop.py", line 115, in network_retry_loop
    if not await do_action():
           ^^^^^^^^^^^^^^^^^
  File "c:\Users\ariyo\AppData\Local\Programs\Python\Python313\Lib\site-packages\telegram\ext\_utils\networkloop.py", line 108, in do_action
    return action_cb_task.result()
           ~~~~~~~~~~~~~~~~~~~~~^^
  File "c:\Users\ariyo\AppData\Local\Programs\Python\Python313\Lib\site-packages\telegram\ext\_updater.py", line 335, in polling_action_cb
    updates = await self.bot.get_updates(
              ^^^^^^^^^^^^^^^^^^^^^^^^^^^
    ...<3 lines>...
    )
    ^
  File "c:\Users\ariyo\AppData\Local\Programs\Python\Python313\Lib\site-packages\telegram\ext\_extbot.py", line 658, in get_updates
    updates = await super().get_updates(
              ^^^^^^^^^^^^^^^^^^^^^^^^^^
    ...<9 lines>...
    )
    ^
  File "c:\Users\ariyo\AppData\Local\Programs\Python\Python313\Lib\site-packages\telegram\_bot.py", line 4593, in get_updates
    await self._post(
    ^^^^^^^^^^^^^^^^^
    ...<7 lines>...
    ),
    ^
  File "c:\Users\ariyo\AppData\Local\Programs\Python\Python313\Lib\site-packages\telegram\_bot.py", line 691, in _post
    return await self._do_post(
           ^^^^^^^^^^^^^^^^^^^^
    ...<6 lines>...
    )
    ^
  File "c:\Users\ariyo\AppData\Local\Programs\Python\Python313\Lib\site-packages\telegram\ext\_extbot.py", line 362, in _do_post
    return await super()._do_post(
           ^^^^^^^^^^^^^^^^^^^^^^^
    ...<6 lines>...
    )
    ^
  File "c:\Users\ariyo\AppData\Local\Programs\Python\Python313\Lib\site-packages\telegram\_bot.py", line 720, in _do_post
    result = await request.post(
             ^^^^^^^^^^^^^^^^^^^
    ...<6 lines>...
    )
    ^
  File "c:\Users\ariyo\AppData\Local\Programs\Python\Python313\Lib\site-packages\telegram\request\_baserequest.py", line 197, in post
    result = await self._request_wrapper(
             ^^^^^^^^^^^^^^^^^^^^^^^^^^^^
    ...<7 lines>...
    )
    ^
  File "c:\Users\ariyo\AppData\Local\Programs\Python\Python313\Lib\site-packages\telegram\request\_baserequest.py", line 304, in _request_wrapper
    code, payload = await self.do_request(
                    ^^^^^^^^^^^^^^^^^^^^^^
    ...<7 lines>...
    )
    ^
  File "c:\Users\ariyo\AppData\Local\Programs\Python\Python313\Lib\site-packages\telegram\request\_httpxrequest.py", line 301, in do_request
    raise NetworkError(f"httpx.{err.__class__.__name__}: {err}") from err
telegram.error.NetworkError: httpx.ConnectError: [Errno 11001] getaddrinfo failed
2025-05-08 19:36:24,677 - ERROR - No error handlers are registered, logging exception.
Traceback (most recent call last):
  File "c:\Users\ariyo\AppData\Local\Programs\Python\Python313\Lib\site-packages\httpx\_transports\default.py", line 101, in map_httpcore_exceptions
    yield
  File "c:\Users\ariyo\AppData\Local\Programs\Python\Python313\Lib\site-packages\httpx\_transports\default.py", line 394, in handle_async_request
    resp = await self._pool.handle_async_request(req)
           ^^^^^^^^^^^^^^^^^^^^^^^^^^^^^^^^^^^^^^^^^^
  File "c:\Users\ariyo\AppData\Local\Programs\Python\Python313\Lib\site-packages\httpcore\_async\connection_pool.py", line 256, in handle_async_request
    raise exc from None
  File "c:\Users\ariyo\AppData\Local\Programs\Python\Python313\Lib\site-packages\httpcore\_async\connection_pool.py", line 236, in handle_async_request
    response = await connection.handle_async_request(
               ^^^^^^^^^^^^^^^^^^^^^^^^^^^^^^^^^^^^^^
        pool_request.request
        ^^^^^^^^^^^^^^^^^^^^
    )
    ^
  File "c:\Users\ariyo\AppData\Local\Programs\Python\Python313\Lib\site-packages\httpcore\_async\connection.py", line 101, in handle_async_request
    raise exc
  File "c:\Users\ariyo\AppData\Local\Programs\Python\Python313\Lib\site-packages\httpcore\_async\connection.py", line 78, in handle_async_request
    stream = await self._connect(request)
             ^^^^^^^^^^^^^^^^^^^^^^^^^^^^
  File "c:\Users\ariyo\AppData\Local\Programs\Python\Python313\Lib\site-packages\httpcore\_async\connection.py", line 124, in _connect
    stream = await self._network_backend.connect_tcp(**kwargs)
             ^^^^^^^^^^^^^^^^^^^^^^^^^^^^^^^^^^^^^^^^^^^^^^^^^
  File "c:\Users\ariyo\AppData\Local\Programs\Python\Python313\Lib\site-packages\httpcore\_backends\auto.py", line 31, in connect_tcp
    return await self._backend.connect_tcp(
           ^^^^^^^^^^^^^^^^^^^^^^^^^^^^^^^^
    ...<5 lines>...
    )
    ^
  File "c:\Users\ariyo\AppData\Local\Programs\Python\Python313\Lib\site-packages\httpcore\_backends\anyio.py", line 113, in connect_tcp
    with map_exceptions(exc_map):
         ~~~~~~~~~~~~~~^^^^^^^^^
  File "c:\Users\ariyo\AppData\Local\Programs\Python\Python313\Lib\contextlib.py", line 162, in __exit__
    self.gen.throw(value)
    ~~~~~~~~~~~~~~^^^^^^^
  File "c:\Users\ariyo\AppData\Local\Programs\Python\Python313\Lib\site-packages\httpcore\_exceptions.py", line 14, in map_exceptions
    raise to_exc(exc) from exc
httpcore.ConnectError: [Errno 11001] getaddrinfo failed

The above exception was the direct cause of the following exception:

Traceback (most recent call last):
  File "c:\Users\ariyo\AppData\Local\Programs\Python\Python313\Lib\site-packages\telegram\request\_httpxrequest.py", line 277, in do_request
    res = await self._client.request(
          ^^^^^^^^^^^^^^^^^^^^^^^^^^^
    ...<6 lines>...
    )
    ^
  File "c:\Users\ariyo\AppData\Local\Programs\Python\Python313\Lib\site-packages\httpx\_client.py", line 1540, in request
    return await self.send(request, auth=auth, follow_redirects=follow_redirects)
           ^^^^^^^^^^^^^^^^^^^^^^^^^^^^^^^^^^^^^^^^^^^^^^^^^^^^^^^^^^^^^^^^^^^^^^
  File "c:\Users\ariyo\AppData\Local\Programs\Python\Python313\Lib\site-packages\httpx\_client.py", line 1629, in send
    response = await self._send_handling_auth(
               ^^^^^^^^^^^^^^^^^^^^^^^^^^^^^^^
    ...<4 lines>...
    )
    ^
  File "c:\Users\ariyo\AppData\Local\Programs\Python\Python313\Lib\site-packages\httpx\_client.py", line 1657, in _send_handling_auth
    response = await self._send_handling_redirects(
               ^^^^^^^^^^^^^^^^^^^^^^^^^^^^^^^^^^^^
    ...<3 lines>...
    )
    ^
  File "c:\Users\ariyo\AppData\Local\Programs\Python\Python313\Lib\site-packages\httpx\_client.py", line 1694, in _send_handling_redirects
    response = await self._send_single_request(request)
               ^^^^^^^^^^^^^^^^^^^^^^^^^^^^^^^^^^^^^^^^
  File "c:\Users\ariyo\AppData\Local\Programs\Python\Python313\Lib\site-packages\httpx\_client.py", line 1730, in _send_single_request
    response = await transport.handle_async_request(request)
               ^^^^^^^^^^^^^^^^^^^^^^^^^^^^^^^^^^^^^^^^^^^^^
  File "c:\Users\ariyo\AppData\Local\Programs\Python\Python313\Lib\site-packages\httpx\_transports\default.py", line 393, in handle_async_request
    with map_httpcore_exceptions():
         ~~~~~~~~~~~~~~~~~~~~~~~^^
  File "c:\Users\ariyo\AppData\Local\Programs\Python\Python313\Lib\contextlib.py", line 162, in __exit__
    self.gen.throw(value)
    ~~~~~~~~~~~~~~^^^^^^^
  File "c:\Users\ariyo\AppData\Local\Programs\Python\Python313\Lib\site-packages\httpx\_transports\default.py", line 118, in map_httpcore_exceptions
    raise mapped_exc(message) from exc
httpx.ConnectError: [Errno 11001] getaddrinfo failed

The above exception was the direct cause of the following exception:

Traceback (most recent call last):
  File "c:\Users\ariyo\AppData\Local\Programs\Python\Python313\Lib\site-packages\telegram\ext\_utils\networkloop.py", line 115, in network_retry_loop
    if not await do_action():
           ^^^^^^^^^^^^^^^^^
  File "c:\Users\ariyo\AppData\Local\Programs\Python\Python313\Lib\site-packages\telegram\ext\_utils\networkloop.py", line 108, in do_action
    return action_cb_task.result()
           ~~~~~~~~~~~~~~~~~~~~~^^
  File "c:\Users\ariyo\AppData\Local\Programs\Python\Python313\Lib\site-packages\telegram\ext\_updater.py", line 335, in polling_action_cb
    updates = await self.bot.get_updates(
              ^^^^^^^^^^^^^^^^^^^^^^^^^^^
    ...<3 lines>...
    )
    ^
  File "c:\Users\ariyo\AppData\Local\Programs\Python\Python313\Lib\site-packages\telegram\ext\_extbot.py", line 658, in get_updates
    updates = await super().get_updates(
              ^^^^^^^^^^^^^^^^^^^^^^^^^^
    ...<9 lines>...
    )
    ^
  File "c:\Users\ariyo\AppData\Local\Programs\Python\Python313\Lib\site-packages\telegram\_bot.py", line 4593, in get_updates
    await self._post(
    ^^^^^^^^^^^^^^^^^
    ...<7 lines>...
    ),
    ^
  File "c:\Users\ariyo\AppData\Local\Programs\Python\Python313\Lib\site-packages\telegram\_bot.py", line 691, in _post
    return await self._do_post(
           ^^^^^^^^^^^^^^^^^^^^
    ...<6 lines>...
    )
    ^
  File "c:\Users\ariyo\AppData\Local\Programs\Python\Python313\Lib\site-packages\telegram\ext\_extbot.py", line 362, in _do_post
    return await super()._do_post(
           ^^^^^^^^^^^^^^^^^^^^^^^
    ...<6 lines>...
    )
    ^
  File "c:\Users\ariyo\AppData\Local\Programs\Python\Python313\Lib\site-packages\telegram\_bot.py", line 720, in _do_post
    result = await request.post(
             ^^^^^^^^^^^^^^^^^^^
    ...<6 lines>...
    )
    ^
  File "c:\Users\ariyo\AppData\Local\Programs\Python\Python313\Lib\site-packages\telegram\request\_baserequest.py", line 197, in post
    result = await self._request_wrapper(
             ^^^^^^^^^^^^^^^^^^^^^^^^^^^^
    ...<7 lines>...
    )
    ^
  File "c:\Users\ariyo\AppData\Local\Programs\Python\Python313\Lib\site-packages\telegram\request\_baserequest.py", line 304, in _request_wrapper
    code, payload = await self.do_request(
                    ^^^^^^^^^^^^^^^^^^^^^^
    ...<7 lines>...
    )
    ^
  File "c:\Users\ariyo\AppData\Local\Programs\Python\Python313\Lib\site-packages\telegram\request\_httpxrequest.py", line 301, in do_request
    raise NetworkError(f"httpx.{err.__class__.__name__}: {err}") from err
telegram.error.NetworkError: httpx.ConnectError: [Errno 11001] getaddrinfo failed
2025-05-08 19:36:54,695 - ERROR - No error handlers are registered, logging exception.
Traceback (most recent call last):
  File "c:\Users\ariyo\AppData\Local\Programs\Python\Python313\Lib\site-packages\httpx\_transports\default.py", line 101, in map_httpcore_exceptions
    yield
  File "c:\Users\ariyo\AppData\Local\Programs\Python\Python313\Lib\site-packages\httpx\_transports\default.py", line 394, in handle_async_request
    resp = await self._pool.handle_async_request(req)
           ^^^^^^^^^^^^^^^^^^^^^^^^^^^^^^^^^^^^^^^^^^
  File "c:\Users\ariyo\AppData\Local\Programs\Python\Python313\Lib\site-packages\httpcore\_async\connection_pool.py", line 256, in handle_async_request
    raise exc from None
  File "c:\Users\ariyo\AppData\Local\Programs\Python\Python313\Lib\site-packages\httpcore\_async\connection_pool.py", line 236, in handle_async_request
    response = await connection.handle_async_request(
               ^^^^^^^^^^^^^^^^^^^^^^^^^^^^^^^^^^^^^^
        pool_request.request
        ^^^^^^^^^^^^^^^^^^^^
    )
    ^
  File "c:\Users\ariyo\AppData\Local\Programs\Python\Python313\Lib\site-packages\httpcore\_async\connection.py", line 101, in handle_async_request
    raise exc
  File "c:\Users\ariyo\AppData\Local\Programs\Python\Python313\Lib\site-packages\httpcore\_async\connection.py", line 78, in handle_async_request
    stream = await self._connect(request)
             ^^^^^^^^^^^^^^^^^^^^^^^^^^^^
  File "c:\Users\ariyo\AppData\Local\Programs\Python\Python313\Lib\site-packages\httpcore\_async\connection.py", line 124, in _connect
    stream = await self._network_backend.connect_tcp(**kwargs)
             ^^^^^^^^^^^^^^^^^^^^^^^^^^^^^^^^^^^^^^^^^^^^^^^^^
  File "c:\Users\ariyo\AppData\Local\Programs\Python\Python313\Lib\site-packages\httpcore\_backends\auto.py", line 31, in connect_tcp
    return await self._backend.connect_tcp(
           ^^^^^^^^^^^^^^^^^^^^^^^^^^^^^^^^
    ...<5 lines>...
    )
    ^
  File "c:\Users\ariyo\AppData\Local\Programs\Python\Python313\Lib\site-packages\httpcore\_backends\anyio.py", line 113, in connect_tcp
    with map_exceptions(exc_map):
         ~~~~~~~~~~~~~~^^^^^^^^^
  File "c:\Users\ariyo\AppData\Local\Programs\Python\Python313\Lib\contextlib.py", line 162, in __exit__
    self.gen.throw(value)
    ~~~~~~~~~~~~~~^^^^^^^
  File "c:\Users\ariyo\AppData\Local\Programs\Python\Python313\Lib\site-packages\httpcore\_exceptions.py", line 14, in map_exceptions
    raise to_exc(exc) from exc
httpcore.ConnectError: [Errno 11001] getaddrinfo failed

The above exception was the direct cause of the following exception:

Traceback (most recent call last):
  File "c:\Users\ariyo\AppData\Local\Programs\Python\Python313\Lib\site-packages\telegram\request\_httpxrequest.py", line 277, in do_request
    res = await self._client.request(
          ^^^^^^^^^^^^^^^^^^^^^^^^^^^
    ...<6 lines>...
    )
    ^
  File "c:\Users\ariyo\AppData\Local\Programs\Python\Python313\Lib\site-packages\httpx\_client.py", line 1540, in request
    return await self.send(request, auth=auth, follow_redirects=follow_redirects)
           ^^^^^^^^^^^^^^^^^^^^^^^^^^^^^^^^^^^^^^^^^^^^^^^^^^^^^^^^^^^^^^^^^^^^^^
  File "c:\Users\ariyo\AppData\Local\Programs\Python\Python313\Lib\site-packages\httpx\_client.py", line 1629, in send
    response = await self._send_handling_auth(
               ^^^^^^^^^^^^^^^^^^^^^^^^^^^^^^^
    ...<4 lines>...
    )
    ^
  File "c:\Users\ariyo\AppData\Local\Programs\Python\Python313\Lib\site-packages\httpx\_client.py", line 1657, in _send_handling_auth
    response = await self._send_handling_redirects(
               ^^^^^^^^^^^^^^^^^^^^^^^^^^^^^^^^^^^^
    ...<3 lines>...
    )
    ^
  File "c:\Users\ariyo\AppData\Local\Programs\Python\Python313\Lib\site-packages\httpx\_client.py", line 1694, in _send_handling_redirects
    response = await self._send_single_request(request)
               ^^^^^^^^^^^^^^^^^^^^^^^^^^^^^^^^^^^^^^^^
  File "c:\Users\ariyo\AppData\Local\Programs\Python\Python313\Lib\site-packages\httpx\_client.py", line 1730, in _send_single_request
    response = await transport.handle_async_request(request)
               ^^^^^^^^^^^^^^^^^^^^^^^^^^^^^^^^^^^^^^^^^^^^^
  File "c:\Users\ariyo\AppData\Local\Programs\Python\Python313\Lib\site-packages\httpx\_transports\default.py", line 393, in handle_async_request
    with map_httpcore_exceptions():
         ~~~~~~~~~~~~~~~~~~~~~~~^^
  File "c:\Users\ariyo\AppData\Local\Programs\Python\Python313\Lib\contextlib.py", line 162, in __exit__
    self.gen.throw(value)
    ~~~~~~~~~~~~~~^^^^^^^
  File "c:\Users\ariyo\AppData\Local\Programs\Python\Python313\Lib\site-packages\httpx\_transports\default.py", line 118, in map_httpcore_exceptions
    raise mapped_exc(message) from exc
httpx.ConnectError: [Errno 11001] getaddrinfo failed

The above exception was the direct cause of the following exception:

Traceback (most recent call last):
  File "c:\Users\ariyo\AppData\Local\Programs\Python\Python313\Lib\site-packages\telegram\ext\_utils\networkloop.py", line 115, in network_retry_loop
    if not await do_action():
           ^^^^^^^^^^^^^^^^^
  File "c:\Users\ariyo\AppData\Local\Programs\Python\Python313\Lib\site-packages\telegram\ext\_utils\networkloop.py", line 108, in do_action
    return action_cb_task.result()
           ~~~~~~~~~~~~~~~~~~~~~^^
  File "c:\Users\ariyo\AppData\Local\Programs\Python\Python313\Lib\site-packages\telegram\ext\_updater.py", line 335, in polling_action_cb
    updates = await self.bot.get_updates(
              ^^^^^^^^^^^^^^^^^^^^^^^^^^^
    ...<3 lines>...
    )
    ^
  File "c:\Users\ariyo\AppData\Local\Programs\Python\Python313\Lib\site-packages\telegram\ext\_extbot.py", line 658, in get_updates
    updates = await super().get_updates(
              ^^^^^^^^^^^^^^^^^^^^^^^^^^
    ...<9 lines>...
    )
    ^
  File "c:\Users\ariyo\AppData\Local\Programs\Python\Python313\Lib\site-packages\telegram\_bot.py", line 4593, in get_updates
    await self._post(
    ^^^^^^^^^^^^^^^^^
    ...<7 lines>...
    ),
    ^
  File "c:\Users\ariyo\AppData\Local\Programs\Python\Python313\Lib\site-packages\telegram\_bot.py", line 691, in _post
    return await self._do_post(
           ^^^^^^^^^^^^^^^^^^^^
    ...<6 lines>...
    )
    ^
  File "c:\Users\ariyo\AppData\Local\Programs\Python\Python313\Lib\site-packages\telegram\ext\_extbot.py", line 362, in _do_post
    return await super()._do_post(
           ^^^^^^^^^^^^^^^^^^^^^^^
    ...<6 lines>...
    )
    ^
  File "c:\Users\ariyo\AppData\Local\Programs\Python\Python313\Lib\site-packages\telegram\_bot.py", line 720, in _do_post
    result = await request.post(
             ^^^^^^^^^^^^^^^^^^^
    ...<6 lines>...
    )
    ^
  File "c:\Users\ariyo\AppData\Local\Programs\Python\Python313\Lib\site-packages\telegram\request\_baserequest.py", line 197, in post
    result = await self._request_wrapper(
             ^^^^^^^^^^^^^^^^^^^^^^^^^^^^
    ...<7 lines>...
    )
    ^
  File "c:\Users\ariyo\AppData\Local\Programs\Python\Python313\Lib\site-packages\telegram\request\_baserequest.py", line 304, in _request_wrapper
    code, payload = await self.do_request(
                    ^^^^^^^^^^^^^^^^^^^^^^
    ...<7 lines>...
    )
    ^
  File "c:\Users\ariyo\AppData\Local\Programs\Python\Python313\Lib\site-packages\telegram\request\_httpxrequest.py", line 301, in do_request
    raise NetworkError(f"httpx.{err.__class__.__name__}: {err}") from err
telegram.error.NetworkError: httpx.ConnectError: [Errno 11001] getaddrinfo failed
2025-05-08 19:37:24,714 - ERROR - No error handlers are registered, logging exception.
Traceback (most recent call last):
  File "c:\Users\ariyo\AppData\Local\Programs\Python\Python313\Lib\site-packages\httpx\_transports\default.py", line 101, in map_httpcore_exceptions
    yield
  File "c:\Users\ariyo\AppData\Local\Programs\Python\Python313\Lib\site-packages\httpx\_transports\default.py", line 394, in handle_async_request
    resp = await self._pool.handle_async_request(req)
           ^^^^^^^^^^^^^^^^^^^^^^^^^^^^^^^^^^^^^^^^^^
  File "c:\Users\ariyo\AppData\Local\Programs\Python\Python313\Lib\site-packages\httpcore\_async\connection_pool.py", line 256, in handle_async_request
    raise exc from None
  File "c:\Users\ariyo\AppData\Local\Programs\Python\Python313\Lib\site-packages\httpcore\_async\connection_pool.py", line 236, in handle_async_request
    response = await connection.handle_async_request(
               ^^^^^^^^^^^^^^^^^^^^^^^^^^^^^^^^^^^^^^
        pool_request.request
        ^^^^^^^^^^^^^^^^^^^^
    )
    ^
  File "c:\Users\ariyo\AppData\Local\Programs\Python\Python313\Lib\site-packages\httpcore\_async\connection.py", line 101, in handle_async_request
    raise exc
  File "c:\Users\ariyo\AppData\Local\Programs\Python\Python313\Lib\site-packages\httpcore\_async\connection.py", line 78, in handle_async_request
    stream = await self._connect(request)
             ^^^^^^^^^^^^^^^^^^^^^^^^^^^^
  File "c:\Users\ariyo\AppData\Local\Programs\Python\Python313\Lib\site-packages\httpcore\_async\connection.py", line 124, in _connect
    stream = await self._network_backend.connect_tcp(**kwargs)
             ^^^^^^^^^^^^^^^^^^^^^^^^^^^^^^^^^^^^^^^^^^^^^^^^^
  File "c:\Users\ariyo\AppData\Local\Programs\Python\Python313\Lib\site-packages\httpcore\_backends\auto.py", line 31, in connect_tcp
    return await self._backend.connect_tcp(
           ^^^^^^^^^^^^^^^^^^^^^^^^^^^^^^^^
    ...<5 lines>...
    )
    ^
  File "c:\Users\ariyo\AppData\Local\Programs\Python\Python313\Lib\site-packages\httpcore\_backends\anyio.py", line 113, in connect_tcp
    with map_exceptions(exc_map):
         ~~~~~~~~~~~~~~^^^^^^^^^
  File "c:\Users\ariyo\AppData\Local\Programs\Python\Python313\Lib\contextlib.py", line 162, in __exit__
    self.gen.throw(value)
    ~~~~~~~~~~~~~~^^^^^^^
  File "c:\Users\ariyo\AppData\Local\Programs\Python\Python313\Lib\site-packages\httpcore\_exceptions.py", line 14, in map_exceptions
    raise to_exc(exc) from exc
httpcore.ConnectError: [Errno 11001] getaddrinfo failed

The above exception was the direct cause of the following exception:

Traceback (most recent call last):
  File "c:\Users\ariyo\AppData\Local\Programs\Python\Python313\Lib\site-packages\telegram\request\_httpxrequest.py", line 277, in do_request
    res = await self._client.request(
          ^^^^^^^^^^^^^^^^^^^^^^^^^^^
    ...<6 lines>...
    )
    ^
  File "c:\Users\ariyo\AppData\Local\Programs\Python\Python313\Lib\site-packages\httpx\_client.py", line 1540, in request
    return await self.send(request, auth=auth, follow_redirects=follow_redirects)
           ^^^^^^^^^^^^^^^^^^^^^^^^^^^^^^^^^^^^^^^^^^^^^^^^^^^^^^^^^^^^^^^^^^^^^^
  File "c:\Users\ariyo\AppData\Local\Programs\Python\Python313\Lib\site-packages\httpx\_client.py", line 1629, in send
    response = await self._send_handling_auth(
               ^^^^^^^^^^^^^^^^^^^^^^^^^^^^^^^
    ...<4 lines>...
    )
    ^
  File "c:\Users\ariyo\AppData\Local\Programs\Python\Python313\Lib\site-packages\httpx\_client.py", line 1657, in _send_handling_auth
    response = await self._send_handling_redirects(
               ^^^^^^^^^^^^^^^^^^^^^^^^^^^^^^^^^^^^
    ...<3 lines>...
    )
    ^
  File "c:\Users\ariyo\AppData\Local\Programs\Python\Python313\Lib\site-packages\httpx\_client.py", line 1694, in _send_handling_redirects
    response = await self._send_single_request(request)
               ^^^^^^^^^^^^^^^^^^^^^^^^^^^^^^^^^^^^^^^^
  File "c:\Users\ariyo\AppData\Local\Programs\Python\Python313\Lib\site-packages\httpx\_client.py", line 1730, in _send_single_request
    response = await transport.handle_async_request(request)
               ^^^^^^^^^^^^^^^^^^^^^^^^^^^^^^^^^^^^^^^^^^^^^
  File "c:\Users\ariyo\AppData\Local\Programs\Python\Python313\Lib\site-packages\httpx\_transports\default.py", line 393, in handle_async_request
    with map_httpcore_exceptions():
         ~~~~~~~~~~~~~~~~~~~~~~~^^
  File "c:\Users\ariyo\AppData\Local\Programs\Python\Python313\Lib\contextlib.py", line 162, in __exit__
    self.gen.throw(value)
    ~~~~~~~~~~~~~~^^^^^^^
  File "c:\Users\ariyo\AppData\Local\Programs\Python\Python313\Lib\site-packages\httpx\_transports\default.py", line 118, in map_httpcore_exceptions
    raise mapped_exc(message) from exc
httpx.ConnectError: [Errno 11001] getaddrinfo failed

The above exception was the direct cause of the following exception:

Traceback (most recent call last):
  File "c:\Users\ariyo\AppData\Local\Programs\Python\Python313\Lib\site-packages\telegram\ext\_utils\networkloop.py", line 115, in network_retry_loop
    if not await do_action():
           ^^^^^^^^^^^^^^^^^
  File "c:\Users\ariyo\AppData\Local\Programs\Python\Python313\Lib\site-packages\telegram\ext\_utils\networkloop.py", line 108, in do_action
    return action_cb_task.result()
           ~~~~~~~~~~~~~~~~~~~~~^^
  File "c:\Users\ariyo\AppData\Local\Programs\Python\Python313\Lib\site-packages\telegram\ext\_updater.py", line 335, in polling_action_cb
    updates = await self.bot.get_updates(
              ^^^^^^^^^^^^^^^^^^^^^^^^^^^
    ...<3 lines>...
    )
    ^
  File "c:\Users\ariyo\AppData\Local\Programs\Python\Python313\Lib\site-packages\telegram\ext\_extbot.py", line 658, in get_updates
    updates = await super().get_updates(
              ^^^^^^^^^^^^^^^^^^^^^^^^^^
    ...<9 lines>...
    )
    ^
  File "c:\Users\ariyo\AppData\Local\Programs\Python\Python313\Lib\site-packages\telegram\_bot.py", line 4593, in get_updates
    await self._post(
    ^^^^^^^^^^^^^^^^^
    ...<7 lines>...
    ),
    ^
  File "c:\Users\ariyo\AppData\Local\Programs\Python\Python313\Lib\site-packages\telegram\_bot.py", line 691, in _post
    return await self._do_post(
           ^^^^^^^^^^^^^^^^^^^^
    ...<6 lines>...
    )
    ^
  File "c:\Users\ariyo\AppData\Local\Programs\Python\Python313\Lib\site-packages\telegram\ext\_extbot.py", line 362, in _do_post
    return await super()._do_post(
           ^^^^^^^^^^^^^^^^^^^^^^^
    ...<6 lines>...
    )
    ^
  File "c:\Users\ariyo\AppData\Local\Programs\Python\Python313\Lib\site-packages\telegram\_bot.py", line 720, in _do_post
    result = await request.post(
             ^^^^^^^^^^^^^^^^^^^
    ...<6 lines>...
    )
    ^
  File "c:\Users\ariyo\AppData\Local\Programs\Python\Python313\Lib\site-packages\telegram\request\_baserequest.py", line 197, in post
    result = await self._request_wrapper(
             ^^^^^^^^^^^^^^^^^^^^^^^^^^^^
    ...<7 lines>...
    )
    ^
  File "c:\Users\ariyo\AppData\Local\Programs\Python\Python313\Lib\site-packages\telegram\request\_baserequest.py", line 304, in _request_wrapper
    code, payload = await self.do_request(
                    ^^^^^^^^^^^^^^^^^^^^^^
    ...<7 lines>...
    )
    ^
  File "c:\Users\ariyo\AppData\Local\Programs\Python\Python313\Lib\site-packages\telegram\request\_httpxrequest.py", line 301, in do_request
    raise NetworkError(f"httpx.{err.__class__.__name__}: {err}") from err
telegram.error.NetworkError: httpx.ConnectError: [Errno 11001] getaddrinfo failed
2025-05-08 19:37:54,722 - ERROR - No error handlers are registered, logging exception.
Traceback (most recent call last):
  File "c:\Users\ariyo\AppData\Local\Programs\Python\Python313\Lib\site-packages\httpx\_transports\default.py", line 101, in map_httpcore_exceptions
    yield
  File "c:\Users\ariyo\AppData\Local\Programs\Python\Python313\Lib\site-packages\httpx\_transports\default.py", line 394, in handle_async_request
    resp = await self._pool.handle_async_request(req)
           ^^^^^^^^^^^^^^^^^^^^^^^^^^^^^^^^^^^^^^^^^^
  File "c:\Users\ariyo\AppData\Local\Programs\Python\Python313\Lib\site-packages\httpcore\_async\connection_pool.py", line 256, in handle_async_request
    raise exc from None
  File "c:\Users\ariyo\AppData\Local\Programs\Python\Python313\Lib\site-packages\httpcore\_async\connection_pool.py", line 236, in handle_async_request
    response = await connection.handle_async_request(
               ^^^^^^^^^^^^^^^^^^^^^^^^^^^^^^^^^^^^^^
        pool_request.request
        ^^^^^^^^^^^^^^^^^^^^
    )
    ^
  File "c:\Users\ariyo\AppData\Local\Programs\Python\Python313\Lib\site-packages\httpcore\_async\connection.py", line 101, in handle_async_request
    raise exc
  File "c:\Users\ariyo\AppData\Local\Programs\Python\Python313\Lib\site-packages\httpcore\_async\connection.py", line 78, in handle_async_request
    stream = await self._connect(request)
             ^^^^^^^^^^^^^^^^^^^^^^^^^^^^
  File "c:\Users\ariyo\AppData\Local\Programs\Python\Python313\Lib\site-packages\httpcore\_async\connection.py", line 124, in _connect
    stream = await self._network_backend.connect_tcp(**kwargs)
             ^^^^^^^^^^^^^^^^^^^^^^^^^^^^^^^^^^^^^^^^^^^^^^^^^
  File "c:\Users\ariyo\AppData\Local\Programs\Python\Python313\Lib\site-packages\httpcore\_backends\auto.py", line 31, in connect_tcp
    return await self._backend.connect_tcp(
           ^^^^^^^^^^^^^^^^^^^^^^^^^^^^^^^^
    ...<5 lines>...
    )
    ^
  File "c:\Users\ariyo\AppData\Local\Programs\Python\Python313\Lib\site-packages\httpcore\_backends\anyio.py", line 113, in connect_tcp
    with map_exceptions(exc_map):
         ~~~~~~~~~~~~~~^^^^^^^^^
  File "c:\Users\ariyo\AppData\Local\Programs\Python\Python313\Lib\contextlib.py", line 162, in __exit__
    self.gen.throw(value)
    ~~~~~~~~~~~~~~^^^^^^^
  File "c:\Users\ariyo\AppData\Local\Programs\Python\Python313\Lib\site-packages\httpcore\_exceptions.py", line 14, in map_exceptions
    raise to_exc(exc) from exc
httpcore.ConnectError: [Errno 11001] getaddrinfo failed

The above exception was the direct cause of the following exception:

Traceback (most recent call last):
  File "c:\Users\ariyo\AppData\Local\Programs\Python\Python313\Lib\site-packages\telegram\request\_httpxrequest.py", line 277, in do_request
    res = await self._client.request(
          ^^^^^^^^^^^^^^^^^^^^^^^^^^^
    ...<6 lines>...
    )
    ^
  File "c:\Users\ariyo\AppData\Local\Programs\Python\Python313\Lib\site-packages\httpx\_client.py", line 1540, in request
    return await self.send(request, auth=auth, follow_redirects=follow_redirects)
           ^^^^^^^^^^^^^^^^^^^^^^^^^^^^^^^^^^^^^^^^^^^^^^^^^^^^^^^^^^^^^^^^^^^^^^
  File "c:\Users\ariyo\AppData\Local\Programs\Python\Python313\Lib\site-packages\httpx\_client.py", line 1629, in send
    response = await self._send_handling_auth(
               ^^^^^^^^^^^^^^^^^^^^^^^^^^^^^^^
    ...<4 lines>...
    )
    ^
  File "c:\Users\ariyo\AppData\Local\Programs\Python\Python313\Lib\site-packages\httpx\_client.py", line 1657, in _send_handling_auth
    response = await self._send_handling_redirects(
               ^^^^^^^^^^^^^^^^^^^^^^^^^^^^^^^^^^^^
    ...<3 lines>...
    )
    ^
  File "c:\Users\ariyo\AppData\Local\Programs\Python\Python313\Lib\site-packages\httpx\_client.py", line 1694, in _send_handling_redirects
    response = await self._send_single_request(request)
               ^^^^^^^^^^^^^^^^^^^^^^^^^^^^^^^^^^^^^^^^
  File "c:\Users\ariyo\AppData\Local\Programs\Python\Python313\Lib\site-packages\httpx\_client.py", line 1730, in _send_single_request
    response = await transport.handle_async_request(request)
               ^^^^^^^^^^^^^^^^^^^^^^^^^^^^^^^^^^^^^^^^^^^^^
  File "c:\Users\ariyo\AppData\Local\Programs\Python\Python313\Lib\site-packages\httpx\_transports\default.py", line 393, in handle_async_request
    with map_httpcore_exceptions():
         ~~~~~~~~~~~~~~~~~~~~~~~^^
  File "c:\Users\ariyo\AppData\Local\Programs\Python\Python313\Lib\contextlib.py", line 162, in __exit__
    self.gen.throw(value)
    ~~~~~~~~~~~~~~^^^^^^^
  File "c:\Users\ariyo\AppData\Local\Programs\Python\Python313\Lib\site-packages\httpx\_transports\default.py", line 118, in map_httpcore_exceptions
    raise mapped_exc(message) from exc
httpx.ConnectError: [Errno 11001] getaddrinfo failed

The above exception was the direct cause of the following exception:

Traceback (most recent call last):
  File "c:\Users\ariyo\AppData\Local\Programs\Python\Python313\Lib\site-packages\telegram\ext\_utils\networkloop.py", line 115, in network_retry_loop
    if not await do_action():
           ^^^^^^^^^^^^^^^^^
  File "c:\Users\ariyo\AppData\Local\Programs\Python\Python313\Lib\site-packages\telegram\ext\_utils\networkloop.py", line 108, in do_action
    return action_cb_task.result()
           ~~~~~~~~~~~~~~~~~~~~~^^
  File "c:\Users\ariyo\AppData\Local\Programs\Python\Python313\Lib\site-packages\telegram\ext\_updater.py", line 335, in polling_action_cb
    updates = await self.bot.get_updates(
              ^^^^^^^^^^^^^^^^^^^^^^^^^^^
    ...<3 lines>...
    )
    ^
  File "c:\Users\ariyo\AppData\Local\Programs\Python\Python313\Lib\site-packages\telegram\ext\_extbot.py", line 658, in get_updates
    updates = await super().get_updates(
              ^^^^^^^^^^^^^^^^^^^^^^^^^^
    ...<9 lines>...
    )
    ^
  File "c:\Users\ariyo\AppData\Local\Programs\Python\Python313\Lib\site-packages\telegram\_bot.py", line 4593, in get_updates
    await self._post(
    ^^^^^^^^^^^^^^^^^
    ...<7 lines>...
    ),
    ^
  File "c:\Users\ariyo\AppData\Local\Programs\Python\Python313\Lib\site-packages\telegram\_bot.py", line 691, in _post
    return await self._do_post(
           ^^^^^^^^^^^^^^^^^^^^
    ...<6 lines>...
    )
    ^
  File "c:\Users\ariyo\AppData\Local\Programs\Python\Python313\Lib\site-packages\telegram\ext\_extbot.py", line 362, in _do_post
    return await super()._do_post(
           ^^^^^^^^^^^^^^^^^^^^^^^
    ...<6 lines>...
    )
    ^
  File "c:\Users\ariyo\AppData\Local\Programs\Python\Python313\Lib\site-packages\telegram\_bot.py", line 720, in _do_post
    result = await request.post(
             ^^^^^^^^^^^^^^^^^^^
    ...<6 lines>...
    )
    ^
  File "c:\Users\ariyo\AppData\Local\Programs\Python\Python313\Lib\site-packages\telegram\request\_baserequest.py", line 197, in post
    result = await self._request_wrapper(
             ^^^^^^^^^^^^^^^^^^^^^^^^^^^^
    ...<7 lines>...
    )
    ^
  File "c:\Users\ariyo\AppData\Local\Programs\Python\Python313\Lib\site-packages\telegram\request\_baserequest.py", line 304, in _request_wrapper
    code, payload = await self.do_request(
                    ^^^^^^^^^^^^^^^^^^^^^^
    ...<7 lines>...
    )
    ^
  File "c:\Users\ariyo\AppData\Local\Programs\Python\Python313\Lib\site-packages\telegram\request\_httpxrequest.py", line 301, in do_request
    raise NetworkError(f"httpx.{err.__class__.__name__}: {err}") from err
telegram.error.NetworkError: httpx.ConnectError: [Errno 11001] getaddrinfo failed
2025-05-08 19:38:24,729 - ERROR - No error handlers are registered, logging exception.
Traceback (most recent call last):
  File "c:\Users\ariyo\AppData\Local\Programs\Python\Python313\Lib\site-packages\httpx\_transports\default.py", line 101, in map_httpcore_exceptions
    yield
  File "c:\Users\ariyo\AppData\Local\Programs\Python\Python313\Lib\site-packages\httpx\_transports\default.py", line 394, in handle_async_request
    resp = await self._pool.handle_async_request(req)
           ^^^^^^^^^^^^^^^^^^^^^^^^^^^^^^^^^^^^^^^^^^
  File "c:\Users\ariyo\AppData\Local\Programs\Python\Python313\Lib\site-packages\httpcore\_async\connection_pool.py", line 256, in handle_async_request
    raise exc from None
  File "c:\Users\ariyo\AppData\Local\Programs\Python\Python313\Lib\site-packages\httpcore\_async\connection_pool.py", line 236, in handle_async_request
    response = await connection.handle_async_request(
               ^^^^^^^^^^^^^^^^^^^^^^^^^^^^^^^^^^^^^^
        pool_request.request
        ^^^^^^^^^^^^^^^^^^^^
    )
    ^
  File "c:\Users\ariyo\AppData\Local\Programs\Python\Python313\Lib\site-packages\httpcore\_async\connection.py", line 101, in handle_async_request
    raise exc
  File "c:\Users\ariyo\AppData\Local\Programs\Python\Python313\Lib\site-packages\httpcore\_async\connection.py", line 78, in handle_async_request
    stream = await self._connect(request)
             ^^^^^^^^^^^^^^^^^^^^^^^^^^^^
  File "c:\Users\ariyo\AppData\Local\Programs\Python\Python313\Lib\site-packages\httpcore\_async\connection.py", line 124, in _connect
    stream = await self._network_backend.connect_tcp(**kwargs)
             ^^^^^^^^^^^^^^^^^^^^^^^^^^^^^^^^^^^^^^^^^^^^^^^^^
  File "c:\Users\ariyo\AppData\Local\Programs\Python\Python313\Lib\site-packages\httpcore\_backends\auto.py", line 31, in connect_tcp
    return await self._backend.connect_tcp(
           ^^^^^^^^^^^^^^^^^^^^^^^^^^^^^^^^
    ...<5 lines>...
    )
    ^
  File "c:\Users\ariyo\AppData\Local\Programs\Python\Python313\Lib\site-packages\httpcore\_backends\anyio.py", line 113, in connect_tcp
    with map_exceptions(exc_map):
         ~~~~~~~~~~~~~~^^^^^^^^^
  File "c:\Users\ariyo\AppData\Local\Programs\Python\Python313\Lib\contextlib.py", line 162, in __exit__
    self.gen.throw(value)
    ~~~~~~~~~~~~~~^^^^^^^
  File "c:\Users\ariyo\AppData\Local\Programs\Python\Python313\Lib\site-packages\httpcore\_exceptions.py", line 14, in map_exceptions
    raise to_exc(exc) from exc
httpcore.ConnectError: [Errno 11001] getaddrinfo failed

The above exception was the direct cause of the following exception:

Traceback (most recent call last):
  File "c:\Users\ariyo\AppData\Local\Programs\Python\Python313\Lib\site-packages\telegram\request\_httpxrequest.py", line 277, in do_request
    res = await self._client.request(
          ^^^^^^^^^^^^^^^^^^^^^^^^^^^
    ...<6 lines>...
    )
    ^
  File "c:\Users\ariyo\AppData\Local\Programs\Python\Python313\Lib\site-packages\httpx\_client.py", line 1540, in request
    return await self.send(request, auth=auth, follow_redirects=follow_redirects)
           ^^^^^^^^^^^^^^^^^^^^^^^^^^^^^^^^^^^^^^^^^^^^^^^^^^^^^^^^^^^^^^^^^^^^^^
  File "c:\Users\ariyo\AppData\Local\Programs\Python\Python313\Lib\site-packages\httpx\_client.py", line 1629, in send
    response = await self._send_handling_auth(
               ^^^^^^^^^^^^^^^^^^^^^^^^^^^^^^^
    ...<4 lines>...
    )
    ^
  File "c:\Users\ariyo\AppData\Local\Programs\Python\Python313\Lib\site-packages\httpx\_client.py", line 1657, in _send_handling_auth
    response = await self._send_handling_redirects(
               ^^^^^^^^^^^^^^^^^^^^^^^^^^^^^^^^^^^^
    ...<3 lines>...
    )
    ^
  File "c:\Users\ariyo\AppData\Local\Programs\Python\Python313\Lib\site-packages\httpx\_client.py", line 1694, in _send_handling_redirects
    response = await self._send_single_request(request)
               ^^^^^^^^^^^^^^^^^^^^^^^^^^^^^^^^^^^^^^^^
  File "c:\Users\ariyo\AppData\Local\Programs\Python\Python313\Lib\site-packages\httpx\_client.py", line 1730, in _send_single_request
    response = await transport.handle_async_request(request)
               ^^^^^^^^^^^^^^^^^^^^^^^^^^^^^^^^^^^^^^^^^^^^^
  File "c:\Users\ariyo\AppData\Local\Programs\Python\Python313\Lib\site-packages\httpx\_transports\default.py", line 393, in handle_async_request
    with map_httpcore_exceptions():
         ~~~~~~~~~~~~~~~~~~~~~~~^^
  File "c:\Users\ariyo\AppData\Local\Programs\Python\Python313\Lib\contextlib.py", line 162, in __exit__
    self.gen.throw(value)
    ~~~~~~~~~~~~~~^^^^^^^
  File "c:\Users\ariyo\AppData\Local\Programs\Python\Python313\Lib\site-packages\httpx\_transports\default.py", line 118, in map_httpcore_exceptions
    raise mapped_exc(message) from exc
httpx.ConnectError: [Errno 11001] getaddrinfo failed

The above exception was the direct cause of the following exception:

Traceback (most recent call last):
  File "c:\Users\ariyo\AppData\Local\Programs\Python\Python313\Lib\site-packages\telegram\ext\_utils\networkloop.py", line 115, in network_retry_loop
    if not await do_action():
           ^^^^^^^^^^^^^^^^^
  File "c:\Users\ariyo\AppData\Local\Programs\Python\Python313\Lib\site-packages\telegram\ext\_utils\networkloop.py", line 108, in do_action
    return action_cb_task.result()
           ~~~~~~~~~~~~~~~~~~~~~^^
  File "c:\Users\ariyo\AppData\Local\Programs\Python\Python313\Lib\site-packages\telegram\ext\_updater.py", line 335, in polling_action_cb
    updates = await self.bot.get_updates(
              ^^^^^^^^^^^^^^^^^^^^^^^^^^^
    ...<3 lines>...
    )
    ^
  File "c:\Users\ariyo\AppData\Local\Programs\Python\Python313\Lib\site-packages\telegram\ext\_extbot.py", line 658, in get_updates
    updates = await super().get_updates(
              ^^^^^^^^^^^^^^^^^^^^^^^^^^
    ...<9 lines>...
    )
    ^
  File "c:\Users\ariyo\AppData\Local\Programs\Python\Python313\Lib\site-packages\telegram\_bot.py", line 4593, in get_updates
    await self._post(
    ^^^^^^^^^^^^^^^^^
    ...<7 lines>...
    ),
    ^
  File "c:\Users\ariyo\AppData\Local\Programs\Python\Python313\Lib\site-packages\telegram\_bot.py", line 691, in _post
    return await self._do_post(
           ^^^^^^^^^^^^^^^^^^^^
    ...<6 lines>...
    )
    ^
  File "c:\Users\ariyo\AppData\Local\Programs\Python\Python313\Lib\site-packages\telegram\ext\_extbot.py", line 362, in _do_post
    return await super()._do_post(
           ^^^^^^^^^^^^^^^^^^^^^^^
    ...<6 lines>...
    )
    ^
  File "c:\Users\ariyo\AppData\Local\Programs\Python\Python313\Lib\site-packages\telegram\_bot.py", line 720, in _do_post
    result = await request.post(
             ^^^^^^^^^^^^^^^^^^^
    ...<6 lines>...
    )
    ^
  File "c:\Users\ariyo\AppData\Local\Programs\Python\Python313\Lib\site-packages\telegram\request\_baserequest.py", line 197, in post
    result = await self._request_wrapper(
             ^^^^^^^^^^^^^^^^^^^^^^^^^^^^
    ...<7 lines>...
    )
    ^
  File "c:\Users\ariyo\AppData\Local\Programs\Python\Python313\Lib\site-packages\telegram\request\_baserequest.py", line 304, in _request_wrapper
    code, payload = await self.do_request(
                    ^^^^^^^^^^^^^^^^^^^^^^
    ...<7 lines>...
    )
    ^
  File "c:\Users\ariyo\AppData\Local\Programs\Python\Python313\Lib\site-packages\telegram\request\_httpxrequest.py", line 301, in do_request
    raise NetworkError(f"httpx.{err.__class__.__name__}: {err}") from err
telegram.error.NetworkError: httpx.ConnectError: [Errno 11001] getaddrinfo failed
2025-05-08 19:39:05,332 - INFO - HTTP Request: POST https://api.telegram.org/bot7679333451:AAGmlWKFP5uSjmUmuqGR0RIHcmuVoyt8A1g/getUpdates "HTTP/1.1 200 OK"
2025-05-08 19:39:15,531 - INFO - HTTP Request: POST https://api.telegram.org/bot7679333451:AAGmlWKFP5uSjmUmuqGR0RIHcmuVoyt8A1g/getUpdates "HTTP/1.1 200 OK"
2025-05-08 19:39:25,715 - INFO - HTTP Request: POST https://api.telegram.org/bot7679333451:AAGmlWKFP5uSjmUmuqGR0RIHcmuVoyt8A1g/getUpdates "HTTP/1.1 200 OK"
2025-05-08 19:39:35,910 - INFO - HTTP Request: POST https://api.telegram.org/bot7679333451:AAGmlWKFP5uSjmUmuqGR0RIHcmuVoyt8A1g/getUpdates "HTTP/1.1 200 OK"
2025-05-08 19:39:46,128 - INFO - HTTP Request: POST https://api.telegram.org/bot7679333451:AAGmlWKFP5uSjmUmuqGR0RIHcmuVoyt8A1g/getUpdates "HTTP/1.1 200 OK"
2025-05-08 19:39:56,312 - INFO - HTTP Request: POST https://api.telegram.org/bot7679333451:AAGmlWKFP5uSjmUmuqGR0RIHcmuVoyt8A1g/getUpdates "HTTP/1.1 200 OK"
2025-05-08 19:40:06,496 - INFO - HTTP Request: POST https://api.telegram.org/bot7679333451:AAGmlWKFP5uSjmUmuqGR0RIHcmuVoyt8A1g/getUpdates "HTTP/1.1 200 OK"
2025-05-08 19:40:16,682 - INFO - HTTP Request: POST https://api.telegram.org/bot7679333451:AAGmlWKFP5uSjmUmuqGR0RIHcmuVoyt8A1g/getUpdates "HTTP/1.1 200 OK"
2025-05-08 19:40:26,867 - INFO - HTTP Request: POST https://api.telegram.org/bot7679333451:AAGmlWKFP5uSjmUmuqGR0RIHcmuVoyt8A1g/getUpdates "HTTP/1.1 200 OK"
2025-05-08 19:40:37,051 - INFO - HTTP Request: POST https://api.telegram.org/bot7679333451:AAGmlWKFP5uSjmUmuqGR0RIHcmuVoyt8A1g/getUpdates "HTTP/1.1 200 OK"
2025-05-08 19:40:47,242 - INFO - HTTP Request: POST https://api.telegram.org/bot7679333451:AAGmlWKFP5uSjmUmuqGR0RIHcmuVoyt8A1g/getUpdates "HTTP/1.1 200 OK"
2025-05-08 19:40:57,426 - INFO - HTTP Request: POST https://api.telegram.org/bot7679333451:AAGmlWKFP5uSjmUmuqGR0RIHcmuVoyt8A1g/getUpdates "HTTP/1.1 200 OK"
2025-05-08 19:41:07,610 - INFO - HTTP Request: POST https://api.telegram.org/bot7679333451:AAGmlWKFP5uSjmUmuqGR0RIHcmuVoyt8A1g/getUpdates "HTTP/1.1 200 OK"
2025-05-08 19:41:17,802 - INFO - HTTP Request: POST https://api.telegram.org/bot7679333451:AAGmlWKFP5uSjmUmuqGR0RIHcmuVoyt8A1g/getUpdates "HTTP/1.1 200 OK"
2025-05-08 19:41:27,992 - INFO - HTTP Request: POST https://api.telegram.org/bot7679333451:AAGmlWKFP5uSjmUmuqGR0RIHcmuVoyt8A1g/getUpdates "HTTP/1.1 200 OK"
2025-05-08 19:41:38,175 - INFO - HTTP Request: POST https://api.telegram.org/bot7679333451:AAGmlWKFP5uSjmUmuqGR0RIHcmuVoyt8A1g/getUpdates "HTTP/1.1 200 OK"
2025-05-08 19:41:48,363 - INFO - HTTP Request: POST https://api.telegram.org/bot7679333451:AAGmlWKFP5uSjmUmuqGR0RIHcmuVoyt8A1g/getUpdates "HTTP/1.1 200 OK"
2025-05-08 19:41:58,551 - INFO - HTTP Request: POST https://api.telegram.org/bot7679333451:AAGmlWKFP5uSjmUmuqGR0RIHcmuVoyt8A1g/getUpdates "HTTP/1.1 200 OK"
2025-05-08 19:42:08,732 - INFO - HTTP Request: POST https://api.telegram.org/bot7679333451:AAGmlWKFP5uSjmUmuqGR0RIHcmuVoyt8A1g/getUpdates "HTTP/1.1 200 OK"
2025-05-08 19:42:18,917 - INFO - HTTP Request: POST https://api.telegram.org/bot7679333451:AAGmlWKFP5uSjmUmuqGR0RIHcmuVoyt8A1g/getUpdates "HTTP/1.1 200 OK"
2025-05-08 19:42:29,099 - INFO - HTTP Request: POST https://api.telegram.org/bot7679333451:AAGmlWKFP5uSjmUmuqGR0RIHcmuVoyt8A1g/getUpdates "HTTP/1.1 200 OK"
2025-05-08 19:42:39,295 - INFO - HTTP Request: POST https://api.telegram.org/bot7679333451:AAGmlWKFP5uSjmUmuqGR0RIHcmuVoyt8A1g/getUpdates "HTTP/1.1 200 OK"
2025-05-08 19:42:49,480 - INFO - HTTP Request: POST https://api.telegram.org/bot7679333451:AAGmlWKFP5uSjmUmuqGR0RIHcmuVoyt8A1g/getUpdates "HTTP/1.1 200 OK"
2025-05-08 19:42:59,664 - INFO - HTTP Request: POST https://api.telegram.org/bot7679333451:AAGmlWKFP5uSjmUmuqGR0RIHcmuVoyt8A1g/getUpdates "HTTP/1.1 200 OK"
2025-05-08 19:43:09,846 - INFO - HTTP Request: POST https://api.telegram.org/bot7679333451:AAGmlWKFP5uSjmUmuqGR0RIHcmuVoyt8A1g/getUpdates "HTTP/1.1 200 OK"
2025-05-08 19:43:20,042 - INFO - HTTP Request: POST https://api.telegram.org/bot7679333451:AAGmlWKFP5uSjmUmuqGR0RIHcmuVoyt8A1g/getUpdates "HTTP/1.1 200 OK"
2025-05-08 19:43:30,226 - INFO - HTTP Request: POST https://api.telegram.org/bot7679333451:AAGmlWKFP5uSjmUmuqGR0RIHcmuVoyt8A1g/getUpdates "HTTP/1.1 200 OK"
2025-05-08 19:43:40,412 - INFO - HTTP Request: POST https://api.telegram.org/bot7679333451:AAGmlWKFP5uSjmUmuqGR0RIHcmuVoyt8A1g/getUpdates "HTTP/1.1 200 OK"
2025-05-08 19:43:50,595 - INFO - HTTP Request: POST https://api.telegram.org/bot7679333451:AAGmlWKFP5uSjmUmuqGR0RIHcmuVoyt8A1g/getUpdates "HTTP/1.1 200 OK"
2025-05-08 19:44:00,780 - INFO - HTTP Request: POST https://api.telegram.org/bot7679333451:AAGmlWKFP5uSjmUmuqGR0RIHcmuVoyt8A1g/getUpdates "HTTP/1.1 200 OK"
2025-05-08 19:44:10,968 - INFO - HTTP Request: POST https://api.telegram.org/bot7679333451:AAGmlWKFP5uSjmUmuqGR0RIHcmuVoyt8A1g/getUpdates "HTTP/1.1 200 OK"
2025-05-08 19:44:21,154 - INFO - HTTP Request: POST https://api.telegram.org/bot7679333451:AAGmlWKFP5uSjmUmuqGR0RIHcmuVoyt8A1g/getUpdates "HTTP/1.1 200 OK"
2025-05-08 19:44:31,344 - INFO - HTTP Request: POST https://api.telegram.org/bot7679333451:AAGmlWKFP5uSjmUmuqGR0RIHcmuVoyt8A1g/getUpdates "HTTP/1.1 200 OK"
2025-05-08 19:44:41,526 - INFO - HTTP Request: POST https://api.telegram.org/bot7679333451:AAGmlWKFP5uSjmUmuqGR0RIHcmuVoyt8A1g/getUpdates "HTTP/1.1 200 OK"
2025-05-08 19:44:51,711 - INFO - HTTP Request: POST https://api.telegram.org/bot7679333451:AAGmlWKFP5uSjmUmuqGR0RIHcmuVoyt8A1g/getUpdates "HTTP/1.1 200 OK"
2025-05-08 19:45:01,894 - INFO - HTTP Request: POST https://api.telegram.org/bot7679333451:AAGmlWKFP5uSjmUmuqGR0RIHcmuVoyt8A1g/getUpdates "HTTP/1.1 200 OK"
2025-05-08 19:45:12,085 - INFO - HTTP Request: POST https://api.telegram.org/bot7679333451:AAGmlWKFP5uSjmUmuqGR0RIHcmuVoyt8A1g/getUpdates "HTTP/1.1 200 OK"
2025-05-08 19:45:22,266 - INFO - HTTP Request: POST https://api.telegram.org/bot7679333451:AAGmlWKFP5uSjmUmuqGR0RIHcmuVoyt8A1g/getUpdates "HTTP/1.1 200 OK"
2025-05-08 19:45:32,449 - INFO - HTTP Request: POST https://api.telegram.org/bot7679333451:AAGmlWKFP5uSjmUmuqGR0RIHcmuVoyt8A1g/getUpdates "HTTP/1.1 200 OK"
2025-05-08 19:45:42,631 - INFO - HTTP Request: POST https://api.telegram.org/bot7679333451:AAGmlWKFP5uSjmUmuqGR0RIHcmuVoyt8A1g/getUpdates "HTTP/1.1 200 OK"
2025-05-08 19:45:52,815 - INFO - HTTP Request: POST https://api.telegram.org/bot7679333451:AAGmlWKFP5uSjmUmuqGR0RIHcmuVoyt8A1g/getUpdates "HTTP/1.1 200 OK"
2025-05-08 19:46:03,002 - INFO - HTTP Request: POST https://api.telegram.org/bot7679333451:AAGmlWKFP5uSjmUmuqGR0RIHcmuVoyt8A1g/getUpdates "HTTP/1.1 200 OK"
2025-05-08 19:46:13,192 - INFO - HTTP Request: POST https://api.telegram.org/bot7679333451:AAGmlWKFP5uSjmUmuqGR0RIHcmuVoyt8A1g/getUpdates "HTTP/1.1 200 OK"
2025-05-08 19:46:23,378 - INFO - HTTP Request: POST https://api.telegram.org/bot7679333451:AAGmlWKFP5uSjmUmuqGR0RIHcmuVoyt8A1g/getUpdates "HTTP/1.1 200 OK"
2025-05-08 19:46:33,562 - INFO - HTTP Request: POST https://api.telegram.org/bot7679333451:AAGmlWKFP5uSjmUmuqGR0RIHcmuVoyt8A1g/getUpdates "HTTP/1.1 200 OK"
2025-05-08 19:46:43,750 - INFO - HTTP Request: POST https://api.telegram.org/bot7679333451:AAGmlWKFP5uSjmUmuqGR0RIHcmuVoyt8A1g/getUpdates "HTTP/1.1 200 OK"
2025-05-08 19:46:53,933 - INFO - HTTP Request: POST https://api.telegram.org/bot7679333451:AAGmlWKFP5uSjmUmuqGR0RIHcmuVoyt8A1g/getUpdates "HTTP/1.1 200 OK"
2025-05-08 19:47:04,125 - INFO - HTTP Request: POST https://api.telegram.org/bot7679333451:AAGmlWKFP5uSjmUmuqGR0RIHcmuVoyt8A1g/getUpdates "HTTP/1.1 200 OK"
2025-05-08 19:47:14,307 - INFO - HTTP Request: POST https://api.telegram.org/bot7679333451:AAGmlWKFP5uSjmUmuqGR0RIHcmuVoyt8A1g/getUpdates "HTTP/1.1 200 OK"
2025-05-08 19:47:24,499 - INFO - HTTP Request: POST https://api.telegram.org/bot7679333451:AAGmlWKFP5uSjmUmuqGR0RIHcmuVoyt8A1g/getUpdates "HTTP/1.1 200 OK"
2025-05-08 19:47:34,682 - INFO - HTTP Request: POST https://api.telegram.org/bot7679333451:AAGmlWKFP5uSjmUmuqGR0RIHcmuVoyt8A1g/getUpdates "HTTP/1.1 200 OK"
2025-05-08 19:47:44,874 - INFO - HTTP Request: POST https://api.telegram.org/bot7679333451:AAGmlWKFP5uSjmUmuqGR0RIHcmuVoyt8A1g/getUpdates "HTTP/1.1 200 OK"
2025-05-08 19:47:55,085 - INFO - HTTP Request: POST https://api.telegram.org/bot7679333451:AAGmlWKFP5uSjmUmuqGR0RIHcmuVoyt8A1g/getUpdates "HTTP/1.1 200 OK"
2025-05-08 19:48:05,266 - INFO - HTTP Request: POST https://api.telegram.org/bot7679333451:AAGmlWKFP5uSjmUmuqGR0RIHcmuVoyt8A1g/getUpdates "HTTP/1.1 200 OK"
2025-05-08 19:48:15,458 - INFO - HTTP Request: POST https://api.telegram.org/bot7679333451:AAGmlWKFP5uSjmUmuqGR0RIHcmuVoyt8A1g/getUpdates "HTTP/1.1 200 OK"
2025-05-08 19:48:25,644 - INFO - HTTP Request: POST https://api.telegram.org/bot7679333451:AAGmlWKFP5uSjmUmuqGR0RIHcmuVoyt8A1g/getUpdates "HTTP/1.1 200 OK"
2025-05-08 19:48:35,835 - INFO - HTTP Request: POST https://api.telegram.org/bot7679333451:AAGmlWKFP5uSjmUmuqGR0RIHcmuVoyt8A1g/getUpdates "HTTP/1.1 200 OK"
2025-05-08 19:48:46,016 - INFO - HTTP Request: POST https://api.telegram.org/bot7679333451:AAGmlWKFP5uSjmUmuqGR0RIHcmuVoyt8A1g/getUpdates "HTTP/1.1 200 OK"
2025-05-08 19:48:56,198 - INFO - HTTP Request: POST https://api.telegram.org/bot7679333451:AAGmlWKFP5uSjmUmuqGR0RIHcmuVoyt8A1g/getUpdates "HTTP/1.1 200 OK"
2025-05-08 19:49:06,382 - INFO - HTTP Request: POST https://api.telegram.org/bot7679333451:AAGmlWKFP5uSjmUmuqGR0RIHcmuVoyt8A1g/getUpdates "HTTP/1.1 200 OK"
2025-05-08 19:49:16,565 - INFO - HTTP Request: POST https://api.telegram.org/bot7679333451:AAGmlWKFP5uSjmUmuqGR0RIHcmuVoyt8A1g/getUpdates "HTTP/1.1 200 OK"
2025-05-08 19:49:26,749 - INFO - HTTP Request: POST https://api.telegram.org/bot7679333451:AAGmlWKFP5uSjmUmuqGR0RIHcmuVoyt8A1g/getUpdates "HTTP/1.1 200 OK"
2025-05-08 19:49:36,931 - INFO - HTTP Request: POST https://api.telegram.org/bot7679333451:AAGmlWKFP5uSjmUmuqGR0RIHcmuVoyt8A1g/getUpdates "HTTP/1.1 200 OK"
2025-05-08 19:49:47,127 - INFO - HTTP Request: POST https://api.telegram.org/bot7679333451:AAGmlWKFP5uSjmUmuqGR0RIHcmuVoyt8A1g/getUpdates "HTTP/1.1 200 OK"
2025-05-08 19:49:57,318 - INFO - HTTP Request: POST https://api.telegram.org/bot7679333451:AAGmlWKFP5uSjmUmuqGR0RIHcmuVoyt8A1g/getUpdates "HTTP/1.1 200 OK"
2025-05-08 19:50:07,508 - INFO - HTTP Request: POST https://api.telegram.org/bot7679333451:AAGmlWKFP5uSjmUmuqGR0RIHcmuVoyt8A1g/getUpdates "HTTP/1.1 200 OK"
2025-05-08 19:50:17,691 - INFO - HTTP Request: POST https://api.telegram.org/bot7679333451:AAGmlWKFP5uSjmUmuqGR0RIHcmuVoyt8A1g/getUpdates "HTTP/1.1 200 OK"
2025-05-08 19:50:27,872 - INFO - HTTP Request: POST https://api.telegram.org/bot7679333451:AAGmlWKFP5uSjmUmuqGR0RIHcmuVoyt8A1g/getUpdates "HTTP/1.1 200 OK"
2025-05-08 19:50:38,053 - INFO - HTTP Request: POST https://api.telegram.org/bot7679333451:AAGmlWKFP5uSjmUmuqGR0RIHcmuVoyt8A1g/getUpdates "HTTP/1.1 200 OK"
2025-05-08 19:50:48,243 - INFO - HTTP Request: POST https://api.telegram.org/bot7679333451:AAGmlWKFP5uSjmUmuqGR0RIHcmuVoyt8A1g/getUpdates "HTTP/1.1 200 OK"
2025-05-08 19:50:58,437 - INFO - HTTP Request: POST https://api.telegram.org/bot7679333451:AAGmlWKFP5uSjmUmuqGR0RIHcmuVoyt8A1g/getUpdates "HTTP/1.1 200 OK"
2025-05-08 19:51:08,619 - INFO - HTTP Request: POST https://api.telegram.org/bot7679333451:AAGmlWKFP5uSjmUmuqGR0RIHcmuVoyt8A1g/getUpdates "HTTP/1.1 200 OK"
2025-05-08 19:51:18,801 - INFO - HTTP Request: POST https://api.telegram.org/bot7679333451:AAGmlWKFP5uSjmUmuqGR0RIHcmuVoyt8A1g/getUpdates "HTTP/1.1 200 OK"
2025-05-08 19:51:28,985 - INFO - HTTP Request: POST https://api.telegram.org/bot7679333451:AAGmlWKFP5uSjmUmuqGR0RIHcmuVoyt8A1g/getUpdates "HTTP/1.1 200 OK"
2025-05-08 19:51:39,172 - INFO - HTTP Request: POST https://api.telegram.org/bot7679333451:AAGmlWKFP5uSjmUmuqGR0RIHcmuVoyt8A1g/getUpdates "HTTP/1.1 200 OK"
2025-05-08 19:51:49,361 - INFO - HTTP Request: POST https://api.telegram.org/bot7679333451:AAGmlWKFP5uSjmUmuqGR0RIHcmuVoyt8A1g/getUpdates "HTTP/1.1 200 OK"
2025-05-08 19:51:59,550 - INFO - HTTP Request: POST https://api.telegram.org/bot7679333451:AAGmlWKFP5uSjmUmuqGR0RIHcmuVoyt8A1g/getUpdates "HTTP/1.1 200 OK"
2025-05-08 19:52:09,730 - INFO - HTTP Request: POST https://api.telegram.org/bot7679333451:AAGmlWKFP5uSjmUmuqGR0RIHcmuVoyt8A1g/getUpdates "HTTP/1.1 200 OK"
2025-05-08 19:52:19,911 - INFO - HTTP Request: POST https://api.telegram.org/bot7679333451:AAGmlWKFP5uSjmUmuqGR0RIHcmuVoyt8A1g/getUpdates "HTTP/1.1 200 OK"
2025-05-08 19:52:30,095 - INFO - HTTP Request: POST https://api.telegram.org/bot7679333451:AAGmlWKFP5uSjmUmuqGR0RIHcmuVoyt8A1g/getUpdates "HTTP/1.1 200 OK"
2025-05-08 19:52:40,280 - INFO - HTTP Request: POST https://api.telegram.org/bot7679333451:AAGmlWKFP5uSjmUmuqGR0RIHcmuVoyt8A1g/getUpdates "HTTP/1.1 200 OK"
2025-05-08 19:52:50,462 - INFO - HTTP Request: POST https://api.telegram.org/bot7679333451:AAGmlWKFP5uSjmUmuqGR0RIHcmuVoyt8A1g/getUpdates "HTTP/1.1 200 OK"
2025-05-08 19:53:00,652 - INFO - HTTP Request: POST https://api.telegram.org/bot7679333451:AAGmlWKFP5uSjmUmuqGR0RIHcmuVoyt8A1g/getUpdates "HTTP/1.1 200 OK"
2025-05-08 19:53:10,837 - INFO - HTTP Request: POST https://api.telegram.org/bot7679333451:AAGmlWKFP5uSjmUmuqGR0RIHcmuVoyt8A1g/getUpdates "HTTP/1.1 200 OK"
2025-05-08 19:53:21,025 - INFO - HTTP Request: POST https://api.telegram.org/bot7679333451:AAGmlWKFP5uSjmUmuqGR0RIHcmuVoyt8A1g/getUpdates "HTTP/1.1 200 OK"
2025-05-08 19:53:31,214 - INFO - HTTP Request: POST https://api.telegram.org/bot7679333451:AAGmlWKFP5uSjmUmuqGR0RIHcmuVoyt8A1g/getUpdates "HTTP/1.1 200 OK"
2025-05-08 19:53:41,398 - INFO - HTTP Request: POST https://api.telegram.org/bot7679333451:AAGmlWKFP5uSjmUmuqGR0RIHcmuVoyt8A1g/getUpdates "HTTP/1.1 200 OK"
2025-05-08 19:53:51,582 - INFO - HTTP Request: POST https://api.telegram.org/bot7679333451:AAGmlWKFP5uSjmUmuqGR0RIHcmuVoyt8A1g/getUpdates "HTTP/1.1 200 OK"
2025-05-08 19:54:01,765 - INFO - HTTP Request: POST https://api.telegram.org/bot7679333451:AAGmlWKFP5uSjmUmuqGR0RIHcmuVoyt8A1g/getUpdates "HTTP/1.1 200 OK"
2025-05-08 19:54:11,948 - INFO - HTTP Request: POST https://api.telegram.org/bot7679333451:AAGmlWKFP5uSjmUmuqGR0RIHcmuVoyt8A1g/getUpdates "HTTP/1.1 200 OK"
2025-05-08 19:54:22,138 - INFO - HTTP Request: POST https://api.telegram.org/bot7679333451:AAGmlWKFP5uSjmUmuqGR0RIHcmuVoyt8A1g/getUpdates "HTTP/1.1 200 OK"
2025-05-08 19:54:32,326 - INFO - HTTP Request: POST https://api.telegram.org/bot7679333451:AAGmlWKFP5uSjmUmuqGR0RIHcmuVoyt8A1g/getUpdates "HTTP/1.1 200 OK"
2025-05-08 19:54:42,522 - INFO - HTTP Request: POST https://api.telegram.org/bot7679333451:AAGmlWKFP5uSjmUmuqGR0RIHcmuVoyt8A1g/getUpdates "HTTP/1.1 200 OK"
2025-05-08 19:54:52,706 - INFO - HTTP Request: POST https://api.telegram.org/bot7679333451:AAGmlWKFP5uSjmUmuqGR0RIHcmuVoyt8A1g/getUpdates "HTTP/1.1 200 OK"
2025-05-08 19:55:02,895 - INFO - HTTP Request: POST https://api.telegram.org/bot7679333451:AAGmlWKFP5uSjmUmuqGR0RIHcmuVoyt8A1g/getUpdates "HTTP/1.1 200 OK"
2025-05-08 19:55:13,081 - INFO - HTTP Request: POST https://api.telegram.org/bot7679333451:AAGmlWKFP5uSjmUmuqGR0RIHcmuVoyt8A1g/getUpdates "HTTP/1.1 200 OK"
2025-05-08 19:55:23,264 - INFO - HTTP Request: POST https://api.telegram.org/bot7679333451:AAGmlWKFP5uSjmUmuqGR0RIHcmuVoyt8A1g/getUpdates "HTTP/1.1 200 OK"
2025-05-08 19:55:33,446 - INFO - HTTP Request: POST https://api.telegram.org/bot7679333451:AAGmlWKFP5uSjmUmuqGR0RIHcmuVoyt8A1g/getUpdates "HTTP/1.1 200 OK"
2025-05-08 19:55:43,630 - INFO - HTTP Request: POST https://api.telegram.org/bot7679333451:AAGmlWKFP5uSjmUmuqGR0RIHcmuVoyt8A1g/getUpdates "HTTP/1.1 200 OK"
2025-05-08 19:55:53,816 - INFO - HTTP Request: POST https://api.telegram.org/bot7679333451:AAGmlWKFP5uSjmUmuqGR0RIHcmuVoyt8A1g/getUpdates "HTTP/1.1 200 OK"
2025-05-08 19:56:05,234 - INFO - HTTP Request: POST https://api.telegram.org/bot7679333451:AAGmlWKFP5uSjmUmuqGR0RIHcmuVoyt8A1g/getUpdates "HTTP/1.1 200 OK"
2025-05-08 19:56:15,418 - INFO - HTTP Request: POST https://api.telegram.org/bot7679333451:AAGmlWKFP5uSjmUmuqGR0RIHcmuVoyt8A1g/getUpdates "HTTP/1.1 200 OK"
2025-05-08 19:56:25,602 - INFO - HTTP Request: POST https://api.telegram.org/bot7679333451:AAGmlWKFP5uSjmUmuqGR0RIHcmuVoyt8A1g/getUpdates "HTTP/1.1 200 OK"
2025-05-08 19:56:35,787 - INFO - HTTP Request: POST https://api.telegram.org/bot7679333451:AAGmlWKFP5uSjmUmuqGR0RIHcmuVoyt8A1g/getUpdates "HTTP/1.1 200 OK"
2025-05-08 19:56:45,975 - INFO - HTTP Request: POST https://api.telegram.org/bot7679333451:AAGmlWKFP5uSjmUmuqGR0RIHcmuVoyt8A1g/getUpdates "HTTP/1.1 200 OK"
2025-05-08 19:56:56,158 - INFO - HTTP Request: POST https://api.telegram.org/bot7679333451:AAGmlWKFP5uSjmUmuqGR0RIHcmuVoyt8A1g/getUpdates "HTTP/1.1 200 OK"
2025-05-08 19:57:06,345 - INFO - HTTP Request: POST https://api.telegram.org/bot7679333451:AAGmlWKFP5uSjmUmuqGR0RIHcmuVoyt8A1g/getUpdates "HTTP/1.1 200 OK"
2025-05-08 19:57:16,531 - INFO - HTTP Request: POST https://api.telegram.org/bot7679333451:AAGmlWKFP5uSjmUmuqGR0RIHcmuVoyt8A1g/getUpdates "HTTP/1.1 200 OK"
2025-05-08 19:57:26,718 - INFO - HTTP Request: POST https://api.telegram.org/bot7679333451:AAGmlWKFP5uSjmUmuqGR0RIHcmuVoyt8A1g/getUpdates "HTTP/1.1 200 OK"
2025-05-08 19:57:36,908 - INFO - HTTP Request: POST https://api.telegram.org/bot7679333451:AAGmlWKFP5uSjmUmuqGR0RIHcmuVoyt8A1g/getUpdates "HTTP/1.1 200 OK"
2025-05-08 19:57:47,094 - INFO - HTTP Request: POST https://api.telegram.org/bot7679333451:AAGmlWKFP5uSjmUmuqGR0RIHcmuVoyt8A1g/getUpdates "HTTP/1.1 200 OK"
2025-05-08 19:57:57,276 - INFO - HTTP Request: POST https://api.telegram.org/bot7679333451:AAGmlWKFP5uSjmUmuqGR0RIHcmuVoyt8A1g/getUpdates "HTTP/1.1 200 OK"
2025-05-08 19:58:07,464 - INFO - HTTP Request: POST https://api.telegram.org/bot7679333451:AAGmlWKFP5uSjmUmuqGR0RIHcmuVoyt8A1g/getUpdates "HTTP/1.1 200 OK"
2025-05-08 19:58:17,645 - INFO - HTTP Request: POST https://api.telegram.org/bot7679333451:AAGmlWKFP5uSjmUmuqGR0RIHcmuVoyt8A1g/getUpdates "HTTP/1.1 200 OK"
2025-05-08 19:58:27,827 - INFO - HTTP Request: POST https://api.telegram.org/bot7679333451:AAGmlWKFP5uSjmUmuqGR0RIHcmuVoyt8A1g/getUpdates "HTTP/1.1 200 OK"
2025-05-08 19:58:38,012 - INFO - HTTP Request: POST https://api.telegram.org/bot7679333451:AAGmlWKFP5uSjmUmuqGR0RIHcmuVoyt8A1g/getUpdates "HTTP/1.1 200 OK"
2025-05-08 19:58:48,194 - INFO - HTTP Request: POST https://api.telegram.org/bot7679333451:AAGmlWKFP5uSjmUmuqGR0RIHcmuVoyt8A1g/getUpdates "HTTP/1.1 200 OK"
2025-05-08 19:58:58,379 - INFO - HTTP Request: POST https://api.telegram.org/bot7679333451:AAGmlWKFP5uSjmUmuqGR0RIHcmuVoyt8A1g/getUpdates "HTTP/1.1 200 OK"
2025-05-08 19:59:08,562 - INFO - HTTP Request: POST https://api.telegram.org/bot7679333451:AAGmlWKFP5uSjmUmuqGR0RIHcmuVoyt8A1g/getUpdates "HTTP/1.1 200 OK"
2025-05-08 19:59:18,743 - INFO - HTTP Request: POST https://api.telegram.org/bot7679333451:AAGmlWKFP5uSjmUmuqGR0RIHcmuVoyt8A1g/getUpdates "HTTP/1.1 200 OK"
2025-05-08 19:59:28,926 - INFO - HTTP Request: POST https://api.telegram.org/bot7679333451:AAGmlWKFP5uSjmUmuqGR0RIHcmuVoyt8A1g/getUpdates "HTTP/1.1 200 OK"
2025-05-08 19:59:39,112 - INFO - HTTP Request: POST https://api.telegram.org/bot7679333451:AAGmlWKFP5uSjmUmuqGR0RIHcmuVoyt8A1g/getUpdates "HTTP/1.1 200 OK"
2025-05-08 19:59:49,293 - INFO - HTTP Request: POST https://api.telegram.org/bot7679333451:AAGmlWKFP5uSjmUmuqGR0RIHcmuVoyt8A1g/getUpdates "HTTP/1.1 200 OK"
2025-05-08 19:59:59,486 - INFO - HTTP Request: POST https://api.telegram.org/bot7679333451:AAGmlWKFP5uSjmUmuqGR0RIHcmuVoyt8A1g/getUpdates "HTTP/1.1 200 OK"
2025-05-08 20:00:09,668 - INFO - HTTP Request: POST https://api.telegram.org/bot7679333451:AAGmlWKFP5uSjmUmuqGR0RIHcmuVoyt8A1g/getUpdates "HTTP/1.1 200 OK"
2025-05-08 20:00:19,857 - INFO - HTTP Request: POST https://api.telegram.org/bot7679333451:AAGmlWKFP5uSjmUmuqGR0RIHcmuVoyt8A1g/getUpdates "HTTP/1.1 200 OK"
2025-05-08 20:00:30,038 - INFO - HTTP Request: POST https://api.telegram.org/bot7679333451:AAGmlWKFP5uSjmUmuqGR0RIHcmuVoyt8A1g/getUpdates "HTTP/1.1 200 OK"
2025-05-08 20:00:40,218 - INFO - HTTP Request: POST https://api.telegram.org/bot7679333451:AAGmlWKFP5uSjmUmuqGR0RIHcmuVoyt8A1g/getUpdates "HTTP/1.1 200 OK"
2025-05-08 20:00:50,416 - INFO - HTTP Request: POST https://api.telegram.org/bot7679333451:AAGmlWKFP5uSjmUmuqGR0RIHcmuVoyt8A1g/getUpdates "HTTP/1.1 200 OK"
2025-05-08 20:01:00,611 - INFO - HTTP Request: POST https://api.telegram.org/bot7679333451:AAGmlWKFP5uSjmUmuqGR0RIHcmuVoyt8A1g/getUpdates "HTTP/1.1 200 OK"
2025-05-08 20:01:10,811 - INFO - HTTP Request: POST https://api.telegram.org/bot7679333451:AAGmlWKFP5uSjmUmuqGR0RIHcmuVoyt8A1g/getUpdates "HTTP/1.1 200 OK"
2025-05-08 20:01:21,000 - INFO - HTTP Request: POST https://api.telegram.org/bot7679333451:AAGmlWKFP5uSjmUmuqGR0RIHcmuVoyt8A1g/getUpdates "HTTP/1.1 200 OK"
2025-05-08 20:01:31,184 - INFO - HTTP Request: POST https://api.telegram.org/bot7679333451:AAGmlWKFP5uSjmUmuqGR0RIHcmuVoyt8A1g/getUpdates "HTTP/1.1 200 OK"
2025-05-08 20:01:41,372 - INFO - HTTP Request: POST https://api.telegram.org/bot7679333451:AAGmlWKFP5uSjmUmuqGR0RIHcmuVoyt8A1g/getUpdates "HTTP/1.1 200 OK"
2025-05-08 20:01:51,556 - INFO - HTTP Request: POST https://api.telegram.org/bot7679333451:AAGmlWKFP5uSjmUmuqGR0RIHcmuVoyt8A1g/getUpdates "HTTP/1.1 200 OK"
2025-05-08 20:02:01,741 - INFO - HTTP Request: POST https://api.telegram.org/bot7679333451:AAGmlWKFP5uSjmUmuqGR0RIHcmuVoyt8A1g/getUpdates "HTTP/1.1 200 OK"
2025-05-08 20:02:11,922 - INFO - HTTP Request: POST https://api.telegram.org/bot7679333451:AAGmlWKFP5uSjmUmuqGR0RIHcmuVoyt8A1g/getUpdates "HTTP/1.1 200 OK"
2025-05-08 20:02:22,102 - INFO - HTTP Request: POST https://api.telegram.org/bot7679333451:AAGmlWKFP5uSjmUmuqGR0RIHcmuVoyt8A1g/getUpdates "HTTP/1.1 200 OK"
2025-05-08 20:02:32,285 - INFO - HTTP Request: POST https://api.telegram.org/bot7679333451:AAGmlWKFP5uSjmUmuqGR0RIHcmuVoyt8A1g/getUpdates "HTTP/1.1 200 OK"
2025-05-08 20:02:42,465 - INFO - HTTP Request: POST https://api.telegram.org/bot7679333451:AAGmlWKFP5uSjmUmuqGR0RIHcmuVoyt8A1g/getUpdates "HTTP/1.1 200 OK"
2025-05-08 20:02:52,648 - INFO - HTTP Request: POST https://api.telegram.org/bot7679333451:AAGmlWKFP5uSjmUmuqGR0RIHcmuVoyt8A1g/getUpdates "HTTP/1.1 200 OK"
2025-05-08 20:03:02,829 - INFO - HTTP Request: POST https://api.telegram.org/bot7679333451:AAGmlWKFP5uSjmUmuqGR0RIHcmuVoyt8A1g/getUpdates "HTTP/1.1 200 OK"
2025-05-08 20:03:13,022 - INFO - HTTP Request: POST https://api.telegram.org/bot7679333451:AAGmlWKFP5uSjmUmuqGR0RIHcmuVoyt8A1g/getUpdates "HTTP/1.1 200 OK"
2025-05-08 20:03:23,203 - INFO - HTTP Request: POST https://api.telegram.org/bot7679333451:AAGmlWKFP5uSjmUmuqGR0RIHcmuVoyt8A1g/getUpdates "HTTP/1.1 200 OK"
2025-05-08 20:03:33,385 - INFO - HTTP Request: POST https://api.telegram.org/bot7679333451:AAGmlWKFP5uSjmUmuqGR0RIHcmuVoyt8A1g/getUpdates "HTTP/1.1 200 OK"
2025-05-08 20:03:43,568 - INFO - HTTP Request: POST https://api.telegram.org/bot7679333451:AAGmlWKFP5uSjmUmuqGR0RIHcmuVoyt8A1g/getUpdates "HTTP/1.1 200 OK"
2025-05-08 20:03:53,753 - INFO - HTTP Request: POST https://api.telegram.org/bot7679333451:AAGmlWKFP5uSjmUmuqGR0RIHcmuVoyt8A1g/getUpdates "HTTP/1.1 200 OK"
2025-05-08 20:04:03,942 - INFO - HTTP Request: POST https://api.telegram.org/bot7679333451:AAGmlWKFP5uSjmUmuqGR0RIHcmuVoyt8A1g/getUpdates "HTTP/1.1 200 OK"
2025-05-08 20:04:14,131 - INFO - HTTP Request: POST https://api.telegram.org/bot7679333451:AAGmlWKFP5uSjmUmuqGR0RIHcmuVoyt8A1g/getUpdates "HTTP/1.1 200 OK"
2025-05-08 20:04:24,319 - INFO - HTTP Request: POST https://api.telegram.org/bot7679333451:AAGmlWKFP5uSjmUmuqGR0RIHcmuVoyt8A1g/getUpdates "HTTP/1.1 200 OK"
2025-05-08 20:04:34,508 - INFO - HTTP Request: POST https://api.telegram.org/bot7679333451:AAGmlWKFP5uSjmUmuqGR0RIHcmuVoyt8A1g/getUpdates "HTTP/1.1 200 OK"
2025-05-08 20:04:44,692 - INFO - HTTP Request: POST https://api.telegram.org/bot7679333451:AAGmlWKFP5uSjmUmuqGR0RIHcmuVoyt8A1g/getUpdates "HTTP/1.1 200 OK"
2025-05-08 20:04:54,877 - INFO - HTTP Request: POST https://api.telegram.org/bot7679333451:AAGmlWKFP5uSjmUmuqGR0RIHcmuVoyt8A1g/getUpdates "HTTP/1.1 200 OK"
2025-05-08 20:05:05,060 - INFO - HTTP Request: POST https://api.telegram.org/bot7679333451:AAGmlWKFP5uSjmUmuqGR0RIHcmuVoyt8A1g/getUpdates "HTTP/1.1 200 OK"
2025-05-08 20:05:15,254 - INFO - HTTP Request: POST https://api.telegram.org/bot7679333451:AAGmlWKFP5uSjmUmuqGR0RIHcmuVoyt8A1g/getUpdates "HTTP/1.1 200 OK"
2025-05-08 20:05:25,447 - INFO - HTTP Request: POST https://api.telegram.org/bot7679333451:AAGmlWKFP5uSjmUmuqGR0RIHcmuVoyt8A1g/getUpdates "HTTP/1.1 200 OK"
2025-05-08 20:05:35,630 - INFO - HTTP Request: POST https://api.telegram.org/bot7679333451:AAGmlWKFP5uSjmUmuqGR0RIHcmuVoyt8A1g/getUpdates "HTTP/1.1 200 OK"
2025-05-08 20:05:45,815 - INFO - HTTP Request: POST https://api.telegram.org/bot7679333451:AAGmlWKFP5uSjmUmuqGR0RIHcmuVoyt8A1g/getUpdates "HTTP/1.1 200 OK"
2025-05-08 20:05:56,000 - INFO - HTTP Request: POST https://api.telegram.org/bot7679333451:AAGmlWKFP5uSjmUmuqGR0RIHcmuVoyt8A1g/getUpdates "HTTP/1.1 200 OK"
2025-05-08 20:06:06,186 - INFO - HTTP Request: POST https://api.telegram.org/bot7679333451:AAGmlWKFP5uSjmUmuqGR0RIHcmuVoyt8A1g/getUpdates "HTTP/1.1 200 OK"
2025-05-08 20:06:16,371 - INFO - HTTP Request: POST https://api.telegram.org/bot7679333451:AAGmlWKFP5uSjmUmuqGR0RIHcmuVoyt8A1g/getUpdates "HTTP/1.1 200 OK"
2025-05-08 20:06:26,553 - INFO - HTTP Request: POST https://api.telegram.org/bot7679333451:AAGmlWKFP5uSjmUmuqGR0RIHcmuVoyt8A1g/getUpdates "HTTP/1.1 200 OK"
2025-05-08 20:06:36,737 - INFO - HTTP Request: POST https://api.telegram.org/bot7679333451:AAGmlWKFP5uSjmUmuqGR0RIHcmuVoyt8A1g/getUpdates "HTTP/1.1 200 OK"
2025-05-08 20:06:46,919 - INFO - HTTP Request: POST https://api.telegram.org/bot7679333451:AAGmlWKFP5uSjmUmuqGR0RIHcmuVoyt8A1g/getUpdates "HTTP/1.1 200 OK"
2025-05-08 20:06:57,100 - INFO - HTTP Request: POST https://api.telegram.org/bot7679333451:AAGmlWKFP5uSjmUmuqGR0RIHcmuVoyt8A1g/getUpdates "HTTP/1.1 200 OK"
2025-05-08 20:07:07,290 - INFO - HTTP Request: POST https://api.telegram.org/bot7679333451:AAGmlWKFP5uSjmUmuqGR0RIHcmuVoyt8A1g/getUpdates "HTTP/1.1 200 OK"
2025-05-08 20:07:17,473 - INFO - HTTP Request: POST https://api.telegram.org/bot7679333451:AAGmlWKFP5uSjmUmuqGR0RIHcmuVoyt8A1g/getUpdates "HTTP/1.1 200 OK"
2025-05-08 20:07:27,653 - INFO - HTTP Request: POST https://api.telegram.org/bot7679333451:AAGmlWKFP5uSjmUmuqGR0RIHcmuVoyt8A1g/getUpdates "HTTP/1.1 200 OK"
2025-05-08 20:07:37,834 - INFO - HTTP Request: POST https://api.telegram.org/bot7679333451:AAGmlWKFP5uSjmUmuqGR0RIHcmuVoyt8A1g/getUpdates "HTTP/1.1 200 OK"
2025-05-08 20:07:48,016 - INFO - HTTP Request: POST https://api.telegram.org/bot7679333451:AAGmlWKFP5uSjmUmuqGR0RIHcmuVoyt8A1g/getUpdates "HTTP/1.1 200 OK"
2025-05-08 20:07:58,204 - INFO - HTTP Request: POST https://api.telegram.org/bot7679333451:AAGmlWKFP5uSjmUmuqGR0RIHcmuVoyt8A1g/getUpdates "HTTP/1.1 200 OK"
2025-05-08 20:08:08,390 - INFO - HTTP Request: POST https://api.telegram.org/bot7679333451:AAGmlWKFP5uSjmUmuqGR0RIHcmuVoyt8A1g/getUpdates "HTTP/1.1 200 OK"
2025-05-08 20:08:18,572 - INFO - HTTP Request: POST https://api.telegram.org/bot7679333451:AAGmlWKFP5uSjmUmuqGR0RIHcmuVoyt8A1g/getUpdates "HTTP/1.1 200 OK"
2025-05-08 20:08:28,786 - INFO - HTTP Request: POST https://api.telegram.org/bot7679333451:AAGmlWKFP5uSjmUmuqGR0RIHcmuVoyt8A1g/getUpdates "HTTP/1.1 200 OK"
2025-05-08 20:08:38,969 - INFO - HTTP Request: POST https://api.telegram.org/bot7679333451:AAGmlWKFP5uSjmUmuqGR0RIHcmuVoyt8A1g/getUpdates "HTTP/1.1 200 OK"
2025-05-08 20:08:49,154 - INFO - HTTP Request: POST https://api.telegram.org/bot7679333451:AAGmlWKFP5uSjmUmuqGR0RIHcmuVoyt8A1g/getUpdates "HTTP/1.1 200 OK"
2025-05-08 20:08:59,337 - INFO - HTTP Request: POST https://api.telegram.org/bot7679333451:AAGmlWKFP5uSjmUmuqGR0RIHcmuVoyt8A1g/getUpdates "HTTP/1.1 200 OK"
2025-05-08 20:09:09,523 - INFO - HTTP Request: POST https://api.telegram.org/bot7679333451:AAGmlWKFP5uSjmUmuqGR0RIHcmuVoyt8A1g/getUpdates "HTTP/1.1 200 OK"
2025-05-08 20:09:19,707 - INFO - HTTP Request: POST https://api.telegram.org/bot7679333451:AAGmlWKFP5uSjmUmuqGR0RIHcmuVoyt8A1g/getUpdates "HTTP/1.1 200 OK"
2025-05-08 20:09:29,900 - INFO - HTTP Request: POST https://api.telegram.org/bot7679333451:AAGmlWKFP5uSjmUmuqGR0RIHcmuVoyt8A1g/getUpdates "HTTP/1.1 200 OK"
2025-05-08 20:09:40,083 - INFO - HTTP Request: POST https://api.telegram.org/bot7679333451:AAGmlWKFP5uSjmUmuqGR0RIHcmuVoyt8A1g/getUpdates "HTTP/1.1 200 OK"
2025-05-08 20:09:50,273 - INFO - HTTP Request: POST https://api.telegram.org/bot7679333451:AAGmlWKFP5uSjmUmuqGR0RIHcmuVoyt8A1g/getUpdates "HTTP/1.1 200 OK"
2025-05-08 20:10:00,458 - INFO - HTTP Request: POST https://api.telegram.org/bot7679333451:AAGmlWKFP5uSjmUmuqGR0RIHcmuVoyt8A1g/getUpdates "HTTP/1.1 200 OK"
2025-05-08 20:10:10,642 - INFO - HTTP Request: POST https://api.telegram.org/bot7679333451:AAGmlWKFP5uSjmUmuqGR0RIHcmuVoyt8A1g/getUpdates "HTTP/1.1 200 OK"
2025-05-08 20:10:20,827 - INFO - HTTP Request: POST https://api.telegram.org/bot7679333451:AAGmlWKFP5uSjmUmuqGR0RIHcmuVoyt8A1g/getUpdates "HTTP/1.1 200 OK"
2025-05-08 20:10:31,011 - INFO - HTTP Request: POST https://api.telegram.org/bot7679333451:AAGmlWKFP5uSjmUmuqGR0RIHcmuVoyt8A1g/getUpdates "HTTP/1.1 200 OK"
2025-05-08 20:10:41,195 - INFO - HTTP Request: POST https://api.telegram.org/bot7679333451:AAGmlWKFP5uSjmUmuqGR0RIHcmuVoyt8A1g/getUpdates "HTTP/1.1 200 OK"
2025-05-08 20:10:51,377 - INFO - HTTP Request: POST https://api.telegram.org/bot7679333451:AAGmlWKFP5uSjmUmuqGR0RIHcmuVoyt8A1g/getUpdates "HTTP/1.1 200 OK"
2025-05-08 20:11:01,562 - INFO - HTTP Request: POST https://api.telegram.org/bot7679333451:AAGmlWKFP5uSjmUmuqGR0RIHcmuVoyt8A1g/getUpdates "HTTP/1.1 200 OK"
2025-05-08 20:11:11,752 - INFO - HTTP Request: POST https://api.telegram.org/bot7679333451:AAGmlWKFP5uSjmUmuqGR0RIHcmuVoyt8A1g/getUpdates "HTTP/1.1 200 OK"
2025-05-08 20:11:21,935 - INFO - HTTP Request: POST https://api.telegram.org/bot7679333451:AAGmlWKFP5uSjmUmuqGR0RIHcmuVoyt8A1g/getUpdates "HTTP/1.1 200 OK"
2025-05-08 20:11:32,116 - INFO - HTTP Request: POST https://api.telegram.org/bot7679333451:AAGmlWKFP5uSjmUmuqGR0RIHcmuVoyt8A1g/getUpdates "HTTP/1.1 200 OK"
2025-05-08 20:11:42,299 - INFO - HTTP Request: POST https://api.telegram.org/bot7679333451:AAGmlWKFP5uSjmUmuqGR0RIHcmuVoyt8A1g/getUpdates "HTTP/1.1 200 OK"
2025-05-08 20:11:52,483 - INFO - HTTP Request: POST https://api.telegram.org/bot7679333451:AAGmlWKFP5uSjmUmuqGR0RIHcmuVoyt8A1g/getUpdates "HTTP/1.1 200 OK"
2025-05-08 20:12:02,664 - INFO - HTTP Request: POST https://api.telegram.org/bot7679333451:AAGmlWKFP5uSjmUmuqGR0RIHcmuVoyt8A1g/getUpdates "HTTP/1.1 200 OK"
2025-05-08 20:12:12,852 - INFO - HTTP Request: POST https://api.telegram.org/bot7679333451:AAGmlWKFP5uSjmUmuqGR0RIHcmuVoyt8A1g/getUpdates "HTTP/1.1 200 OK"
2025-05-08 20:12:23,036 - INFO - HTTP Request: POST https://api.telegram.org/bot7679333451:AAGmlWKFP5uSjmUmuqGR0RIHcmuVoyt8A1g/getUpdates "HTTP/1.1 200 OK"
2025-05-08 20:12:33,234 - INFO - HTTP Request: POST https://api.telegram.org/bot7679333451:AAGmlWKFP5uSjmUmuqGR0RIHcmuVoyt8A1g/getUpdates "HTTP/1.1 200 OK"
2025-05-08 20:12:43,415 - INFO - HTTP Request: POST https://api.telegram.org/bot7679333451:AAGmlWKFP5uSjmUmuqGR0RIHcmuVoyt8A1g/getUpdates "HTTP/1.1 200 OK"
2025-05-08 20:12:53,600 - INFO - HTTP Request: POST https://api.telegram.org/bot7679333451:AAGmlWKFP5uSjmUmuqGR0RIHcmuVoyt8A1g/getUpdates "HTTP/1.1 200 OK"
2025-05-08 20:13:04,269 - INFO - HTTP Request: POST https://api.telegram.org/bot7679333451:AAGmlWKFP5uSjmUmuqGR0RIHcmuVoyt8A1g/getUpdates "HTTP/1.1 200 OK"
2025-05-08 20:13:14,465 - INFO - HTTP Request: POST https://api.telegram.org/bot7679333451:AAGmlWKFP5uSjmUmuqGR0RIHcmuVoyt8A1g/getUpdates "HTTP/1.1 200 OK"
2025-05-08 20:13:24,659 - INFO - HTTP Request: POST https://api.telegram.org/bot7679333451:AAGmlWKFP5uSjmUmuqGR0RIHcmuVoyt8A1g/getUpdates "HTTP/1.1 200 OK"
2025-05-08 20:13:34,857 - INFO - HTTP Request: POST https://api.telegram.org/bot7679333451:AAGmlWKFP5uSjmUmuqGR0RIHcmuVoyt8A1g/getUpdates "HTTP/1.1 200 OK"
2025-05-08 20:13:45,048 - INFO - HTTP Request: POST https://api.telegram.org/bot7679333451:AAGmlWKFP5uSjmUmuqGR0RIHcmuVoyt8A1g/getUpdates "HTTP/1.1 200 OK"
2025-05-08 20:13:55,243 - INFO - HTTP Request: POST https://api.telegram.org/bot7679333451:AAGmlWKFP5uSjmUmuqGR0RIHcmuVoyt8A1g/getUpdates "HTTP/1.1 200 OK"
2025-05-08 20:14:05,437 - INFO - HTTP Request: POST https://api.telegram.org/bot7679333451:AAGmlWKFP5uSjmUmuqGR0RIHcmuVoyt8A1g/getUpdates "HTTP/1.1 200 OK"
2025-05-08 20:14:15,629 - INFO - HTTP Request: POST https://api.telegram.org/bot7679333451:AAGmlWKFP5uSjmUmuqGR0RIHcmuVoyt8A1g/getUpdates "HTTP/1.1 200 OK"
2025-05-08 20:14:25,832 - INFO - HTTP Request: POST https://api.telegram.org/bot7679333451:AAGmlWKFP5uSjmUmuqGR0RIHcmuVoyt8A1g/getUpdates "HTTP/1.1 200 OK"
2025-05-08 20:14:36,027 - INFO - HTTP Request: POST https://api.telegram.org/bot7679333451:AAGmlWKFP5uSjmUmuqGR0RIHcmuVoyt8A1g/getUpdates "HTTP/1.1 200 OK"
2025-05-08 20:14:46,221 - INFO - HTTP Request: POST https://api.telegram.org/bot7679333451:AAGmlWKFP5uSjmUmuqGR0RIHcmuVoyt8A1g/getUpdates "HTTP/1.1 200 OK"
2025-05-08 20:14:56,417 - INFO - HTTP Request: POST https://api.telegram.org/bot7679333451:AAGmlWKFP5uSjmUmuqGR0RIHcmuVoyt8A1g/getUpdates "HTTP/1.1 200 OK"
2025-05-08 20:15:06,616 - INFO - HTTP Request: POST https://api.telegram.org/bot7679333451:AAGmlWKFP5uSjmUmuqGR0RIHcmuVoyt8A1g/getUpdates "HTTP/1.1 200 OK"
2025-05-08 20:15:16,809 - INFO - HTTP Request: POST https://api.telegram.org/bot7679333451:AAGmlWKFP5uSjmUmuqGR0RIHcmuVoyt8A1g/getUpdates "HTTP/1.1 200 OK"
2025-05-08 20:15:27,004 - INFO - HTTP Request: POST https://api.telegram.org/bot7679333451:AAGmlWKFP5uSjmUmuqGR0RIHcmuVoyt8A1g/getUpdates "HTTP/1.1 200 OK"
2025-05-08 20:15:37,198 - INFO - HTTP Request: POST https://api.telegram.org/bot7679333451:AAGmlWKFP5uSjmUmuqGR0RIHcmuVoyt8A1g/getUpdates "HTTP/1.1 200 OK"
2025-05-08 20:15:47,389 - INFO - HTTP Request: POST https://api.telegram.org/bot7679333451:AAGmlWKFP5uSjmUmuqGR0RIHcmuVoyt8A1g/getUpdates "HTTP/1.1 200 OK"
2025-05-08 20:15:57,596 - INFO - HTTP Request: POST https://api.telegram.org/bot7679333451:AAGmlWKFP5uSjmUmuqGR0RIHcmuVoyt8A1g/getUpdates "HTTP/1.1 200 OK"
2025-05-08 20:16:07,791 - INFO - HTTP Request: POST https://api.telegram.org/bot7679333451:AAGmlWKFP5uSjmUmuqGR0RIHcmuVoyt8A1g/getUpdates "HTTP/1.1 200 OK"
2025-05-08 20:16:17,982 - INFO - HTTP Request: POST https://api.telegram.org/bot7679333451:AAGmlWKFP5uSjmUmuqGR0RIHcmuVoyt8A1g/getUpdates "HTTP/1.1 200 OK"
2025-05-08 20:16:28,177 - INFO - HTTP Request: POST https://api.telegram.org/bot7679333451:AAGmlWKFP5uSjmUmuqGR0RIHcmuVoyt8A1g/getUpdates "HTTP/1.1 200 OK"
2025-05-08 20:16:38,371 - INFO - HTTP Request: POST https://api.telegram.org/bot7679333451:AAGmlWKFP5uSjmUmuqGR0RIHcmuVoyt8A1g/getUpdates "HTTP/1.1 200 OK"
2025-05-08 20:16:48,563 - INFO - HTTP Request: POST https://api.telegram.org/bot7679333451:AAGmlWKFP5uSjmUmuqGR0RIHcmuVoyt8A1g/getUpdates "HTTP/1.1 200 OK"
2025-05-08 20:16:58,762 - INFO - HTTP Request: POST https://api.telegram.org/bot7679333451:AAGmlWKFP5uSjmUmuqGR0RIHcmuVoyt8A1g/getUpdates "HTTP/1.1 200 OK"
2025-05-08 20:17:08,974 - INFO - HTTP Request: POST https://api.telegram.org/bot7679333451:AAGmlWKFP5uSjmUmuqGR0RIHcmuVoyt8A1g/getUpdates "HTTP/1.1 200 OK"
2025-05-08 20:17:19,167 - INFO - HTTP Request: POST https://api.telegram.org/bot7679333451:AAGmlWKFP5uSjmUmuqGR0RIHcmuVoyt8A1g/getUpdates "HTTP/1.1 200 OK"
2025-05-08 20:17:29,374 - INFO - HTTP Request: POST https://api.telegram.org/bot7679333451:AAGmlWKFP5uSjmUmuqGR0RIHcmuVoyt8A1g/getUpdates "HTTP/1.1 200 OK"
2025-05-08 20:17:39,573 - INFO - HTTP Request: POST https://api.telegram.org/bot7679333451:AAGmlWKFP5uSjmUmuqGR0RIHcmuVoyt8A1g/getUpdates "HTTP/1.1 200 OK"
2025-05-08 20:17:49,769 - INFO - HTTP Request: POST https://api.telegram.org/bot7679333451:AAGmlWKFP5uSjmUmuqGR0RIHcmuVoyt8A1g/getUpdates "HTTP/1.1 200 OK"
2025-05-08 20:17:59,963 - INFO - HTTP Request: POST https://api.telegram.org/bot7679333451:AAGmlWKFP5uSjmUmuqGR0RIHcmuVoyt8A1g/getUpdates "HTTP/1.1 200 OK"
2025-05-08 20:18:10,160 - INFO - HTTP Request: POST https://api.telegram.org/bot7679333451:AAGmlWKFP5uSjmUmuqGR0RIHcmuVoyt8A1g/getUpdates "HTTP/1.1 200 OK"
2025-05-08 20:18:20,355 - INFO - HTTP Request: POST https://api.telegram.org/bot7679333451:AAGmlWKFP5uSjmUmuqGR0RIHcmuVoyt8A1g/getUpdates "HTTP/1.1 200 OK"
2025-05-08 20:18:30,552 - INFO - HTTP Request: POST https://api.telegram.org/bot7679333451:AAGmlWKFP5uSjmUmuqGR0RIHcmuVoyt8A1g/getUpdates "HTTP/1.1 200 OK"
2025-05-08 20:18:40,749 - INFO - HTTP Request: POST https://api.telegram.org/bot7679333451:AAGmlWKFP5uSjmUmuqGR0RIHcmuVoyt8A1g/getUpdates "HTTP/1.1 200 OK"
2025-05-08 20:18:50,943 - INFO - HTTP Request: POST https://api.telegram.org/bot7679333451:AAGmlWKFP5uSjmUmuqGR0RIHcmuVoyt8A1g/getUpdates "HTTP/1.1 200 OK"
2025-05-08 20:19:01,135 - INFO - HTTP Request: POST https://api.telegram.org/bot7679333451:AAGmlWKFP5uSjmUmuqGR0RIHcmuVoyt8A1g/getUpdates "HTTP/1.1 200 OK"
2025-05-08 20:19:11,330 - INFO - HTTP Request: POST https://api.telegram.org/bot7679333451:AAGmlWKFP5uSjmUmuqGR0RIHcmuVoyt8A1g/getUpdates "HTTP/1.1 200 OK"
2025-05-08 20:19:21,529 - INFO - HTTP Request: POST https://api.telegram.org/bot7679333451:AAGmlWKFP5uSjmUmuqGR0RIHcmuVoyt8A1g/getUpdates "HTTP/1.1 200 OK"
2025-05-08 20:19:31,744 - INFO - HTTP Request: POST https://api.telegram.org/bot7679333451:AAGmlWKFP5uSjmUmuqGR0RIHcmuVoyt8A1g/getUpdates "HTTP/1.1 200 OK"
2025-05-08 20:19:42,042 - INFO - HTTP Request: POST https://api.telegram.org/bot7679333451:AAGmlWKFP5uSjmUmuqGR0RIHcmuVoyt8A1g/getUpdates "HTTP/1.1 200 OK"
2025-05-08 20:19:52,252 - INFO - HTTP Request: POST https://api.telegram.org/bot7679333451:AAGmlWKFP5uSjmUmuqGR0RIHcmuVoyt8A1g/getUpdates "HTTP/1.1 200 OK"
2025-05-08 20:20:02,446 - INFO - HTTP Request: POST https://api.telegram.org/bot7679333451:AAGmlWKFP5uSjmUmuqGR0RIHcmuVoyt8A1g/getUpdates "HTTP/1.1 200 OK"
2025-05-08 20:20:12,656 - INFO - HTTP Request: POST https://api.telegram.org/bot7679333451:AAGmlWKFP5uSjmUmuqGR0RIHcmuVoyt8A1g/getUpdates "HTTP/1.1 200 OK"
2025-05-08 20:20:22,856 - INFO - HTTP Request: POST https://api.telegram.org/bot7679333451:AAGmlWKFP5uSjmUmuqGR0RIHcmuVoyt8A1g/getUpdates "HTTP/1.1 200 OK"
2025-05-08 20:20:33,055 - INFO - HTTP Request: POST https://api.telegram.org/bot7679333451:AAGmlWKFP5uSjmUmuqGR0RIHcmuVoyt8A1g/getUpdates "HTTP/1.1 200 OK"
2025-05-08 20:20:43,253 - INFO - HTTP Request: POST https://api.telegram.org/bot7679333451:AAGmlWKFP5uSjmUmuqGR0RIHcmuVoyt8A1g/getUpdates "HTTP/1.1 200 OK"
2025-05-08 20:20:53,447 - INFO - HTTP Request: POST https://api.telegram.org/bot7679333451:AAGmlWKFP5uSjmUmuqGR0RIHcmuVoyt8A1g/getUpdates "HTTP/1.1 200 OK"
2025-05-08 20:21:03,642 - INFO - HTTP Request: POST https://api.telegram.org/bot7679333451:AAGmlWKFP5uSjmUmuqGR0RIHcmuVoyt8A1g/getUpdates "HTTP/1.1 200 OK"
2025-05-08 20:21:13,841 - INFO - HTTP Request: POST https://api.telegram.org/bot7679333451:AAGmlWKFP5uSjmUmuqGR0RIHcmuVoyt8A1g/getUpdates "HTTP/1.1 200 OK"
2025-05-08 20:21:24,041 - INFO - HTTP Request: POST https://api.telegram.org/bot7679333451:AAGmlWKFP5uSjmUmuqGR0RIHcmuVoyt8A1g/getUpdates "HTTP/1.1 200 OK"
2025-05-08 20:21:34,237 - INFO - HTTP Request: POST https://api.telegram.org/bot7679333451:AAGmlWKFP5uSjmUmuqGR0RIHcmuVoyt8A1g/getUpdates "HTTP/1.1 200 OK"
2025-05-08 20:21:44,429 - INFO - HTTP Request: POST https://api.telegram.org/bot7679333451:AAGmlWKFP5uSjmUmuqGR0RIHcmuVoyt8A1g/getUpdates "HTTP/1.1 200 OK"
2025-05-08 20:21:54,619 - INFO - HTTP Request: POST https://api.telegram.org/bot7679333451:AAGmlWKFP5uSjmUmuqGR0RIHcmuVoyt8A1g/getUpdates "HTTP/1.1 200 OK"
2025-05-08 20:22:04,815 - INFO - HTTP Request: POST https://api.telegram.org/bot7679333451:AAGmlWKFP5uSjmUmuqGR0RIHcmuVoyt8A1g/getUpdates "HTTP/1.1 200 OK"
2025-05-08 20:22:15,023 - INFO - HTTP Request: POST https://api.telegram.org/bot7679333451:AAGmlWKFP5uSjmUmuqGR0RIHcmuVoyt8A1g/getUpdates "HTTP/1.1 200 OK"
2025-05-08 20:22:25,217 - INFO - HTTP Request: POST https://api.telegram.org/bot7679333451:AAGmlWKFP5uSjmUmuqGR0RIHcmuVoyt8A1g/getUpdates "HTTP/1.1 200 OK"
2025-05-08 20:22:35,414 - INFO - HTTP Request: POST https://api.telegram.org/bot7679333451:AAGmlWKFP5uSjmUmuqGR0RIHcmuVoyt8A1g/getUpdates "HTTP/1.1 200 OK"
2025-05-08 20:22:45,613 - INFO - HTTP Request: POST https://api.telegram.org/bot7679333451:AAGmlWKFP5uSjmUmuqGR0RIHcmuVoyt8A1g/getUpdates "HTTP/1.1 200 OK"
2025-05-08 20:22:55,827 - INFO - HTTP Request: POST https://api.telegram.org/bot7679333451:AAGmlWKFP5uSjmUmuqGR0RIHcmuVoyt8A1g/getUpdates "HTTP/1.1 200 OK"
2025-05-08 20:23:06,048 - INFO - HTTP Request: POST https://api.telegram.org/bot7679333451:AAGmlWKFP5uSjmUmuqGR0RIHcmuVoyt8A1g/getUpdates "HTTP/1.1 200 OK"
2025-05-08 20:23:16,242 - INFO - HTTP Request: POST https://api.telegram.org/bot7679333451:AAGmlWKFP5uSjmUmuqGR0RIHcmuVoyt8A1g/getUpdates "HTTP/1.1 200 OK"
2025-05-08 20:23:26,443 - INFO - HTTP Request: POST https://api.telegram.org/bot7679333451:AAGmlWKFP5uSjmUmuqGR0RIHcmuVoyt8A1g/getUpdates "HTTP/1.1 200 OK"
2025-05-08 20:23:36,683 - INFO - HTTP Request: POST https://api.telegram.org/bot7679333451:AAGmlWKFP5uSjmUmuqGR0RIHcmuVoyt8A1g/getUpdates "HTTP/1.1 200 OK"
2025-05-08 20:23:46,921 - INFO - HTTP Request: POST https://api.telegram.org/bot7679333451:AAGmlWKFP5uSjmUmuqGR0RIHcmuVoyt8A1g/getUpdates "HTTP/1.1 200 OK"
2025-05-08 20:23:57,153 - INFO - HTTP Request: POST https://api.telegram.org/bot7679333451:AAGmlWKFP5uSjmUmuqGR0RIHcmuVoyt8A1g/getUpdates "HTTP/1.1 200 OK"
2025-05-08 20:24:07,386 - INFO - HTTP Request: POST https://api.telegram.org/bot7679333451:AAGmlWKFP5uSjmUmuqGR0RIHcmuVoyt8A1g/getUpdates "HTTP/1.1 200 OK"
2025-05-08 20:24:17,630 - INFO - HTTP Request: POST https://api.telegram.org/bot7679333451:AAGmlWKFP5uSjmUmuqGR0RIHcmuVoyt8A1g/getUpdates "HTTP/1.1 200 OK"
2025-05-08 20:24:27,838 - INFO - HTTP Request: POST https://api.telegram.org/bot7679333451:AAGmlWKFP5uSjmUmuqGR0RIHcmuVoyt8A1g/getUpdates "HTTP/1.1 200 OK"
2025-05-08 20:24:38,046 - INFO - HTTP Request: POST https://api.telegram.org/bot7679333451:AAGmlWKFP5uSjmUmuqGR0RIHcmuVoyt8A1g/getUpdates "HTTP/1.1 200 OK"
2025-05-08 20:24:48,251 - INFO - HTTP Request: POST https://api.telegram.org/bot7679333451:AAGmlWKFP5uSjmUmuqGR0RIHcmuVoyt8A1g/getUpdates "HTTP/1.1 200 OK"
2025-05-08 20:24:58,473 - INFO - HTTP Request: POST https://api.telegram.org/bot7679333451:AAGmlWKFP5uSjmUmuqGR0RIHcmuVoyt8A1g/getUpdates "HTTP/1.1 200 OK"
2025-05-08 20:25:08,680 - INFO - HTTP Request: POST https://api.telegram.org/bot7679333451:AAGmlWKFP5uSjmUmuqGR0RIHcmuVoyt8A1g/getUpdates "HTTP/1.1 200 OK"
2025-05-08 20:25:18,947 - INFO - HTTP Request: POST https://api.telegram.org/bot7679333451:AAGmlWKFP5uSjmUmuqGR0RIHcmuVoyt8A1g/getUpdates "HTTP/1.1 200 OK"
2025-05-08 20:25:29,161 - INFO - HTTP Request: POST https://api.telegram.org/bot7679333451:AAGmlWKFP5uSjmUmuqGR0RIHcmuVoyt8A1g/getUpdates "HTTP/1.1 200 OK"
2025-05-08 20:25:39,363 - INFO - HTTP Request: POST https://api.telegram.org/bot7679333451:AAGmlWKFP5uSjmUmuqGR0RIHcmuVoyt8A1g/getUpdates "HTTP/1.1 200 OK"
2025-05-08 20:25:49,580 - INFO - HTTP Request: POST https://api.telegram.org/bot7679333451:AAGmlWKFP5uSjmUmuqGR0RIHcmuVoyt8A1g/getUpdates "HTTP/1.1 200 OK"
2025-05-08 20:25:59,806 - INFO - HTTP Request: POST https://api.telegram.org/bot7679333451:AAGmlWKFP5uSjmUmuqGR0RIHcmuVoyt8A1g/getUpdates "HTTP/1.1 200 OK"
2025-05-08 20:26:10,028 - INFO - HTTP Request: POST https://api.telegram.org/bot7679333451:AAGmlWKFP5uSjmUmuqGR0RIHcmuVoyt8A1g/getUpdates "HTTP/1.1 200 OK"
2025-05-08 20:26:20,253 - INFO - HTTP Request: POST https://api.telegram.org/bot7679333451:AAGmlWKFP5uSjmUmuqGR0RIHcmuVoyt8A1g/getUpdates "HTTP/1.1 200 OK"
2025-05-08 20:26:30,464 - INFO - HTTP Request: POST https://api.telegram.org/bot7679333451:AAGmlWKFP5uSjmUmuqGR0RIHcmuVoyt8A1g/getUpdates "HTTP/1.1 200 OK"
2025-05-08 20:26:40,662 - INFO - HTTP Request: POST https://api.telegram.org/bot7679333451:AAGmlWKFP5uSjmUmuqGR0RIHcmuVoyt8A1g/getUpdates "HTTP/1.1 200 OK"
2025-05-08 20:26:50,861 - INFO - HTTP Request: POST https://api.telegram.org/bot7679333451:AAGmlWKFP5uSjmUmuqGR0RIHcmuVoyt8A1g/getUpdates "HTTP/1.1 200 OK"
2025-05-08 20:27:01,076 - INFO - HTTP Request: POST https://api.telegram.org/bot7679333451:AAGmlWKFP5uSjmUmuqGR0RIHcmuVoyt8A1g/getUpdates "HTTP/1.1 200 OK"
2025-05-08 20:27:11,280 - INFO - HTTP Request: POST https://api.telegram.org/bot7679333451:AAGmlWKFP5uSjmUmuqGR0RIHcmuVoyt8A1g/getUpdates "HTTP/1.1 200 OK"
2025-05-08 20:27:21,483 - INFO - HTTP Request: POST https://api.telegram.org/bot7679333451:AAGmlWKFP5uSjmUmuqGR0RIHcmuVoyt8A1g/getUpdates "HTTP/1.1 200 OK"
2025-05-08 20:27:31,681 - INFO - HTTP Request: POST https://api.telegram.org/bot7679333451:AAGmlWKFP5uSjmUmuqGR0RIHcmuVoyt8A1g/getUpdates "HTTP/1.1 200 OK"
2025-05-08 20:27:41,874 - INFO - HTTP Request: POST https://api.telegram.org/bot7679333451:AAGmlWKFP5uSjmUmuqGR0RIHcmuVoyt8A1g/getUpdates "HTTP/1.1 200 OK"
2025-05-08 20:27:52,082 - INFO - HTTP Request: POST https://api.telegram.org/bot7679333451:AAGmlWKFP5uSjmUmuqGR0RIHcmuVoyt8A1g/getUpdates "HTTP/1.1 200 OK"
2025-05-08 20:28:02,280 - INFO - HTTP Request: POST https://api.telegram.org/bot7679333451:AAGmlWKFP5uSjmUmuqGR0RIHcmuVoyt8A1g/getUpdates "HTTP/1.1 200 OK"
2025-05-08 20:28:12,476 - INFO - HTTP Request: POST https://api.telegram.org/bot7679333451:AAGmlWKFP5uSjmUmuqGR0RIHcmuVoyt8A1g/getUpdates "HTTP/1.1 200 OK"
2025-05-08 20:28:22,676 - INFO - HTTP Request: POST https://api.telegram.org/bot7679333451:AAGmlWKFP5uSjmUmuqGR0RIHcmuVoyt8A1g/getUpdates "HTTP/1.1 200 OK"
2025-05-08 20:28:32,878 - INFO - HTTP Request: POST https://api.telegram.org/bot7679333451:AAGmlWKFP5uSjmUmuqGR0RIHcmuVoyt8A1g/getUpdates "HTTP/1.1 200 OK"
2025-05-08 20:28:43,079 - INFO - HTTP Request: POST https://api.telegram.org/bot7679333451:AAGmlWKFP5uSjmUmuqGR0RIHcmuVoyt8A1g/getUpdates "HTTP/1.1 200 OK"
2025-05-08 20:28:53,288 - INFO - HTTP Request: POST https://api.telegram.org/bot7679333451:AAGmlWKFP5uSjmUmuqGR0RIHcmuVoyt8A1g/getUpdates "HTTP/1.1 200 OK"
2025-05-08 20:29:03,488 - INFO - HTTP Request: POST https://api.telegram.org/bot7679333451:AAGmlWKFP5uSjmUmuqGR0RIHcmuVoyt8A1g/getUpdates "HTTP/1.1 200 OK"
2025-05-08 20:29:13,693 - INFO - HTTP Request: POST https://api.telegram.org/bot7679333451:AAGmlWKFP5uSjmUmuqGR0RIHcmuVoyt8A1g/getUpdates "HTTP/1.1 200 OK"
2025-05-08 20:29:23,909 - INFO - HTTP Request: POST https://api.telegram.org/bot7679333451:AAGmlWKFP5uSjmUmuqGR0RIHcmuVoyt8A1g/getUpdates "HTTP/1.1 200 OK"
2025-05-08 20:29:34,107 - INFO - HTTP Request: POST https://api.telegram.org/bot7679333451:AAGmlWKFP5uSjmUmuqGR0RIHcmuVoyt8A1g/getUpdates "HTTP/1.1 200 OK"
2025-05-08 20:29:44,328 - INFO - HTTP Request: POST https://api.telegram.org/bot7679333451:AAGmlWKFP5uSjmUmuqGR0RIHcmuVoyt8A1g/getUpdates "HTTP/1.1 200 OK"
2025-05-08 20:29:54,573 - INFO - HTTP Request: POST https://api.telegram.org/bot7679333451:AAGmlWKFP5uSjmUmuqGR0RIHcmuVoyt8A1g/getUpdates "HTTP/1.1 200 OK"
2025-05-08 20:30:05,341 - INFO - HTTP Request: POST https://api.telegram.org/bot7679333451:AAGmlWKFP5uSjmUmuqGR0RIHcmuVoyt8A1g/getUpdates "HTTP/1.1 200 OK"
2025-05-08 20:30:15,589 - INFO - HTTP Request: POST https://api.telegram.org/bot7679333451:AAGmlWKFP5uSjmUmuqGR0RIHcmuVoyt8A1g/getUpdates "HTTP/1.1 200 OK"
2025-05-08 20:30:25,834 - INFO - HTTP Request: POST https://api.telegram.org/bot7679333451:AAGmlWKFP5uSjmUmuqGR0RIHcmuVoyt8A1g/getUpdates "HTTP/1.1 200 OK"
2025-05-08 20:30:36,081 - INFO - HTTP Request: POST https://api.telegram.org/bot7679333451:AAGmlWKFP5uSjmUmuqGR0RIHcmuVoyt8A1g/getUpdates "HTTP/1.1 200 OK"
2025-05-08 20:30:46,316 - INFO - HTTP Request: POST https://api.telegram.org/bot7679333451:AAGmlWKFP5uSjmUmuqGR0RIHcmuVoyt8A1g/getUpdates "HTTP/1.1 200 OK"
2025-05-08 20:30:56,559 - INFO - HTTP Request: POST https://api.telegram.org/bot7679333451:AAGmlWKFP5uSjmUmuqGR0RIHcmuVoyt8A1g/getUpdates "HTTP/1.1 200 OK"
2025-05-08 20:31:06,798 - INFO - HTTP Request: POST https://api.telegram.org/bot7679333451:AAGmlWKFP5uSjmUmuqGR0RIHcmuVoyt8A1g/getUpdates "HTTP/1.1 200 OK"
2025-05-08 20:31:17,010 - INFO - HTTP Request: POST https://api.telegram.org/bot7679333451:AAGmlWKFP5uSjmUmuqGR0RIHcmuVoyt8A1g/getUpdates "HTTP/1.1 200 OK"
2025-05-08 20:31:27,266 - INFO - HTTP Request: POST https://api.telegram.org/bot7679333451:AAGmlWKFP5uSjmUmuqGR0RIHcmuVoyt8A1g/getUpdates "HTTP/1.1 200 OK"
2025-05-08 20:31:37,524 - INFO - HTTP Request: POST https://api.telegram.org/bot7679333451:AAGmlWKFP5uSjmUmuqGR0RIHcmuVoyt8A1g/getUpdates "HTTP/1.1 200 OK"
2025-05-08 20:31:47,745 - INFO - HTTP Request: POST https://api.telegram.org/bot7679333451:AAGmlWKFP5uSjmUmuqGR0RIHcmuVoyt8A1g/getUpdates "HTTP/1.1 200 OK"
2025-05-08 20:31:58,005 - INFO - HTTP Request: POST https://api.telegram.org/bot7679333451:AAGmlWKFP5uSjmUmuqGR0RIHcmuVoyt8A1g/getUpdates "HTTP/1.1 200 OK"
2025-05-08 20:32:08,244 - INFO - HTTP Request: POST https://api.telegram.org/bot7679333451:AAGmlWKFP5uSjmUmuqGR0RIHcmuVoyt8A1g/getUpdates "HTTP/1.1 200 OK"
2025-05-08 20:32:18,457 - INFO - HTTP Request: POST https://api.telegram.org/bot7679333451:AAGmlWKFP5uSjmUmuqGR0RIHcmuVoyt8A1g/getUpdates "HTTP/1.1 200 OK"
2025-05-08 20:32:28,679 - INFO - HTTP Request: POST https://api.telegram.org/bot7679333451:AAGmlWKFP5uSjmUmuqGR0RIHcmuVoyt8A1g/getUpdates "HTTP/1.1 200 OK"
2025-05-08 20:32:38,906 - INFO - HTTP Request: POST https://api.telegram.org/bot7679333451:AAGmlWKFP5uSjmUmuqGR0RIHcmuVoyt8A1g/getUpdates "HTTP/1.1 200 OK"
2025-05-08 20:32:49,099 - INFO - HTTP Request: POST https://api.telegram.org/bot7679333451:AAGmlWKFP5uSjmUmuqGR0RIHcmuVoyt8A1g/getUpdates "HTTP/1.1 200 OK"
2025-05-08 20:32:59,295 - INFO - HTTP Request: POST https://api.telegram.org/bot7679333451:AAGmlWKFP5uSjmUmuqGR0RIHcmuVoyt8A1g/getUpdates "HTTP/1.1 200 OK"
2025-05-08 20:33:09,492 - INFO - HTTP Request: POST https://api.telegram.org/bot7679333451:AAGmlWKFP5uSjmUmuqGR0RIHcmuVoyt8A1g/getUpdates "HTTP/1.1 200 OK"
2025-05-08 20:33:19,703 - INFO - HTTP Request: POST https://api.telegram.org/bot7679333451:AAGmlWKFP5uSjmUmuqGR0RIHcmuVoyt8A1g/getUpdates "HTTP/1.1 200 OK"
2025-05-08 20:33:29,909 - INFO - HTTP Request: POST https://api.telegram.org/bot7679333451:AAGmlWKFP5uSjmUmuqGR0RIHcmuVoyt8A1g/getUpdates "HTTP/1.1 200 OK"
2025-05-08 20:33:40,129 - INFO - HTTP Request: POST https://api.telegram.org/bot7679333451:AAGmlWKFP5uSjmUmuqGR0RIHcmuVoyt8A1g/getUpdates "HTTP/1.1 200 OK"
2025-05-08 20:33:50,326 - INFO - HTTP Request: POST https://api.telegram.org/bot7679333451:AAGmlWKFP5uSjmUmuqGR0RIHcmuVoyt8A1g/getUpdates "HTTP/1.1 200 OK"
2025-05-08 20:34:00,537 - INFO - HTTP Request: POST https://api.telegram.org/bot7679333451:AAGmlWKFP5uSjmUmuqGR0RIHcmuVoyt8A1g/getUpdates "HTTP/1.1 200 OK"
2025-05-08 20:34:10,733 - INFO - HTTP Request: POST https://api.telegram.org/bot7679333451:AAGmlWKFP5uSjmUmuqGR0RIHcmuVoyt8A1g/getUpdates "HTTP/1.1 200 OK"
2025-05-08 20:34:20,949 - INFO - HTTP Request: POST https://api.telegram.org/bot7679333451:AAGmlWKFP5uSjmUmuqGR0RIHcmuVoyt8A1g/getUpdates "HTTP/1.1 200 OK"
2025-05-08 20:34:31,149 - INFO - HTTP Request: POST https://api.telegram.org/bot7679333451:AAGmlWKFP5uSjmUmuqGR0RIHcmuVoyt8A1g/getUpdates "HTTP/1.1 200 OK"
2025-05-08 20:34:41,350 - INFO - HTTP Request: POST https://api.telegram.org/bot7679333451:AAGmlWKFP5uSjmUmuqGR0RIHcmuVoyt8A1g/getUpdates "HTTP/1.1 200 OK"
2025-05-08 20:34:51,547 - INFO - HTTP Request: POST https://api.telegram.org/bot7679333451:AAGmlWKFP5uSjmUmuqGR0RIHcmuVoyt8A1g/getUpdates "HTTP/1.1 200 OK"
2025-05-08 20:35:01,741 - INFO - HTTP Request: POST https://api.telegram.org/bot7679333451:AAGmlWKFP5uSjmUmuqGR0RIHcmuVoyt8A1g/getUpdates "HTTP/1.1 200 OK"
2025-05-08 20:35:11,938 - INFO - HTTP Request: POST https://api.telegram.org/bot7679333451:AAGmlWKFP5uSjmUmuqGR0RIHcmuVoyt8A1g/getUpdates "HTTP/1.1 200 OK"
2025-05-08 20:35:22,135 - INFO - HTTP Request: POST https://api.telegram.org/bot7679333451:AAGmlWKFP5uSjmUmuqGR0RIHcmuVoyt8A1g/getUpdates "HTTP/1.1 200 OK"
2025-05-08 20:35:32,342 - INFO - HTTP Request: POST https://api.telegram.org/bot7679333451:AAGmlWKFP5uSjmUmuqGR0RIHcmuVoyt8A1g/getUpdates "HTTP/1.1 200 OK"
2025-05-08 20:35:42,539 - INFO - HTTP Request: POST https://api.telegram.org/bot7679333451:AAGmlWKFP5uSjmUmuqGR0RIHcmuVoyt8A1g/getUpdates "HTTP/1.1 200 OK"
2025-05-08 20:35:52,744 - INFO - HTTP Request: POST https://api.telegram.org/bot7679333451:AAGmlWKFP5uSjmUmuqGR0RIHcmuVoyt8A1g/getUpdates "HTTP/1.1 200 OK"
2025-05-08 20:36:02,938 - INFO - HTTP Request: POST https://api.telegram.org/bot7679333451:AAGmlWKFP5uSjmUmuqGR0RIHcmuVoyt8A1g/getUpdates "HTTP/1.1 200 OK"
2025-05-08 20:36:13,131 - INFO - HTTP Request: POST https://api.telegram.org/bot7679333451:AAGmlWKFP5uSjmUmuqGR0RIHcmuVoyt8A1g/getUpdates "HTTP/1.1 200 OK"
2025-05-08 20:36:23,327 - INFO - HTTP Request: POST https://api.telegram.org/bot7679333451:AAGmlWKFP5uSjmUmuqGR0RIHcmuVoyt8A1g/getUpdates "HTTP/1.1 200 OK"
2025-05-08 20:36:33,526 - INFO - HTTP Request: POST https://api.telegram.org/bot7679333451:AAGmlWKFP5uSjmUmuqGR0RIHcmuVoyt8A1g/getUpdates "HTTP/1.1 200 OK"
2025-05-08 20:36:43,728 - INFO - HTTP Request: POST https://api.telegram.org/bot7679333451:AAGmlWKFP5uSjmUmuqGR0RIHcmuVoyt8A1g/getUpdates "HTTP/1.1 200 OK"
2025-05-08 20:36:53,920 - INFO - HTTP Request: POST https://api.telegram.org/bot7679333451:AAGmlWKFP5uSjmUmuqGR0RIHcmuVoyt8A1g/getUpdates "HTTP/1.1 200 OK"
2025-05-08 20:37:04,115 - INFO - HTTP Request: POST https://api.telegram.org/bot7679333451:AAGmlWKFP5uSjmUmuqGR0RIHcmuVoyt8A1g/getUpdates "HTTP/1.1 200 OK"
